-- phpMyAdmin SQL Dump
-- version 4.8.0
-- https://www.phpmyadmin.net/
--
-- Host: 127.0.0.1:3307
-- Generation Time: Dec 03, 2019 at 04:59 AM
-- Server version: 10.1.31-MariaDB
-- PHP Version: 7.2.4

SET SQL_MODE = "NO_AUTO_VALUE_ON_ZERO";
SET AUTOCOMMIT = 0;
START TRANSACTION;
SET time_zone = "+00:00";


/*!40101 SET @OLD_CHARACTER_SET_CLIENT=@@CHARACTER_SET_CLIENT */;
/*!40101 SET @OLD_CHARACTER_SET_RESULTS=@@CHARACTER_SET_RESULTS */;
/*!40101 SET @OLD_COLLATION_CONNECTION=@@COLLATION_CONNECTION */;
/*!40101 SET NAMES utf8mb4 */;

--
-- Database: `land`
--

-- --------------------------------------------------------

--
-- Table structure for table `applications`
--

CREATE TABLE `applications` (
  `id` bigint(20) UNSIGNED NOT NULL,
  `tracking_no` bigint(20) UNSIGNED NOT NULL DEFAULT '0',
  `name` varchar(100) COLLATE utf8mb4_unicode_ci NOT NULL,
  `father_name` varchar(100) COLLATE utf8mb4_unicode_ci NOT NULL,
  `mother_name` varchar(100) COLLATE utf8mb4_unicode_ci NOT NULL,
  `present_division_id` smallint(5) UNSIGNED NOT NULL DEFAULT '0',
  `present_district_id` smallint(5) UNSIGNED NOT NULL DEFAULT '0',
  `present_upazila_id` smallint(5) UNSIGNED NOT NULL DEFAULT '0',
  `present_union_id` smallint(5) UNSIGNED NOT NULL DEFAULT '0',
  `present_village_id` text COLLATE utf8mb4_unicode_ci,
  `present_post_code_id` smallint(5) UNSIGNED NOT NULL DEFAULT '0',
  `permanent_division_id` smallint(5) UNSIGNED NOT NULL DEFAULT '0',
  `permanent_district_id` smallint(5) UNSIGNED NOT NULL DEFAULT '0',
  `permanent_upazila_id` smallint(5) UNSIGNED NOT NULL DEFAULT '0',
  `permanent_union_id` smallint(5) UNSIGNED NOT NULL DEFAULT '0',
  `permanent_village_id` text COLLATE utf8mb4_unicode_ci,
  `permanent_post_code_id` smallint(5) UNSIGNED NOT NULL DEFAULT '0',
  `batch_no` smallint(5) UNSIGNED NOT NULL DEFAULT '0',
  `session_id` smallint(5) UNSIGNED NOT NULL DEFAULT '0',
  `national_id` bigint(20) UNSIGNED NOT NULL DEFAULT '0',
  `skill_summary` text COLLATE utf8mb4_unicode_ci,
  `it_knowledge` text COLLATE utf8mb4_unicode_ci,
  `communication_skill` text COLLATE utf8mb4_unicode_ci,
  `training_subject_description` text COLLATE utf8mb4_unicode_ci,
  `is_self_employed` varchar(191) COLLATE utf8mb4_unicode_ci DEFAULT NULL,
  `interested_work_description` text COLLATE utf8mb4_unicode_ci,
  `gender` varchar(191) COLLATE utf8mb4_unicode_ci NOT NULL,
  `date_of_birth` date NOT NULL,
  `educational_qualification` varchar(191) COLLATE utf8mb4_unicode_ci DEFAULT NULL,
  `blood_group` varchar(191) COLLATE utf8mb4_unicode_ci DEFAULT NULL,
  `religion` varchar(191) COLLATE utf8mb4_unicode_ci NOT NULL,
  `nationality` varchar(191) COLLATE utf8mb4_unicode_ci NOT NULL,
  `contact_no` varchar(13) COLLATE utf8mb4_unicode_ci NOT NULL,
  `email` varchar(191) COLLATE utf8mb4_unicode_ci DEFAULT NULL,
  `img` varchar(191) COLLATE utf8mb4_unicode_ci NOT NULL DEFAULT '0',
  `file_name` varchar(191) COLLATE utf8mb4_unicode_ci NOT NULL,
  `status` tinyint(4) NOT NULL DEFAULT '3' COMMENT '0=Pending, 1=Delete, 2=Inactive, 3=active, 4=PreviousActive',
  `created_at` timestamp NULL DEFAULT NULL,
  `updated_at` timestamp NULL DEFAULT NULL
) ENGINE=InnoDB DEFAULT CHARSET=utf8mb4 COLLATE=utf8mb4_unicode_ci;

--
-- Dumping data for table `applications`
--

INSERT INTO `applications` (`id`, `tracking_no`, `name`, `father_name`, `mother_name`, `present_division_id`, `present_district_id`, `present_upazila_id`, `present_union_id`, `present_village_id`, `present_post_code_id`, `permanent_division_id`, `permanent_district_id`, `permanent_upazila_id`, `permanent_union_id`, `permanent_village_id`, `permanent_post_code_id`, `batch_no`, `session_id`, `national_id`, `skill_summary`, `it_knowledge`, `communication_skill`, `training_subject_description`, `is_self_employed`, `interested_work_description`, `gender`, `date_of_birth`, `educational_qualification`, `blood_group`, `religion`, `nationality`, `contact_no`, `email`, `img`, `file_name`, `status`, `created_at`, `updated_at`) VALUES
(1, 243, 'dfdss', 'sdfsdf', 'dsfsdf', 1, 2, 3, 43, 'safdzf', 3222, 1, 2, 3, 4, 'dsafdsf', 3223, 1, 2, 124324233232432432, 'dsfsfs', 'dsfsdf', 'sdfsdfds', 'dsfdsf', '1', 'dsfds', '2', '2019-09-25', '2', '2', '1', 'bd', '01922222122', 'dsdqwfd@fdds.com', 'sds', 'sdsd', 3, NULL, NULL),
(2, 24, 'dfdss', 'sdfsdf', 'dsfsdf', 1, 2, 3, 43, 'safdzf', 3222, 1, 2, 3, 4, 'dsafdsf', 3223, 1, 2, 324324233212432432, 'dsfsfs', 'dsfsdf', 'sdfsdfds', 'dsfdsf', '1', 'dsfds', '2', '2019-09-25', '2', '2', '1', 'bd', '01922222122', 'dsdfd@fddss.com', 'sds', 'sdsd', 3, NULL, NULL),
(3, 4, 'dfdss', 'sdfsdf', 'dsfsdf', 1, 2, 3, 43, 'safdzf', 3241, 1, 2, 3, 4, 'dsafdsf', 3223, 1, 2, 324324233232432432, 'dsfsfs', 'dsfsdf', 'sdfsdfds', 'dsfdsf', '1', 'dsfds', '2', '2019-09-25', '2', '2', '1', 'bd', '01922223222', 'dsdftd@fdds.com', 'sds', 'sdsd', 3, NULL, NULL),
(4, 2, 'dfdss', 'sdfsdf', 'dsfsdf', 1, 2, 3, 43, 'safdzf', 3222, 1, 2, 3, 4, 'dsafdsf', 3223, 1, 2, 324324233232442432, 'dsfsfs', 'dsfsdf', 'sdfsdfds', 'dsfdsf', '1', 'dsfds', '2', '2019-09-25', '2', '2', '1', 'bd', '01922242222', 'dsdfsd@fdds.com', 'sds', 'sdsd', 3, NULL, NULL),
(5, 4, 'dfdss', 'sdfsdf', 'dsfsdf', 2, 2, 3, 43, 'safdzf', 3222, 1, 2, 3, 4, 'dsafdsf', 3223, 1, 2, 324324233532432432, 'dsfsfs', 'dsfsdf', 'sdfsdfds', 'dsfdsf', '1', 'dsfds', '2', '2019-09-25', '2', '2', '1', 'bd', '01922225222', 'dsdqfd@fdds.com', 'sds', 'sdsd', 3, NULL, NULL),
(6, 5, 'dfdss', 'sdfsdf', 'dsfsdf', 3, 2, 3, 43, 'safdzf', 3222, 1, 2, 3, 4, 'dsafdsf', 3223, 1, 2, 324324233236432432, 'dsfsfs', 'dsfsdf', 'sdfsdfds', 'dsfdsf', '1', 'dsfds', '2', '2019-09-25', '2', '2', '1', 'bd', '01922226222', 'dsdftd@fdds.com', 'sds', 'sdsd', 3, NULL, NULL),
(7, 6, 'dfdss', 'sdfsdf', 'dsfsdf', 1, 2, 3, 43, 'safdzf', 3241, 1, 2, 3, 4, 'dsafdsf', 3223, 1, 2, 324324233272462432, 'dsfsfs', 'dsfsdf', 'sdfsdfds', 'dsfdsf', '1', 'dsfds', '2', '2019-09-25', '2', '2', '1', 'bd', '01922222722', 'dsdrfd@fdds.com', 'sds', 'sdsd', 3, NULL, NULL),
(8, 7, 'dfdss', 'sdfsdf', 'dsfsdf', 4, 2, 3, 43, 'safdzf', 3222, 1, 2, 3, 4, 'dsafdsf', 3223, 1, 2, 324324233282432432, 'dsfsfs', 'dsfsdf', 'sdfsdfds', 'dsfdsf', '1', 'dsfds', '2', '2019-09-25', '2', '2', '1', 'bd', '01922222822', 'dsddfd@fdds.com', 'sds', 'sdsd', 3, NULL, NULL),
(9, 8, 'dfdss', 'sdfsdf', 'dsfsdf', 5, 2, 3, 43, 'safdzf', 3241, 1, 2, 3, 4, 'dsafdsf', 3223, 1, 2, 324324233232432932, 'dsfsfs', 'dsfsdf', 'sdfsdfds', 'dsfdsf', '1', 'dsfds', '2', '2019-09-25', '2', '2', '1', 'bd', '01922222922', 'dassdfd@fdds.com', 'sds', 'sdsd', 3, NULL, NULL),
(10, 12, 'dfdss', 'sdfsdf', 'dsfsdf', 4, 2, 3, 43, 'safdzf', 3222, 6, 2, 3, 4, 'dsafdsf', 3223, 1, 2, 324324233222432432, 'dsfsfs', 'dsfsdf', 'sdfsdfds', 'dsfdsf', '1', 'dsfds', '2', '2019-09-25', '2', '2', '1', 'bd', '01922332222', 'dsdafd@fdds.com', 'sds', 'sdsd', 3, NULL, NULL);

-- --------------------------------------------------------

--
-- Table structure for table `attachments`
--

CREATE TABLE `attachments` (
  `id` bigint(20) UNSIGNED NOT NULL,
  `tracking_no` bigint(20) UNSIGNED NOT NULL DEFAULT '0',
  `name` varchar(100) COLLATE utf8mb4_unicode_ci NOT NULL,
  `father_name` varchar(100) COLLATE utf8mb4_unicode_ci NOT NULL,
  `man_woman_attachment` varchar(100) COLLATE utf8mb4_unicode_ci NOT NULL,
  `present_division_id` smallint(5) UNSIGNED NOT NULL DEFAULT '0',
  `present_district_id` smallint(5) UNSIGNED NOT NULL DEFAULT '0',
  `present_upazila_id` smallint(5) UNSIGNED NOT NULL DEFAULT '0',
  `present_union_id` smallint(5) UNSIGNED NOT NULL DEFAULT '0',
  `present_village_id` text COLLATE utf8mb4_unicode_ci,
  `present_post_code_id` text COLLATE utf8mb4_unicode_ci NOT NULL,
  `attached_office` smallint(5) UNSIGNED NOT NULL DEFAULT '0',
  `joining_date` date NOT NULL,
  `last_joining_date` date NOT NULL,
  `recived_money` double(8,2) NOT NULL,
  `drop_out` varchar(191) COLLATE utf8mb4_unicode_ci NOT NULL,
  `status` tinyint(4) NOT NULL DEFAULT '3' COMMENT '0=Pending, 1=Delete, 2=Inactive, 3=active, 4=PreviousActive',
  `created_at` timestamp NULL DEFAULT NULL,
  `updated_at` timestamp NULL DEFAULT NULL
) ENGINE=InnoDB DEFAULT CHARSET=utf8mb4 COLLATE=utf8mb4_unicode_ci;

-- --------------------------------------------------------

--
-- Table structure for table `batch_numbers`
--

CREATE TABLE `batch_numbers` (
  `id` bigint(20) UNSIGNED NOT NULL,
  `title_eng` varchar(191) COLLATE utf8mb4_unicode_ci NOT NULL,
  `title_bng` varchar(191) COLLATE utf8mb4_unicode_ci NOT NULL,
  `status` tinyint(4) NOT NULL DEFAULT '3' COMMENT '0=Pending, 1=Delete, 2=Inactive, 3=active, 4=PreviousActive',
  `created_by` int(11) DEFAULT NULL,
  `modified_by` int(11) DEFAULT NULL,
  `created_at` timestamp NULL DEFAULT NULL,
  `updated_at` timestamp NULL DEFAULT NULL
) ENGINE=InnoDB DEFAULT CHARSET=utf8mb4 COLLATE=utf8mb4_unicode_ci;

--
-- Dumping data for table `batch_numbers`
--

INSERT INTO `batch_numbers` (`id`, `title_eng`, `title_bng`, `status`, `created_by`, `modified_by`, `created_at`, `updated_at`) VALUES
(1, 'Batch -1', 'ব্যাচ নং -১', 3, NULL, NULL, NULL, NULL),
(2, 'Batch -2', 'ব্যাচ নং -২', 3, NULL, NULL, NULL, NULL),
(3, 'Batch -3', 'ব্যাচ নং -৩', 3, NULL, NULL, NULL, NULL),
(4, 'Batch -4', 'ব্যাচ নং -৪', 3, NULL, NULL, NULL, NULL);

-- --------------------------------------------------------

--
-- Table structure for table `blood_groups`
--

CREATE TABLE `blood_groups` (
  `id` bigint(20) UNSIGNED NOT NULL,
  `title_eng` varchar(191) COLLATE utf8mb4_unicode_ci NOT NULL,
  `title_bng` varchar(191) COLLATE utf8mb4_unicode_ci NOT NULL,
  `status` tinyint(4) NOT NULL DEFAULT '3' COMMENT '0=Pending, 1=Delete, 2=Inactive, 3=active, 4=PreviousActive',
  `created_by` int(11) DEFAULT NULL,
  `modified_by` int(11) DEFAULT NULL,
  `created_at` timestamp NULL DEFAULT NULL,
  `updated_at` timestamp NULL DEFAULT NULL
) ENGINE=InnoDB DEFAULT CHARSET=utf8mb4 COLLATE=utf8mb4_unicode_ci;

--
-- Dumping data for table `blood_groups`
--

INSERT INTO `blood_groups` (`id`, `title_eng`, `title_bng`, `status`, `created_by`, `modified_by`, `created_at`, `updated_at`) VALUES
(1, 'A Positive', 'এ-প্রোজেটিভ', 3, NULL, NULL, NULL, NULL),
(2, 'B Positive', 'বি-প্রোজেটিভ', 3, NULL, NULL, NULL, NULL),
(3, 'O Positive', 'ও-প্রোজেটিভ', 3, NULL, NULL, NULL, NULL),
(4, 'AB Positive', 'এবি-প্রোজেটিভ', 3, NULL, NULL, NULL, NULL),
(5, 'A Negative', 'এ-নেগেটিভ', 3, NULL, NULL, NULL, NULL),
(6, 'B Negative', 'বি-নেগেটিভ', 3, NULL, NULL, NULL, NULL),
(7, 'O Negative', 'ও-নেগেটিভ', 3, NULL, NULL, NULL, NULL),
(8, 'AB Negative', 'এবি-নেগেটিভ', 3, NULL, NULL, NULL, NULL);

-- --------------------------------------------------------

--
-- Table structure for table `educational_qualifications`
--

CREATE TABLE `educational_qualifications` (
  `id` bigint(20) UNSIGNED NOT NULL,
  `title_eng` varchar(191) COLLATE utf8mb4_unicode_ci NOT NULL,
  `title_bng` varchar(191) COLLATE utf8mb4_unicode_ci NOT NULL,
  `status` tinyint(4) NOT NULL DEFAULT '3' COMMENT '0=Pending, 1=Delete, 2=Inactive, 3=active, 4=PreviousActive',
  `created_by` int(11) DEFAULT NULL,
  `modified_by` int(11) DEFAULT NULL,
  `created_at` timestamp NULL DEFAULT NULL,
  `updated_at` timestamp NULL DEFAULT NULL
) ENGINE=InnoDB DEFAULT CHARSET=utf8mb4 COLLATE=utf8mb4_unicode_ci;

--
-- Dumping data for table `educational_qualifications`
--

INSERT INTO `educational_qualifications` (`id`, `title_eng`, `title_bng`, `status`, `created_by`, `modified_by`, `created_at`, `updated_at`) VALUES
(1, 'JSC/JDC', 'জেএসসি/ জিডিসি', 3, NULL, NULL, NULL, NULL),
(2, 'SSC/Dakhal', 'এসএসসি/দাখিল', 3, NULL, NULL, NULL, NULL),
(3, 'HSC/Alim', 'এইচএসসি/আলিম', 3, NULL, NULL, NULL, NULL),
(4, 'Deploma', 'ডিপ্লোমা', 3, NULL, NULL, NULL, NULL),
(5, 'BSC/BBA/Bcom', 'বিএসসি/বিবিএ/বিকম', 3, NULL, NULL, NULL, NULL),
(6, 'MSC/MBA/Master', 'এমএসসি/এমবিএ/মাস্টার', 3, NULL, NULL, NULL, NULL);

-- --------------------------------------------------------

--
-- Table structure for table `genders`
--

CREATE TABLE `genders` (
  `id` bigint(20) UNSIGNED NOT NULL,
  `title_eng` varchar(191) COLLATE utf8mb4_unicode_ci NOT NULL,
  `title_bng` varchar(191) COLLATE utf8mb4_unicode_ci NOT NULL,
  `status` tinyint(4) NOT NULL DEFAULT '3' COMMENT '0=Pending, 1=Delete, 2=Inactive, 3=active, 4=PreviousActive',
  `created_by` int(11) DEFAULT NULL,
  `modified_by` int(11) DEFAULT NULL,
  `created_at` timestamp NULL DEFAULT NULL,
  `updated_at` timestamp NULL DEFAULT NULL
) ENGINE=InnoDB DEFAULT CHARSET=utf8mb4 COLLATE=utf8mb4_unicode_ci;

--
-- Dumping data for table `genders`
--

INSERT INTO `genders` (`id`, `title_eng`, `title_bng`, `status`, `created_by`, `modified_by`, `created_at`, `updated_at`) VALUES
(1, 'Male', 'পুরুষ', 3, NULL, NULL, NULL, NULL),
(2, 'Female', 'মহিলা', 3, NULL, NULL, NULL, NULL),
(3, 'Other', 'অন্যান্য', 3, NULL, NULL, NULL, NULL);

-- --------------------------------------------------------

--
-- Table structure for table `geo_districts`
--

CREATE TABLE `geo_districts` (
  `id` int(10) UNSIGNED NOT NULL,
  `geo_division_id` tinyint(3) UNSIGNED NOT NULL,
  `division_bbs_code` tinyint(3) UNSIGNED DEFAULT NULL,
  `district_name_eng` varchar(50) COLLATE utf8mb4_unicode_ci NOT NULL,
  `district_name_bng` varchar(100) COLLATE utf8mb4_unicode_ci NOT NULL,
  `bbs_code` varchar(4) COLLATE utf8mb4_unicode_ci NOT NULL,
  `status` tinyint(4) NOT NULL DEFAULT '3' COMMENT '0=Pending, 1=Delete, 2=Inactive, 3=active, 4=PreviousActive',
  `created_by` int(11) DEFAULT NULL,
  `modified_by` int(11) DEFAULT NULL,
  `created_at` datetime DEFAULT NULL,
  `updated_at` datetime DEFAULT NULL
) ENGINE=InnoDB DEFAULT CHARSET=utf8mb4 COLLATE=utf8mb4_unicode_ci;

--
-- Dumping data for table `geo_districts`
--

INSERT INTO `geo_districts` (`id`, `geo_division_id`, `division_bbs_code`, `district_name_eng`, `district_name_bng`, `bbs_code`, `status`, `created_by`, `modified_by`, `created_at`, `updated_at`) VALUES
(1, 1, 10, 'BARGUNA', 'বরগুনা', '04', 1, 1, 1, NULL, NULL),
(2, 1, 10, 'BARISAL', 'বরিশাল', '06', 1, 1, 1, NULL, NULL),
(3, 1, 10, 'BHOLA', 'ভোলা', '09', 1, 1, 1, NULL, NULL),
(4, 1, 10, 'JHALOKATI', 'ঝালকাঠি', '42', 1, 1, 1, NULL, NULL),
(5, 1, 10, 'PATUAKHALI', 'পটুয়াখালী ', '78', 1, 1, 1, NULL, NULL),
(6, 1, 10, 'PIROJPUR', 'পিরোজপুর ', '79', 1, 1, 1, NULL, NULL),
(7, 2, 20, 'BANDARBAN', 'বান্দরবান', '03', 1, 1, 1, NULL, NULL),
(8, 2, 20, 'BRAHMANBARIA', 'ব্রাহ্মণবাড়িয়া', '12', 1, 1, 1, NULL, NULL),
(9, 2, 20, 'CHANDPUR', 'চাঁদপুর', '13', 1, 1, 1, NULL, NULL),
(10, 2, 20, 'CHITTAGONG', 'চট্টগ্রাম', '15', 1, 1, 1, NULL, NULL),
(11, 2, 20, 'COMILLA', 'কুমিল্লা', '19', 1, 1, 1, NULL, NULL),
(12, 2, 20, 'COX\'S BAZAR', 'কক্সবাজার ', '22', 1, 1, 1, NULL, NULL),
(13, 2, 20, 'FENI', 'ফেনী', '30', 1, 1, 1, NULL, NULL),
(14, 2, 20, 'KHAGRACHHARI', 'খাগড়াছড়ি', '46', 1, 1, 1, NULL, NULL),
(15, 2, 20, 'LAKSHMIPUR', 'লক্ষ্মীপুর', '51', 1, 1, 1, NULL, NULL),
(16, 2, 20, 'NOAKHALI', 'নোয়াখালী', '75', 1, 1, 1, NULL, NULL),
(17, 2, 20, 'RANGAMATI', 'রাঙ্গামাটি', '84', 1, 1, 1, NULL, NULL),
(18, 3, 30, 'DHAKA', 'ঢাকা ', '26', 1, 1, 1, NULL, NULL),
(19, 3, 30, 'FARIDPUR', 'ফরিদপুর ', '29', 1, 1, 1, NULL, NULL),
(20, 3, 30, 'GAZIPUR', 'গাজীপুর ', '33', 1, 1, 1, NULL, NULL),
(21, 3, 30, 'GOPALGANJ', 'গোপালগঞ্জ', '35', 1, 1, 1, NULL, NULL),
(22, 9, 45, 'JAMALPUR', 'জামালপুর ', '39', 1, 1, 1, NULL, '2016-02-09 14:08:46'),
(23, 3, 30, 'KISHOREGONJ', 'কিশোরগঞ্জ ', '48', 1, 1, 1, NULL, NULL),
(24, 3, 30, 'MADARIPUR', 'মাদারীপুর ', '54', 1, 1, 1, NULL, NULL),
(25, 3, 30, 'MANIKGANJ', 'মানিকগঞ্জ ', '56', 1, 1, 1, NULL, NULL),
(26, 3, 30, 'MUNSHIGANJ', 'মুন্সিগঞ্জ ', '59', 1, 1, 1, NULL, NULL),
(27, 9, 45, 'MYMENSINGH', 'ময়মনসিংহ ', '61', 1, 1, 1, NULL, '2016-02-09 19:32:20'),
(28, 3, 30, 'NARAYANGANJ', 'নারায়ণগঞ্জ ', '67', 1, 1, 1, NULL, NULL),
(29, 3, 30, 'NARSINGDI', 'নরসিংদী ', '68', 1, 1, 1, NULL, NULL),
(30, 9, 45, 'NETRAKONA', 'নেত্রকোণা ', '72', 1, 1, 1, NULL, '2016-02-09 19:31:29'),
(31, 3, 30, 'RAJBARI', 'রাজবাড়ী ', '82', 1, 1, 1, NULL, NULL),
(32, 3, 30, 'SHARIATPUR', 'শরীয়তপুর  ', '86', 1, 1, 1, NULL, NULL),
(33, 9, 45, 'SHERPUR', 'শেরপুর ', '89', 1, 1, 1, NULL, '2016-02-09 19:31:55'),
(34, 3, 30, 'TANGAIL', 'টাঙ্গাইল ', '93', 1, 1, 1, NULL, NULL),
(35, 4, 40, 'BAGERHAT', 'বাগেরহাট', '01', 1, 1, 1, NULL, NULL),
(36, 4, 40, 'CHUADANGA', 'চুয়াডাঙ্গা ', '18', 1, 1, 1, NULL, NULL),
(37, 4, 40, 'JESSORE', 'যশোর ', '41', 1, 1, 1, NULL, NULL),
(38, 4, 40, 'JHENAIDAH', 'ঝিনাইদহ ', '44', 1, 1, 1, NULL, NULL),
(39, 4, 40, 'KHULNA', 'খুলনা ', '47', 1, 1, 1, NULL, NULL),
(40, 4, 40, 'KUSHTIA', 'কুষ্টিয়া ', '50', 1, 1, 1, NULL, NULL),
(41, 4, 40, 'MAGURA', 'মাগুরা', '55', 1, 1, 1, NULL, NULL),
(42, 4, 40, 'MEHERPUR', 'মেহেরপুর ', '57', 1, 1, 1, NULL, NULL),
(43, 4, 40, 'NARAIL', 'নড়াইল ', '65', 1, 1, 1, NULL, NULL),
(44, 4, 40, 'SATKHIRA', 'সাতক্ষীরা ', '87', 1, 1, 1, NULL, NULL),
(45, 5, 50, 'BOGRA', 'বগুড়া ', '10', 1, 1, 1, NULL, NULL),
(46, 5, 50, 'JOYPURHAT', 'জয়পুরহাট', '38', 1, 1, 1, NULL, NULL),
(47, 5, 50, 'NAOGAON', 'নওগাঁ ', '64', 1, 1, 1, NULL, NULL),
(48, 5, 50, 'NATORE', 'নাটোর ', '69', 1, 1, 1, NULL, NULL),
(49, 5, 50, 'CHAPAI NABABGANJ', 'চাঁপাই নাবাবগঞ্জ ', '70', 1, 1, 1, NULL, NULL),
(50, 5, 50, 'PABNA', 'পাবনা', '76', 1, 1, 1, NULL, NULL),
(51, 5, 50, 'RAJSHAHI', 'রাজশাহী ', '81', 1, 1, 1, NULL, NULL),
(52, 5, 50, 'SIRAJGANJ', 'সিরাজগঞ্জ', '88', 1, 1, 1, NULL, NULL),
(53, 6, 60, 'DINAJPUR', 'দিনাজপুর ', '27', 1, 1, 1, NULL, NULL),
(54, 6, 60, 'GAIBANDHA', 'গাইবান্ধা ', '32', 1, 1, 1, NULL, NULL),
(55, 6, 60, 'KURIGRAM', 'কুড়িগ্রাম ', '49', 1, 1, 1, NULL, NULL),
(56, 6, 60, 'LALMONIRHAT', 'লালমনিরহাট ', '52', 1, 1, 1, NULL, NULL),
(57, 6, 60, 'NILPHAMARI', 'নীলফামারী', '73', 1, 1, 1, NULL, NULL),
(58, 6, 60, 'PANCHAGARH', 'পঞ্চগড় ', '77', 1, 1, 1, NULL, NULL),
(59, 6, 60, 'RANGPUR', 'রংপুর ', '85', 1, 1, 1, NULL, NULL),
(60, 6, 60, 'THAKURGAON', 'ঠাকুরগাঁও', '94', 1, 1, 1, NULL, NULL),
(61, 7, 70, 'HABIGANJ', 'হবিগঞ্জ ', '36', 1, 1, 1, NULL, NULL),
(62, 7, 70, 'MAULVIBAZAR', 'মৌলভীবাজার ', '58', 1, 1, 1, NULL, NULL),
(63, 7, 70, 'SUNAMGANJ', 'সুনামগঞ্জ ', '90', 1, 1, 1, NULL, NULL),
(64, 7, 70, 'SYLHET', 'সিলেট', '91', 1, 1, 1, NULL, NULL);

-- --------------------------------------------------------

--
-- Table structure for table `geo_divisions`
--

CREATE TABLE `geo_divisions` (
  `id` int(10) UNSIGNED NOT NULL,
  `division_name_eng` varchar(50) COLLATE utf8mb4_unicode_ci NOT NULL,
  `division_name_bng` varchar(100) COLLATE utf8mb4_unicode_ci NOT NULL,
  `bbs_code` varchar(4) COLLATE utf8mb4_unicode_ci NOT NULL,
  `status` tinyint(4) NOT NULL DEFAULT '3' COMMENT '0=Pending, 1=Delete, 2=Inactive, 3=active, 4=PreviousActive',
  `created_by` int(11) DEFAULT NULL,
  `modified_by` int(11) DEFAULT NULL,
  `created_at` datetime DEFAULT NULL,
  `updated_at` datetime DEFAULT NULL
) ENGINE=InnoDB DEFAULT CHARSET=utf8mb4 COLLATE=utf8mb4_unicode_ci;

--
-- Dumping data for table `geo_divisions`
--

INSERT INTO `geo_divisions` (`id`, `division_name_eng`, `division_name_bng`, `bbs_code`, `status`, `created_by`, `modified_by`, `created_at`, `updated_at`) VALUES
(1, 'Barisal', 'বরিশাল', '10', 3, 0, 0, NULL, NULL),
(2, 'Chittagong', 'চট্টগ্রাম', '20', 3, 0, 0, NULL, NULL),
(3, 'Dhaka', 'ঢাকা', '30', 3, 0, 0, NULL, NULL),
(4, 'Khulna', 'খুলনা', '40', 3, 0, 0, NULL, NULL),
(5, 'Rajshahi', 'রাজশাহী', '50', 3, 0, 0, NULL, NULL),
(6, 'Rangpur', 'রংপুর', '60', 3, 0, 0, NULL, NULL),
(7, 'Sylhet', 'সিলেট', '70', 3, 0, 0, NULL, NULL),
(8, 'Mymensingh', 'ময়মনসিংহ', '45', 3, 0, 0, NULL, NULL);

-- --------------------------------------------------------

--
-- Table structure for table `geo_unions`
--

CREATE TABLE `geo_unions` (
  `id` int(10) UNSIGNED NOT NULL,
  `geo_division_id` tinyint(3) UNSIGNED NOT NULL DEFAULT '0',
  `geo_district_id` tinyint(3) UNSIGNED NOT NULL,
  `geo_upazila_id` int(10) UNSIGNED NOT NULL,
  `division_bbs_code` varchar(4) COLLATE utf8mb4_unicode_ci DEFAULT NULL,
  `district_bbs_code` varchar(4) COLLATE utf8mb4_unicode_ci DEFAULT NULL,
  `upazila_bbs_code` varchar(4) COLLATE utf8mb4_unicode_ci DEFAULT NULL,
  `union_name_eng` varchar(50) COLLATE utf8mb4_unicode_ci NOT NULL,
  `union_name_bng` varchar(100) COLLATE utf8mb4_unicode_ci NOT NULL,
  `bbs_code` varchar(4) COLLATE utf8mb4_unicode_ci NOT NULL,
  `postcode` int(10) UNSIGNED DEFAULT NULL,
  `status` tinyint(4) NOT NULL DEFAULT '3' COMMENT '0=Pending, 1=Delete, 2=Inactive, 3=active, 4=PreviousActive',
  `created_by` int(11) DEFAULT NULL,
  `modified_by` int(11) DEFAULT NULL,
  `created_at` datetime DEFAULT NULL,
  `updated_at` datetime DEFAULT NULL
) ENGINE=InnoDB DEFAULT CHARSET=utf8mb4 COLLATE=utf8mb4_unicode_ci;

--
-- Dumping data for table `geo_unions`
--

INSERT INTO `geo_unions` (`id`, `geo_division_id`, `geo_district_id`, `geo_upazila_id`, `division_bbs_code`, `district_bbs_code`, `upazila_bbs_code`, `union_name_eng`, `union_name_bng`, `bbs_code`, `postcode`, `status`, `created_by`, `modified_by`, `created_at`, `updated_at`) VALUES
(1, 5, 45, 329, '', '', '', 'ADAM DIGHI', 'আদমদিঘি', '13', NULL, 1, 1, 1, NULL, NULL),
(2, 5, 45, 329, '', '', '', 'CHAMPAPUR', 'চাঁপাপুর', '27', NULL, 1, 1, 1, NULL, NULL),
(3, 5, 45, 329, '', '', '', 'CHHATIANGRAM', 'ছাতিয়ানগ্রাম', '40', 5890, 1, 1, 1, NULL, NULL),
(4, 5, 45, 329, '', '', '', 'KUNDAGRAM', 'কুন্দগ্রাম', '54', NULL, 1, 1, 1, NULL, NULL),
(5, 5, 45, 329, '', '', '', 'NASRATPUR', 'নশরৎপুর', '67', 5240, 1, 1, 1, NULL, NULL),
(6, 5, 45, 329, '', '', '', 'SHANTAHAR', 'সান্তাহার', '81', 5890, 1, 1, 1, NULL, NULL),
(7, 5, 45, 330, '', '', '', 'ERULIA', 'এরুলিয়া', '23', 5800, 1, 1, 1, NULL, NULL),
(8, 5, 45, 330, '', '', '', 'FAPORE', 'ফাঁপোর', '25', NULL, 1, 1, 1, NULL, NULL),
(9, 5, 45, 330, '', '', '', 'GOKUL', 'গোকুল', '34', 5800, 1, 1, 1, NULL, NULL),
(10, 5, 45, 330, '', '', '', 'LAHIRI PARA', 'লাহিড়ীপাড়া', '47', NULL, 1, 1, 1, NULL, NULL),
(11, 5, 45, 330, '', '', '', 'NAMUJA', 'নামুজা', '60', 5800, 1, 1, 1, NULL, NULL),
(12, 5, 45, 330, '', '', '', 'NISHINDARA', 'নিশিন্দারা', '64', 5800, 1, 1, 1, NULL, NULL),
(13, 5, 45, 330, '', '', '', 'NOONGOLA', 'নুনগোলা', '69', 5800, 1, 1, 1, NULL, NULL),
(14, 5, 45, 330, '', '', '', 'RAJAPUR', 'রাজাপুর', '73', 7630, 1, 1, 1, NULL, NULL),
(15, 5, 45, 330, '', '', '', 'SHABGRAM', 'সাবগ্রাম', '77', 5800, 1, 1, 1, NULL, NULL),
(16, 5, 45, 330, '', '', '', 'SHAKHARIA', 'শাখারিয়া', '82', 5800, 1, 1, 1, NULL, NULL),
(17, 5, 45, 330, '', '', '', 'SEKHERKOLA', 'শেখেরকোলা', '86', 5800, 1, 1, 1, NULL, NULL),
(18, 5, 45, 330, '', '', '', 'BOGRA CANTONMENT', 'বগুড়া সেনানিবাস', '98', NULL, 1, 1, 1, NULL, NULL),
(19, 5, 45, 331, '', '', '', 'BHANDARBARI', 'ভান্ডারবাড়ী', '15', 5850, 1, 1, 1, NULL, NULL),
(20, 5, 45, 331, '', '', '', 'CHAUKIBARI', 'চৌকিবাড়ি', '19', NULL, 1, 1, 1, NULL, NULL),
(21, 5, 45, 331, '', '', '', 'CHIKASHI', 'চিকাশী', '28', 5850, 1, 1, 1, NULL, NULL),
(22, 5, 45, 331, '', '', '', 'DHUNAT', 'ধুনট', '38', 5850, 1, 1, 1, NULL, NULL),
(23, 5, 45, 331, '', '', '', 'ELANGI', 'এলাঙ্গী', '47', 7330, 1, 1, 1, NULL, NULL),
(24, 5, 45, 331, '', '', '', 'GOPALNAGAR', 'গোপালনগর', '57', 5850, 1, 1, 1, NULL, NULL),
(25, 5, 45, 331, '', '', '', 'GOSAINBARI', 'গোসাইবাড়ী', '66', NULL, 1, 1, 1, NULL, NULL),
(26, 5, 45, 331, '', '', '', 'KALER PARA', 'কলেরপাড়া', '76', NULL, 1, 1, 1, NULL, NULL),
(27, 5, 45, 331, '', '', '', 'MATHURAPUR', 'মখুরপুর', '85', 7050, 1, 1, 1, NULL, NULL),
(28, 5, 45, 331, '', '', '', 'NIMGACHHI', 'নিমগাছি', '95', 5850, 1, 1, 1, NULL, NULL),
(29, 5, 45, 332, '', '', '', 'CHAMRUL UNION', 'চামরুল', '13', NULL, 1, 1, 1, NULL, NULL),
(30, 5, 45, 332, '', '', '', 'DHUPCHANCHIA', 'দুপচাচিঁয়া', '27', 5880, 1, 1, 1, NULL, NULL),
(31, 5, 45, 332, '', '', '', 'GOBINDAPUR', 'গোবিন্দপুর', '40', 3570, 1, 1, 1, NULL, NULL),
(32, 5, 45, 332, '', '', '', 'GUNAHAR', 'গুনাহার', '54', 5880, 1, 1, 1, NULL, NULL),
(33, 5, 45, 332, '', '', '', 'TALORA UNION', 'তালোড়া', '67', NULL, 1, 1, 1, NULL, NULL),
(34, 5, 45, 332, '', '', '', 'ZIANAGAR', 'তালোড়া', '81', 5880, 1, 1, 1, NULL, NULL),
(35, 5, 45, 333, '', '', '', 'BALIA DIGHI', 'বালিয়াদিঘী', '11', NULL, 1, 1, 1, NULL, NULL),
(36, 5, 45, 333, '', '', '', 'DAKSHINPARA', 'দক্ষিণপাড়া', '17', 5820, 1, 1, 1, NULL, NULL),
(37, 5, 45, 333, '', '', '', 'DURGAHATA', 'দুর্গাহাটা', '27', 5820, 1, 1, 1, NULL, NULL),
(38, 5, 45, 333, '', '', '', 'GABTALI', 'গাবতলি', '33', 5820, 1, 1, 1, NULL, NULL),
(39, 5, 45, 333, '', '', '', 'KAGAIL', 'কাগইল', '47', NULL, 1, 1, 1, NULL, NULL),
(40, 5, 45, 333, '', '', '', 'MAHISHABAN', 'মহিষাবান', '54', 5820, 1, 1, 1, NULL, NULL),
(41, 5, 45, 333, '', '', '', 'NARUAMALA', 'নাড়ুয়ামালা', '61', NULL, 1, 1, 1, NULL, NULL),
(42, 5, 45, 333, '', '', '', 'NASIPUR', 'নশিপুর', '67', 5820, 1, 1, 1, NULL, NULL),
(43, 5, 45, 333, '', '', '', 'NEPALTALI', 'নেপালতলি', '74', 5820, 1, 1, 1, NULL, NULL),
(44, 5, 45, 333, '', '', '', 'RAMESHWARPUR', 'রামেশ্বরপুর', '81', 5820, 1, 1, 1, NULL, NULL),
(45, 5, 45, 333, '', '', '', 'SONARAI', 'সোনারায়', '88', NULL, 1, 1, 1, NULL, NULL),
(46, 5, 45, 334, '', '', '', 'BIR KEDAR', 'বীরকেদার', '13', NULL, 1, 1, 1, NULL, NULL),
(47, 5, 45, 334, '', '', '', 'DURGAPUR', 'দূর্গাপুর', '19', 5460, 1, 1, 1, NULL, NULL),
(48, 5, 45, 334, '', '', '', 'JAMGAON', 'জামগ্রাম', '28', NULL, 1, 1, 1, NULL, NULL),
(49, 5, 45, 334, '', '', '', 'KAHALOO', 'কাহালু', '38', 5870, 1, 1, 1, NULL, NULL),
(50, 5, 45, 334, '', '', '', 'KALAI MAJH PARA', 'কালাই', '47', NULL, 1, 1, 1, NULL, NULL),
(51, 5, 45, 334, '', '', '', 'MALANCHA', 'মালঞ্চা', '57', NULL, 1, 1, 1, NULL, NULL),
(52, 5, 45, 334, '', '', '', 'MURAIL', 'মুরইল', '66', NULL, 1, 1, 1, NULL, NULL),
(53, 5, 45, 334, '', '', '', 'NARAHATTA', 'নারহট্ট', '76', NULL, 1, 1, 1, NULL, NULL),
(54, 5, 45, 334, '', '', '', 'PAIKAR', 'পাইকড়', '85', 5870, 1, 1, 1, NULL, NULL),
(55, 5, 45, 335, '', '', '', 'BHATGRAM', 'ভাটগ্রাম', '10', 1940, 1, 1, 1, NULL, NULL),
(56, 5, 45, 335, '', '', '', 'BHATRA', 'ভাটরা', '21', 3720, 1, 1, 1, NULL, NULL),
(57, 5, 45, 335, '', '', '', 'BURAIL', 'বুড়ইল', '31', 5860, 1, 1, 1, NULL, NULL),
(58, 5, 45, 335, '', '', '', 'NANDIGRAM', 'নন্দিগ্রাম', '73', 5860, 1, 1, 1, NULL, NULL),
(59, 5, 45, 335, '', '', '', 'THALTA MAJHGRAM', 'থালতা মাঝগ্রামা', '84', NULL, 1, 1, 1, NULL, NULL),
(60, 5, 45, 336, '', '', '', 'BHELABARI', 'ভেলাবাড়ী', '11', 5510, 1, 1, 1, NULL, NULL),
(61, 5, 45, 336, '', '', '', 'BOHAIL', 'বোহাইল', '12', 5830, 1, 1, 1, NULL, NULL),
(62, 5, 45, 336, '', '', '', 'CHALUABARI', 'চালুয়াবাড়ী', '19', 5830, 1, 1, 1, NULL, NULL),
(63, 5, 45, 336, '', '', '', 'CHANDAN BAISHA', 'চন্দনবাইশা', '25', NULL, 1, 1, 1, NULL, NULL),
(64, 5, 45, 336, '', '', '', 'FULBARI UNION', 'ফুলবাড়ী', '31', NULL, 1, 1, 1, NULL, NULL),
(65, 5, 45, 336, '', '', '', 'HAT SHERPUR', 'হাটশেরপুর', '37', NULL, 1, 1, 1, NULL, NULL),
(66, 5, 45, 336, '', '', '', 'KAMALPUR', 'কামালপুর', '44', 3200, 1, 1, 1, NULL, NULL),
(67, 5, 45, 336, '', '', '', 'KAZLA', 'কাজলা', '55', 5830, 1, 1, 1, NULL, NULL),
(68, 5, 45, 336, '', '', '', 'KARNIBARI', 'কর্ণিবাড়ী', '56', 5830, 1, 1, 1, NULL, NULL),
(69, 5, 45, 336, '', '', '', 'KUTUBPUR', 'কুতুবপুর', '63', 7100, 1, 1, 1, NULL, NULL),
(70, 5, 45, 336, '', '', '', 'NARCHI', 'নারচী', '75', 5830, 1, 1, 1, NULL, NULL),
(71, 5, 45, 336, '', '', '', 'SARIAKANDI', 'সারিয়াকান্দি', '88', 5830, 1, 1, 1, NULL, NULL),
(72, 5, 45, 337, '', '', '', 'ARIA BAZAR', 'আড়িয়া বাজার', '17', NULL, 1, 1, 1, NULL, NULL),
(73, 5, 45, 337, '', '', '', 'ASEKPUR', 'আশেকপুর', '18', 5800, 1, 1, 1, NULL, NULL),
(74, 5, 45, 337, '', '', '', 'CHOPINAGAR', 'চোপীনগর', '19', NULL, 1, 1, 1, NULL, NULL),
(75, 5, 45, 337, '', '', '', 'GOHAIL', 'গোহাইল', '30', 5800, 1, 1, 1, NULL, NULL),
(76, 5, 45, 337, '', '', '', 'KHARNA', 'খরনা', '38', 5800, 1, 1, 1, NULL, NULL),
(77, 5, 45, 337, '', '', '', 'KHOTTA PARA', 'খোট্রাপাড়া', '43', NULL, 1, 1, 1, NULL, NULL),
(78, 5, 45, 337, '', '', '', 'MADLA', 'মাদলা', '51', 5800, 1, 1, 1, NULL, NULL),
(79, 5, 45, 337, '', '', '', 'MAJHIRA', 'মাঝিড়া', '56', 5800, 1, 1, 1, NULL, NULL),
(80, 5, 45, 337, '', '', '', 'AMRUL', 'আমরুল', '', 5800, 1, 1, 1, NULL, NULL),
(81, 5, 45, 338, '', '', '', 'BHABANIPUR', 'ভবানীপুর', '17', 8310, 1, 1, 1, NULL, NULL),
(82, 5, 45, 338, '', '', '', 'BISHALPUR', 'বিশালপুর', '19', 5840, 1, 1, 1, NULL, NULL),
(83, 5, 45, 338, '', '', '', 'GARIDAHA', 'গাড়ীদহ', '28', 5840, 1, 1, 1, NULL, NULL),
(84, 5, 45, 338, '', '', '', 'KHAMARKANDI', 'খামারকান্দি', '38', 5840, 1, 1, 1, NULL, NULL),
(85, 5, 45, 338, '', '', '', 'KHANPUR', 'খানপুর', '47', 7440, 1, 1, 1, NULL, NULL),
(86, 5, 45, 338, '', '', '', 'KUSUMBI', 'কুসুম্বী', '57', 5840, 1, 1, 1, NULL, NULL),
(87, 5, 45, 338, '', '', '', 'MIRZAPUR', 'মির্জাপুর', '66', 7320, 1, 1, 1, NULL, NULL),
(88, 5, 45, 338, '', '', '', 'SHAH-BANDEGI', 'শাহ-বন্দেগী', '77', NULL, 1, 1, 1, NULL, NULL),
(89, 5, 45, 338, '', '', '', 'SHIMABARI', 'সীমাবাড়ী', '85', 5840, 1, 1, 1, NULL, NULL),
(90, 5, 45, 338, '', '', '', 'SUGHAT', 'সুঘাট', '95', 5840, 1, 1, 1, NULL, NULL),
(91, 5, 45, 339, '', '', '', 'ATMUL', 'আটমূল', '11', 5810, 1, 1, 1, NULL, NULL),
(92, 5, 45, 339, '', '', '', 'BIHAR', 'বিহার', '15', 5810, 1, 1, 1, NULL, NULL),
(93, 5, 45, 339, '', '', '', 'BURIGANJ', 'বুড়িগঞ্জ', '23', 5810, 1, 1, 1, NULL, NULL),
(94, 5, 45, 339, '', '', '', 'DEULI', 'দেউলি', '31', NULL, 1, 1, 1, NULL, NULL),
(95, 5, 45, 339, '', '', '', 'KICHAK', 'কিচক', '39', 5810, 1, 1, 1, NULL, NULL),
(96, 5, 45, 339, '', '', '', 'MAIDANHATA', 'ময়দানহাটা', '47', 5810, 1, 1, 1, NULL, NULL),
(97, 5, 45, 339, '', '', '', 'MAJHIHATTA', 'মাঝিহট্ট', '55', 5810, 1, 1, 1, NULL, NULL),
(98, 5, 45, 339, '', '', '', 'MOKAMTALA', 'মোকামতলা', '63', 5810, 1, 1, 1, NULL, NULL),
(99, 5, 45, 339, '', '', '', 'PIRAB', 'পিরব', '71', 5810, 1, 1, 1, NULL, NULL),
(100, 5, 45, 339, '', '', '', 'ROYNAGAR', 'রায়নগর', '79', 5810, 1, 1, 1, NULL, NULL),
(101, 5, 45, 339, '', '', '', 'SAIDPUR', 'সৈয়দপুর', '87', NULL, 1, 1, 1, NULL, NULL),
(102, 5, 45, 339, '', '', '', 'SHIBGANJ', 'শিবগঞ্জ', '94', 5810, 1, 1, 1, NULL, NULL),
(103, 5, 45, 340, '', '', '', 'BALUA', 'বালুয়া', '10', 5826, 1, 1, 1, NULL, NULL),
(104, 5, 45, 340, '', '', '', 'DIGDAIR', 'দিগদাইড়', '31', 2316, 1, 1, 1, NULL, NULL),
(105, 5, 45, 340, '', '', '', 'JORGACHHA', 'জোড়গাছা', '42', 5826, 1, 1, 1, NULL, NULL),
(106, 5, 45, 340, '', '', '', 'MADHUPUR', 'মধুপুর', '52', 9230, 1, 1, 1, NULL, NULL),
(107, 5, 45, 340, '', '', '', 'SONATALA', 'সোনাতলা', '73', 5826, 1, 1, 1, NULL, NULL),
(108, 5, 45, 340, '', '', '', 'PAKULLA', 'পাকুল্ল্যা', '81', 5826, 1, 1, 1, NULL, NULL),
(109, 5, 45, 340, '', '', '', 'TEKANI CHUKAINA', 'তেকানী চুকাইনগর', '84', NULL, 1, 1, 1, NULL, NULL),
(110, 5, 46, 341, '', '', '', 'GOPINATHPUR', 'গোপীনাথপুর', '15', 3460, 1, 1, 1, NULL, NULL),
(111, 5, 46, 341, '', '', '', 'RAIKALI', 'রায়কালী', '31', NULL, 1, 1, 1, NULL, NULL),
(112, 5, 46, 341, '', '', '', 'RUKINDIPUR', 'রুকিন্দীপুর', '47', 5940, 1, 1, 1, NULL, NULL),
(113, 5, 46, 341, '', '', '', 'SONAMUKHI', 'সোনামুখী', '63', 5940, 1, 1, 1, NULL, NULL),
(114, 5, 46, 341, '', '', '', 'TILAKPUR', 'তিলকপুর', '79', 5940, 1, 1, 1, NULL, NULL),
(115, 5, 46, 342, '', '', '', 'AMDAI', 'আমদই', '17', NULL, 1, 1, 1, NULL, NULL),
(116, 5, 46, 342, '', '', '', 'BAMBU', 'বম্বু', '19', NULL, 1, 1, 1, NULL, NULL),
(117, 5, 46, 342, '', '', '', 'BHADSA', 'ভাদশা', '28', 5900, 1, 1, 1, NULL, NULL),
(118, 5, 46, 342, '', '', '', 'CHAK BARKAT', 'চকবরকত', '32', NULL, 1, 1, 1, NULL, NULL),
(119, 5, 46, 342, '', '', '', 'DHALAHAR', 'ধলাহার', '38', 5900, 1, 1, 1, NULL, NULL),
(120, 5, 46, 342, '', '', '', 'DOGACHHI', 'দোগাছি', '47', 7300, 1, 1, 1, NULL, NULL),
(121, 5, 46, 342, '', '', '', 'JAMALPUR', 'জামালপুর', '66', 5100, 1, 1, 1, NULL, NULL),
(122, 5, 46, 342, '', '', '', 'MOHAMMADABAD', 'মোহাম্মাদাবাদ', '76', 5900, 1, 1, 1, NULL, NULL),
(123, 5, 46, 342, '', '', '', 'PURANAPAIL', 'পুরানাপৈল', '85', NULL, 1, 1, 1, NULL, NULL),
(124, 5, 46, 343, '', '', '', 'AHMMEDABAD', 'আহম্মেদাবাদ', '38', NULL, 1, 1, 1, NULL, NULL),
(125, 5, 46, 343, '', '', '', 'MATRAI', 'মাত্রাই', '66', 5930, 1, 1, 1, NULL, NULL),
(126, 5, 46, 343, '', '', '', 'PUNAT', 'পুনট', '76', 5930, 1, 1, 1, NULL, NULL),
(127, 5, 46, 343, '', '', '', 'UDAYPUR', 'উদয়পুর', '85', 9380, 1, 1, 1, NULL, NULL),
(128, 5, 46, 343, '', '', '', 'ZINDARPUR', 'জিন্দারপুর', '95', 5930, 1, 1, 1, NULL, NULL),
(129, 5, 47, 344, '', '', '', 'AHSANGANJ', 'আহসানগজ্ঞ', '10', 6596, 1, 1, 1, NULL, NULL),
(130, 5, 47, 344, '', '', '', 'BHOPARA', 'ভোঁপাড়া', '21', NULL, 1, 1, 1, NULL, NULL),
(131, 5, 47, 344, '', '', '', 'BISHA', 'বিশা', '31', 6596, 1, 1, 1, NULL, NULL),
(132, 5, 47, 344, '', '', '', 'HATKALU PARA', 'হাটকালুপাড়া', '42', NULL, 1, 1, 1, NULL, NULL),
(133, 5, 47, 344, '', '', '', 'KALIKAPUR', 'কালিকাপুর', '52', 8600, 1, 1, 1, NULL, NULL),
(134, 5, 47, 344, '', '', '', 'MANIARI', 'মনিয়ারী', '63', 6596, 1, 1, 1, NULL, NULL),
(135, 5, 47, 344, '', '', '', 'PANCHUPUR', 'পাঁচুপুর', '73', 6596, 1, 1, 1, NULL, NULL),
(136, 5, 47, 344, '', '', '', 'SAHAGOLA', 'শাহাগোলা', '84', NULL, 1, 1, 1, NULL, NULL),
(137, 5, 47, 345, '', '', '', 'ALAMPUR', 'আলমপুর', '21', 7000, 1, 1, 1, NULL, NULL),
(138, 5, 47, 345, '', '', '', 'ARANAGAR', 'আড়ানগর', '31', 6580, 1, 1, 1, NULL, NULL),
(139, 5, 47, 345, '', '', '', 'DHAMOIRHAT', 'ধামইরহাট', '42', 6580, 1, 1, 1, NULL, NULL),
(140, 5, 47, 345, '', '', '', 'ISABPUR', 'ইসবপুর', '52', 5240, 1, 1, 1, NULL, NULL),
(141, 5, 47, 345, '', '', '', 'AGRA DIGUN', 'আগ্রাদ্বিগুন', '10', NULL, 1, 1, 1, NULL, NULL),
(142, 5, 47, 345, '', '', '', 'JAHANPUR', 'জাহানপুর', '63', 8340, 1, 1, 1, NULL, NULL),
(143, 5, 47, 345, '', '', '', 'KHELNA', 'খেলনা', '77', 6580, 1, 1, 1, NULL, NULL),
(144, 5, 47, 345, '', '', '', 'OMAR', 'উমার', '84', NULL, 1, 1, 1, NULL, NULL),
(145, 5, 47, 346, '', '', '', 'BHALAIN', 'ভালাইন', '12', 6511, 1, 1, 1, NULL, NULL),
(146, 5, 47, 346, '', '', '', 'BHARSO', 'ভারশোঁ', '13', NULL, 1, 1, 1, NULL, NULL),
(147, 5, 47, 346, '', '', '', 'BISHNUPUR', 'বিষ্ণুপুর', '20', 9440, 1, 1, 1, NULL, NULL),
(148, 5, 47, 346, '', '', '', 'GANESHPUR', 'গনেশপুর', '27', 6511, 1, 1, 1, NULL, NULL),
(149, 5, 47, 346, '', '', '', 'KALIKAPUR', 'কালিকাপুর', '33', 8600, 1, 1, 1, NULL, NULL),
(150, 5, 47, 346, '', '', '', 'KANSO PARA', 'কাঁশোপাড়া', '40', NULL, 1, 1, 1, NULL, NULL),
(151, 5, 47, 346, '', '', '', 'KASHAB', 'কশব', '47', 6511, 1, 1, 1, NULL, NULL),
(152, 5, 47, 346, '', '', '', 'KUSUMBA', 'কুশুম্বা', '54', 5910, 1, 1, 1, NULL, NULL),
(153, 5, 47, 346, '', '', '', 'MAINANI', 'মৈনম', '61', NULL, 1, 1, 1, NULL, NULL),
(154, 5, 47, 346, '', '', '', 'MANDA', 'মান্দা', '67', 6511, 1, 1, 1, NULL, NULL),
(155, 5, 47, 346, '', '', '', 'NURULLABAD', 'নূরুল্যাবাদ', '74', 6511, 1, 1, 1, NULL, NULL),
(156, 5, 47, 346, '', '', '', 'PARANPUR', 'পরানপুর', '81', 6511, 1, 1, 1, NULL, NULL),
(157, 5, 47, 346, '', '', '', 'PRASADPUR', 'প্রসাদপুর', '88', 6511, 1, 1, 1, NULL, NULL),
(158, 5, 47, 346, '', '', '', 'TENTULIA', 'তেঁতুলিয়া', '94', 9420, 1, 1, 1, NULL, NULL),
(159, 5, 47, 347, '', '', '', 'BHIMPUR', 'ভীমপুর', '15', 6530, 1, 1, 1, NULL, NULL),
(160, 5, 47, 347, '', '', '', 'CHANDAS', 'চাঁন্দাশ', '19', 6530, 1, 1, 1, NULL, NULL),
(161, 5, 47, 347, '', '', '', 'CHERAGPUR', 'চেরাগপুর', '28', 6530, 1, 1, 1, NULL, NULL),
(162, 5, 47, 347, '', '', '', 'ENAYETPUR', 'এনায়েতপুর', '38', 6530, 1, 1, 1, NULL, NULL),
(163, 5, 47, 347, '', '', '', 'HATUR', 'হাতুড়', '47', 6530, 1, 1, 1, NULL, NULL),
(164, 5, 47, 347, '', '', '', 'KHAJUR', 'খাজুর', '57', 6530, 1, 1, 1, NULL, NULL),
(165, 5, 47, 347, '', '', '', 'MAHADEBPUR', 'মহাদেবপুর', '66', 6530, 1, 1, 1, NULL, NULL),
(166, 5, 47, 347, '', '', '', 'ROYGAON', 'রাইগাঁ', '76', NULL, 1, 1, 1, NULL, NULL),
(167, 5, 47, 347, '', '', '', 'SAFAPUR', 'সফাপুর', '85', 6530, 1, 1, 1, NULL, NULL),
(168, 5, 47, 347, '', '', '', 'UTTARGRAM', 'উত্তরগ্রাম', '95', 6530, 1, 1, 1, NULL, NULL),
(169, 5, 47, 348, '', '', '', 'BAKTIARPUR', 'বক্তারপুর', '13', NULL, 1, 1, 1, NULL, NULL),
(170, 5, 47, 348, '', '', '', 'BALIHAR', 'বলিহার', '14', NULL, 1, 1, 1, NULL, NULL),
(171, 5, 47, 348, '', '', '', 'BARSHAIL', 'বর্ষাইল', '21', 6500, 1, 1, 1, NULL, NULL),
(172, 5, 47, 348, '', '', '', 'BOALIA', 'বোয়ালিয়া', '29', 7050, 1, 1, 1, NULL, NULL),
(173, 5, 47, 348, '', '', '', 'SAILGACHHI', 'শৈলগাছী', '36', NULL, 1, 1, 1, NULL, NULL),
(174, 5, 47, 348, '', '', '', 'CHANDIPUR', 'চন্ডিপুর', '43', 5250, 1, 1, 1, NULL, NULL),
(175, 5, 47, 348, '', '', '', 'DUBALHATI', 'দুবলহাটী', '51', NULL, 1, 1, 1, NULL, NULL),
(176, 5, 47, 348, '', '', '', 'HAPANIA', 'হাপানিয়া', '58', 6500, 1, 1, 1, NULL, NULL),
(177, 5, 47, 348, '', '', '', 'HASHAIGHARI', 'হাঁসাইগাড়ী', '65', NULL, 1, 1, 1, NULL, NULL),
(178, 5, 47, 348, '', '', '', 'KIRTIPUR', 'কীর্ত্তিপুর', '73', NULL, 1, 1, 1, NULL, NULL),
(179, 5, 47, 348, '', '', '', 'SEKHERPUR', 'শিকারপুর', '87', NULL, 1, 1, 1, NULL, NULL),
(180, 5, 47, 348, '', '', '', 'TILAKPUR', 'তিলকপুর', '94', 5940, 1, 1, 1, NULL, NULL),
(181, 5, 47, 349, '', '', '', 'BAHADURPUR', 'বাহাদুরপুর', '10', 7040, 1, 1, 1, NULL, NULL),
(182, 5, 47, 349, '', '', '', 'BHABICHA', 'ভাবিচা', '21', 6520, 1, 1, 1, NULL, NULL),
(183, 5, 47, 349, '', '', '', 'CHANDAN NAGAR', 'চন্দননগর', '31', 6520, 1, 1, 1, NULL, NULL),
(184, 5, 47, 349, '', '', '', 'HAJINAGAR', 'হাজীনগর', '42', 6520, 1, 1, 1, NULL, NULL),
(185, 5, 47, 349, '', '', '', 'NIAMATPUR', 'নিয়ামতপুর', '52', 7350, 1, 1, 1, NULL, NULL),
(186, 5, 47, 349, '', '', '', 'PARAIL', 'পাঁড়ইল', '63', 6590, 1, 1, 1, NULL, NULL),
(187, 5, 47, 349, '', '', '', 'RASULPUR', 'রসুলপুর', '73', 8340, 1, 1, 1, NULL, NULL),
(188, 5, 47, 349, '', '', '', 'SREEMANTAPUR', 'শ্রীমন্তপুর', '84', 6520, 1, 1, 1, NULL, NULL),
(189, 5, 47, 350, '', '', '', 'AKBARPUR', 'আকবরপুর', '12', 6540, 1, 1, 1, NULL, NULL),
(190, 5, 47, 350, '', '', '', 'AMAIR', 'আমাইড়', '17', 6540, 1, 1, 1, NULL, NULL),
(191, 5, 47, 350, '', '', '', 'DIBAR', 'দিবর', '25', 6540, 1, 1, 1, NULL, NULL),
(192, 5, 47, 350, '', '', '', 'GHOSHNAGAR', 'ঘোষনগর', '34', 6540, 1, 1, 1, NULL, NULL),
(193, 5, 47, 350, '', '', '', 'KRISHNAPUR', 'কৃষ্ণপুর', '43', 2460, 1, 1, 1, NULL, NULL),
(194, 5, 47, 350, '', '', '', 'MATINDHAR', 'মাটিন্দর', '51', NULL, 1, 1, 1, NULL, NULL),
(195, 5, 47, 350, '', '', '', 'NAZIPUR', 'নজিপুর', '60', 6540, 1, 1, 1, NULL, NULL),
(196, 5, 47, 350, '', '', '', 'NIRMAIL', 'নির্মইল', '69', 6540, 1, 1, 1, NULL, NULL),
(197, 5, 47, 350, '', '', '', 'PATICHARA', 'পাটিচরা', '77', 6540, 1, 1, 1, NULL, NULL),
(198, 5, 47, 350, '', '', '', 'PATNITALA', 'পত্নীতলা', '86', 6540, 1, 1, 1, NULL, NULL),
(199, 5, 47, 350, '', '', '', 'SHIHARA', 'শিহাড়া', '94', 6540, 1, 1, 1, NULL, NULL),
(200, 5, 47, 351, '', '', '', 'GONA', 'গোনা', '31', 6590, 1, 1, 1, NULL, NULL),
(201, 5, 47, 351, '', '', '', 'KALIGRAM', 'কালিগ্রাম', '42', 6590, 1, 1, 1, NULL, NULL),
(202, 5, 47, 351, '', '', '', 'KASHIMPUR', 'কাশিমপুর', '52', 7400, 1, 1, 1, NULL, NULL),
(203, 5, 47, 351, '', '', '', 'MIRAT', 'মিরাট', '63', 6590, 1, 1, 1, NULL, NULL),
(204, 5, 47, 351, '', '', '', 'PARAIL', 'পারইল', '73', 6590, 1, 1, 1, NULL, NULL),
(205, 5, 47, 351, '', '', '', 'RANINAGAR', 'রাণীনগর', '84', 6590, 1, 1, 1, NULL, NULL),
(206, 5, 47, 351, '', '', '', 'BARGACHHA', 'বড়গাছা', '10', NULL, 1, 1, 1, NULL, NULL),
(207, 5, 47, 351, '', '', '', 'EKDALA', 'একডালা', '21', 6590, 1, 1, 1, NULL, NULL),
(208, 5, 47, 352, '', '', '', 'AIHAI', 'আইহাই', '17', 6560, 1, 1, 1, NULL, NULL),
(209, 5, 47, 352, '', '', '', 'GOALA', 'গোয়ালা', '39', 6560, 1, 1, 1, NULL, NULL),
(210, 5, 47, 352, '', '', '', 'PATHARI', 'পাতাড়ী', '63', NULL, 1, 1, 1, NULL, NULL),
(211, 5, 47, 352, '', '', '', 'SAPAHAR', 'সাপাহার', '71', 6560, 1, 1, 1, NULL, NULL),
(212, 5, 47, 352, '', '', '', 'SHIRANTI', 'শিরন্টি', '79', 6560, 1, 1, 1, NULL, NULL),
(213, 5, 47, 352, '', '', '', 'TILNA', 'তিলনা', '94', 6560, 1, 1, 1, NULL, NULL),
(214, 5, 47, 353, '', '', '', 'ADHAIPUR', 'আধাইপুর', '10', 6570, 1, 1, 1, NULL, NULL),
(215, 5, 47, 353, '', '', '', 'BADALGACHHI', 'বদলগাছী', '21', 6570, 1, 1, 1, NULL, NULL),
(216, 5, 47, 353, '', '', '', 'BALUBHARA', 'বালুভরা', '31', 6570, 1, 1, 1, NULL, NULL),
(217, 5, 47, 353, '', '', '', 'BILASBARI', 'বিলাশবাড়ী', '42', 6570, 1, 1, 1, NULL, NULL),
(218, 5, 47, 353, '', '', '', 'PAHAR PUR', 'পাহাড়পুর', '52', NULL, 1, 1, 1, NULL, NULL),
(219, 5, 47, 353, '', '', '', 'KOLA', 'কোলা', '63', 7350, 1, 1, 1, NULL, NULL),
(220, 5, 47, 353, '', '', '', 'MATHURAPUR', 'মথুরাপুর', '73', 7050, 1, 1, 1, NULL, NULL),
(221, 5, 47, 353, '', '', '', 'MITHAPUR', 'মিঠাপুর', '84', NULL, 1, 1, 1, NULL, NULL),
(222, 5, 47, 354, '', '', '', 'CHHAOR', 'ছাওড়', '15', NULL, 1, 1, 1, NULL, NULL),
(223, 5, 47, 354, '', '', '', 'GANGURIA', 'গাংগুরিয়া', '23', 6551, 1, 1, 1, NULL, NULL),
(224, 5, 47, 354, '', '', '', 'GHATNAGAR', 'ঘাটনগর', '31', 6551, 1, 1, 1, NULL, NULL),
(225, 5, 47, 354, '', '', '', 'MASIDPUR', 'মশিদপুর', '47', NULL, 1, 1, 1, NULL, NULL),
(226, 5, 47, 354, '', '', '', 'NITHPUR', 'নিতপুর', '55', NULL, 1, 1, 1, NULL, NULL),
(227, 5, 47, 354, '', '', '', 'TENTULIA', 'তেঁতুলিয়া', '87', 9420, 1, 1, 1, NULL, NULL),
(228, 5, 48, 355, '', '', '', 'BAGATIPARA', 'বাগাতিপাড়া', '19', 6410, 1, 1, 1, NULL, NULL),
(229, 5, 48, 355, '', '', '', 'DAYARAMPUR', 'দয়ারামপুর', '38', 6410, 1, 1, 1, NULL, NULL),
(230, 5, 48, 355, '', '', '', 'FHAGURADIAR', 'ফাগুয়াড়দিয়াড়', '42', NULL, 1, 1, 1, NULL, NULL),
(231, 5, 48, 355, '', '', '', 'PANKA', 'পাঁকা', '57', 6340, 1, 1, 1, NULL, NULL),
(232, 5, 48, 355, '', '', '', 'JAMNAGAR', 'জামনগর', '76', 6410, 1, 1, 1, NULL, NULL),
(233, 5, 48, 356, '', '', '', 'BARAIGRAM', 'বড়াইগ্রাম', '21', 6432, 1, 1, 1, NULL, NULL),
(234, 5, 48, 356, '', '', '', 'CHANDI', 'চান্দাই', '23', NULL, 1, 1, 1, NULL, NULL),
(235, 5, 48, 356, '', '', '', 'GOPALPUR', 'গোপালপুর', '35', 9310, 1, 1, 1, NULL, NULL),
(236, 5, 48, 356, '', '', '', 'JOARI', 'জোয়ারী', '47', 6432, 1, 1, 1, NULL, NULL),
(237, 5, 48, 356, '', '', '', 'JONAIL', 'জোনাইল', '59', 6432, 1, 1, 1, NULL, NULL),
(238, 5, 48, 356, '', '', '', 'MAJGAON', 'মাঝগাঁও', '71', 6432, 1, 1, 1, NULL, NULL),
(239, 5, 48, 356, '', '', '', 'NAGAR', 'নগর', '83', 2460, 1, 1, 1, NULL, NULL),
(240, 5, 48, 357, '', '', '', 'BIAGHAT', 'বিয়াঘাট', '13', 6440, 1, 1, 1, NULL, NULL),
(241, 5, 48, 357, '', '', '', 'CHAPILA', 'চাপিলা', '27', 6440, 1, 1, 1, NULL, NULL),
(242, 5, 48, 357, '', '', '', 'DHARABARISHA', 'ধারাবারিষা', '40', NULL, 1, 1, 1, NULL, NULL),
(243, 5, 48, 357, '', '', '', 'KHUBJIPUR', 'খুবজীপুর', '60', 6440, 1, 1, 1, NULL, NULL),
(244, 5, 48, 357, '', '', '', 'MOSHINDA', 'মসিন্দা', '67', NULL, 1, 1, 1, NULL, NULL),
(245, 5, 48, 357, '', '', '', 'NAZIRPUR', 'নাজিরপুর', '81', 8540, 1, 1, 1, NULL, NULL),
(246, 5, 48, 358, '', '', '', 'ARBAB', 'আড়বাব', '17', NULL, 1, 1, 1, NULL, NULL),
(247, 5, 48, 358, '', '', '', 'BILMARIA', 'বিলমাড়ীয়া', '19', 6421, 1, 1, 1, NULL, NULL),
(248, 5, 48, 358, '', '', '', 'CHANGDHUPAIL', 'চংধুপইল', '28', NULL, 1, 1, 1, NULL, NULL),
(249, 5, 48, 358, '', '', '', 'DUARIA', 'দুয়ারিয়া', '38', 6421, 1, 1, 1, NULL, NULL),
(250, 5, 48, 358, '', '', '', 'DURDURIA', 'দুড়দুড়িয়া', '47', 6421, 1, 1, 1, NULL, NULL),
(251, 5, 48, 358, '', '', '', 'ARJUNPUR BOROMHATI', 'অর্জুনপুর- বরমহাটী', '57', NULL, 1, 1, 1, NULL, NULL),
(252, 5, 48, 358, '', '', '', 'ISHWARDI', 'ঈশ্বরদী', '66', 6421, 1, 1, 1, NULL, NULL),
(253, 5, 48, 358, '', '', '', 'KADAM CHILAN', 'কদিমচিলান', '76', NULL, 1, 1, 1, NULL, NULL),
(254, 5, 48, 358, '', '', '', 'LALPUR', 'লালপুর', '85', 3400, 1, 1, 1, NULL, NULL),
(255, 5, 48, 358, '', '', '', 'WALIA', 'ওয়ালিয়া', '95', 6421, 1, 1, 1, NULL, NULL),
(256, 5, 48, 359, '', '', '', 'BIPRA BELGHARIA', 'বিপ্রবেলঘরিয়া', '23', NULL, 1, 1, 1, NULL, NULL),
(257, 5, 48, 359, '', '', '', 'BRAHMAPUR', 'ব্রহ্মপুর', '26', 6400, 1, 1, 1, NULL, NULL),
(258, 5, 48, 359, '', '', '', 'KHAJURIA', 'খাজুরা', '58', NULL, 1, 1, 1, NULL, NULL),
(259, 5, 48, 359, '', '', '', 'MADHNAGAR', 'মাধনগর', '73', 6400, 1, 1, 1, NULL, NULL),
(260, 5, 48, 359, '', '', '', 'PIPRUL', 'পিপরুল', '87', 6400, 1, 1, 1, NULL, NULL),
(261, 5, 48, 359, '', '', '', 'BARA HARISHPUR', 'বড় হরিশপুর', '20', NULL, 1, 1, 1, NULL, NULL),
(262, 5, 48, 359, '', '', '', 'CHHATNI', 'ছাতনী', '29', 6400, 1, 1, 1, NULL, NULL),
(263, 5, 48, 359, '', '', '', 'DIGHAPATIA', 'দিঘাপতিয়া', '36', NULL, 1, 1, 1, NULL, NULL),
(264, 5, 48, 359, '', '', '', 'HALSA', 'হালসা', '43', 6400, 1, 1, 1, NULL, NULL),
(265, 5, 48, 359, '', '', '', 'KAFURIA', 'কাফুরিয়া', '51', 6400, 1, 1, 1, NULL, NULL),
(266, 5, 48, 359, '', '', '', 'LAKSHMIPUR KHOLABA', 'লক্ষীপুর খোলাবাড়িয়া', '65', NULL, 1, 1, 1, NULL, NULL),
(267, 5, 48, 359, '', '', '', 'TEBARIA', 'তেবাড়িয়া', '94', 6400, 1, 1, 1, NULL, NULL),
(268, 5, 48, 360, '', '', '', 'CHAMARI', 'চামারী', '12', 6450, 1, 1, 1, NULL, NULL),
(269, 5, 48, 360, '', '', '', 'CHHATAR DIGHI', 'ছাতারদিঘী', '15', NULL, 1, 1, 1, NULL, NULL),
(270, 5, 48, 360, '', '', '', 'CHAUGRAM', 'চৌগ্রাম', '23', NULL, 1, 1, 1, NULL, NULL),
(271, 5, 48, 360, '', '', '', 'DAHIA', 'চৌগ্রাম', '31', 6450, 1, 1, 1, NULL, NULL),
(272, 5, 48, 360, '', '', '', 'HATIANDAHA', 'হাতিয়ান্দহ', '39', 6450, 1, 1, 1, NULL, NULL),
(273, 5, 48, 360, '', '', '', 'ITALY', 'ইটালী', '47', 6450, 1, 1, 1, NULL, NULL),
(274, 5, 48, 360, '', '', '', 'KALAM', 'কালাম', '55', NULL, 1, 1, 1, NULL, NULL),
(275, 5, 48, 360, '', '', '', 'LALORE', 'লালোর', '63', 6450, 1, 1, 1, NULL, NULL),
(276, 5, 48, 360, '', '', '', 'RAMANANDA KHAJURA', 'রামানন্দ খাজুরা', '71', 6450, 1, 1, 1, NULL, NULL),
(277, 5, 48, 360, '', '', '', 'SHERKUL', 'শেরকোল', '79', NULL, 1, 1, 1, NULL, NULL),
(278, 5, 48, 360, '', '', '', 'TAJPUR', 'তাজপুর', '87', 3120, 1, 1, 1, NULL, NULL),
(279, 5, 48, 360, '', '', '', 'SUKASH', 'শুকাশ', '94', 6450, 1, 1, 1, NULL, NULL),
(280, 5, 49, 361, '', '', '', 'BHOLAHAT', 'ভোলাহাট', '18', 6330, 1, 1, 1, NULL, NULL),
(281, 5, 49, 361, '', '', '', 'DALDALI', 'দলদলী', '37', 6330, 1, 1, 1, NULL, NULL),
(282, 5, 49, 361, '', '', '', 'GOHALBARI', 'গোহালবাড়ী', '56', 6330, 1, 1, 1, NULL, NULL),
(283, 5, 49, 361, '', '', '', 'JAMBARIA', 'জামবাড়ীয়া', '75', 6330, 1, 1, 1, NULL, NULL),
(284, 5, 49, 362, '', '', '', 'ALINAGAR', 'আলীনগর', '10', 8300, 1, 1, 1, NULL, NULL),
(285, 5, 49, 362, '', '', '', 'BHANGABARIA', 'বাঙ্গাবাড়ী', '21', NULL, 1, 1, 1, NULL, NULL),
(286, 5, 49, 362, '', '', '', 'BOALIA', 'বোয়ালিয়া', '31', 7050, 1, 1, 1, NULL, NULL),
(287, 5, 49, 362, '', '', '', 'CHOWDALA', 'চৌডালা', '42', 6321, 1, 1, 1, NULL, NULL),
(288, 5, 49, 362, '', '', '', 'GOMASTAPUR', 'গোমস্তাপুর', '52', 6321, 1, 1, 1, NULL, NULL),
(289, 5, 49, 362, '', '', '', 'PARBATIPUR', 'পার্বতীপুর', '63', 6321, 1, 1, 1, NULL, NULL),
(290, 5, 49, 362, '', '', '', 'RADHANAGAR', 'রাধানগর', '73', 5040, 1, 1, 1, NULL, NULL),
(291, 5, 49, 362, '', '', '', 'ROHANPUR', 'রহনপুর', '84', NULL, 1, 1, 1, NULL, NULL),
(292, 5, 49, 363, '', '', '', 'FATEHPUR', 'ফতেপুর', '19', 3010, 1, 1, 1, NULL, NULL),
(293, 5, 49, 363, '', '', '', 'KASBA UNION', 'কসবা ইউনিয়ন', '38', NULL, 1, 1, 1, NULL, NULL),
(294, 5, 49, 363, '', '', '', 'NACHOLE', 'নাচোল', '57', NULL, 1, 1, 1, NULL, NULL),
(295, 5, 49, 363, '', '', '', 'NIZAMPUR', 'নেজামপুর', '76', 7430, 1, 1, 1, NULL, NULL),
(296, 5, 49, 364, '', '', '', 'ALATULI', 'আলাতুলী', '17', 6300, 1, 1, 1, NULL, NULL),
(297, 5, 49, 364, '', '', '', 'BALIDANGA', 'বালিয়াডাঙ্গা', '18', 6300, 1, 1, 1, NULL, NULL),
(298, 5, 49, 364, '', '', '', 'BARAGHARIA', 'বারঘরিয়া', '19', 2310, 1, 1, 1, NULL, NULL),
(299, 5, 49, 364, '', '', '', 'CHAR ANUPNAGAR', 'অনুপনগর', '20', 6300, 1, 1, 1, NULL, NULL),
(300, 5, 49, 364, '', '', '', 'CHAR BAGDANGA', 'চরবাগডাঙ্গা', '22', NULL, 1, 1, 1, NULL, NULL),
(301, 5, 49, 364, '', '', '', 'DEBINAGAR', 'দেবীনগর', '27', 6300, 1, 1, 1, NULL, NULL),
(302, 5, 49, 364, '', '', '', 'GOBRATALA', 'গোবরাতলা', '33', 6300, 1, 1, 1, NULL, NULL),
(303, 5, 49, 364, '', '', '', 'ISLAMPUR', 'ইসলামপুর', '39', 3080, 1, 1, 1, NULL, NULL),
(304, 5, 49, 364, '', '', '', 'JHILIM', 'ঝিলিম', '44', 6300, 1, 1, 1, NULL, NULL),
(305, 5, 49, 364, '', '', '', 'MAHARAJPUR', 'মহারাজপুর', '55', 9000, 1, 1, 1, NULL, NULL),
(306, 5, 49, 364, '', '', '', 'NARAYANPUR', 'নারায়নপুর', '67', 7410, 1, 1, 1, NULL, NULL),
(307, 5, 49, 364, '', '', '', 'RANIHATI', 'রানীহাটি', '83', 6300, 1, 1, 1, NULL, NULL),
(308, 5, 49, 364, '', '', '', 'SHAHJAHANPUR', 'শাহজাহানপুর', '89', 3330, 1, 1, 1, NULL, NULL),
(309, 5, 49, 364, '', '', '', 'SUNDARPUR', 'সুন্দরপুর', '94', 6300, 1, 1, 1, NULL, NULL),
(310, 5, 49, 365, '', '', '', 'BINODPUR', 'বিনোদপুর', '10', 5280, 1, 1, 1, NULL, NULL),
(311, 5, 49, 365, '', '', '', 'CHAK KIRTI', 'চককির্তী', '11', NULL, 1, 1, 1, NULL, NULL),
(312, 5, 49, 365, '', '', '', 'DAIPUKURIA', 'দাইপুকুরিয়া', '17', 6340, 1, 1, 1, NULL, NULL),
(313, 5, 49, 365, '', '', '', 'DHAINAGAR', 'ধাইনগর', '23', 6340, 1, 1, 1, NULL, NULL),
(314, 5, 49, 365, '', '', '', 'DURLABHPUR', 'দূর্লভপুর', '29', 6340, 1, 1, 1, NULL, NULL),
(315, 5, 49, 365, '', '', '', 'GHORAPAKHIA', 'ঘোড়াপাখিয়া', '35', 6340, 1, 1, 1, NULL, NULL),
(316, 5, 49, 365, '', '', '', 'KANSAT', 'কানসাট', '41', 6340, 1, 1, 1, NULL, NULL),
(317, 5, 49, 365, '', '', '', 'MOBARAKPUR', 'মোবারকপুর', '47', 6340, 1, 1, 1, NULL, NULL),
(318, 5, 49, 365, '', '', '', 'MANAKOSA', 'মনাকষা', '53', NULL, 1, 1, 1, NULL, NULL),
(319, 5, 49, 365, '', '', '', 'NAYA NAOBHANGA', 'নয়ালাভাঙ্গা', '59', NULL, 1, 1, 1, NULL, NULL),
(320, 5, 49, 365, '', '', '', 'PANKA', 'পাঁকা', '65', 6340, 1, 1, 1, NULL, NULL),
(321, 5, 49, 365, '', '', '', 'SATRUJITPUR', 'ছত্রাজিতপুর', '71', 7600, 1, 1, 1, NULL, NULL),
(322, 5, 49, 365, '', '', '', 'SHAHBAJPUR', 'শাহাবাজপুর', '77', 6340, 1, 1, 1, NULL, NULL),
(323, 5, 49, 365, '', '', '', 'SHYAMPUR', 'শ্যামপুর', '89', 6340, 1, 1, 1, NULL, NULL),
(324, 5, 49, 365, '', '', '', 'UZIRPUR', 'উজিরপুর', '95', 6340, 1, 1, 1, NULL, NULL),
(325, 5, 50, 366, '', '', '', 'CHANDBA', 'চাদভা', '15', NULL, 1, 1, 1, NULL, NULL),
(326, 5, 50, 366, '', '', '', 'DEBOTTAR', 'দেবোত্তর', '31', 6610, 1, 1, 1, NULL, NULL),
(327, 5, 50, 366, '', '', '', 'EKDANTA', 'একদন্ত', '47', 6610, 1, 1, 1, NULL, NULL),
(328, 5, 50, 366, '', '', '', 'LAKSHMIPUR', 'লক্ষীপুর', '63', 3560, 1, 1, 1, NULL, NULL),
(329, 5, 50, 366, '', '', '', 'MAJH PARA', 'মাজপাড়া', '79', NULL, 1, 1, 1, NULL, NULL),
(330, 5, 50, 367, '', '', '', 'CHAKLA', 'চাকলা', '15', 6680, 1, 1, 1, NULL, NULL),
(331, 5, 50, 367, '', '', '', 'DHALAR CHAR', 'ঢালারচর', '21', NULL, 1, 1, 1, NULL, NULL),
(332, 5, 50, 367, '', '', '', 'HATURIA NAKALIA', 'হাটুরিয়া-নাকালিয়া', '31', 6680, 1, 1, 1, NULL, NULL),
(333, 5, 50, 367, '', '', '', 'JATSAKHNI', 'জাতসাখিনী', '42', NULL, 1, 1, 1, NULL, NULL),
(334, 5, 50, 367, '', '', '', 'KYTOLA', 'কৈটোলা', '47', NULL, 1, 1, 1, NULL, NULL),
(335, 5, 50, 367, '', '', '', 'MASUNDIA', 'মাশুমদিয়া', '52', NULL, 1, 1, 1, NULL, NULL),
(336, 5, 50, 367, '', '', '', 'NUTAN BHARENGA', 'নতুনভারেংগা', '63', NULL, 1, 1, 1, NULL, NULL),
(337, 5, 50, 367, '', '', '', 'PURAN BHARENGA', 'পুরানভারেংগা', '73', 6680, 1, 1, 1, NULL, NULL),
(338, 5, 50, 367, '', '', '', 'RUPPUR', 'রুপপুর', '84', 6680, 1, 1, 1, NULL, NULL),
(339, 5, 50, 368, '', '', '', 'ASHTA MANISHA', 'অষ্টমনিষা', '15', NULL, 1, 1, 1, NULL, NULL),
(340, 5, 50, 368, '', '', '', 'BHANGURA', 'ভাঙ্গুরা', '31', 6630, 1, 1, 1, NULL, NULL),
(341, 5, 50, 368, '', '', '', 'DIL PASAR', 'দিলপাশার', '47', NULL, 1, 1, 1, NULL, NULL),
(342, 5, 50, 368, '', '', '', 'KHAN MARICH', 'খানমরিচ', '63', NULL, 1, 1, 1, NULL, NULL),
(343, 5, 50, 368, '', '', '', 'MANDATOSH', 'মন্ডতোষ', '65', NULL, 1, 1, 1, NULL, NULL),
(344, 5, 50, 369, '', '', '', 'PARBHANGURIA', 'পার-ভাংগুড়া', '79', NULL, 1, 1, 1, NULL, NULL),
(345, 5, 50, 369, '', '', '', 'CHHAIKHOLA', 'ছাইকোলা', '11', NULL, 1, 1, 1, NULL, NULL),
(346, 5, 50, 369, '', '', '', 'BILCHALAN', 'বিলচলন', '13', NULL, 1, 1, 1, NULL, NULL),
(347, 5, 50, 369, '', '', '', 'DANTHIA BAMANGRAM', 'দাতিয়া বামনগ্রাম', '25', NULL, 1, 1, 1, NULL, NULL),
(348, 5, 50, 369, '', '', '', 'FAILJANA', 'ফৈলজানা', '34', 6630, 1, 1, 1, NULL, NULL),
(349, 5, 50, 369, '', '', '', 'GUNAIGACHHA', 'গুনাইগাছা', '43', 6630, 1, 1, 1, NULL, NULL),
(350, 5, 50, 369, '', '', '', 'HANDIAL', 'হান্ডিয়াল', '51', 6630, 1, 1, 1, NULL, NULL),
(351, 5, 50, 369, '', '', '', 'HARIPUR', 'হরিপুর', '60', 5130, 1, 1, 1, NULL, NULL),
(352, 5, 50, 369, '', '', '', 'MOTHURAPUR', 'মথুরাপুর', '70', NULL, 1, 1, 1, NULL, NULL),
(353, 5, 50, 369, '', '', '', 'MULGRAM', 'মূলগ্রাম', '77', 3460, 1, 1, 1, NULL, NULL),
(354, 5, 50, 369, '', '', '', 'NIMAICHARA', 'নিমাইচড়া', '86', 6630, 1, 1, 1, NULL, NULL),
(355, 5, 50, 370, '', '', '', 'PARSHADANGA', 'পার্শ্বডাঙ্গা', '94', NULL, 1, 1, 1, NULL, NULL),
(356, 5, 50, 370, '', '', '', 'BANWARINAGAR', 'বনওয়ারীনগর', '10', 6650, 1, 1, 1, NULL, NULL),
(357, 5, 50, 370, '', '', '', 'BRI-LAHIRIBARI', 'বৃলাড়ীবাড়ী', '31', NULL, 1, 1, 1, NULL, NULL),
(358, 5, 50, 370, '', '', '', 'DEMRA', 'ডেমরা', '42', 6650, 1, 1, 1, NULL, NULL),
(359, 5, 50, 370, '', '', '', 'FARIDPUR', 'ফরিদপুর', '52', 2340, 1, 1, 1, NULL, NULL),
(360, 5, 50, 370, '', '', '', 'HADAL', 'হাদল', '63', NULL, 1, 1, 1, NULL, NULL),
(361, 5, 50, 371, '', '', '', 'PUNGALI', 'পুংগলী', '84', NULL, 1, 1, 1, NULL, NULL),
(362, 5, 50, 371, '', '', '', 'DASHURIA', 'দাশুড়িা', '21', 6620, 1, 1, 1, NULL, NULL),
(363, 5, 50, 371, '', '', '', 'LAKSHMIKUNDI', 'লক্ষিকুন্ডা', '31', NULL, 1, 1, 1, NULL, NULL),
(364, 5, 50, 371, '', '', '', 'MULADULI', 'মুলাডুলি', '42', 6620, 1, 1, 1, NULL, NULL),
(365, 5, 50, 371, '', '', '', 'PAKSHI', 'পাকশী', '52', 6620, 1, 1, 1, NULL, NULL),
(366, 5, 50, 371, '', '', '', 'SAHAPUR', 'সাহাপুর', '63', 8100, 1, 1, 1, NULL, NULL),
(367, 5, 50, 371, '', '', '', 'SILIMPUR', 'ছলিমপুর', '73', 1900, 1, 1, 1, NULL, NULL),
(368, 5, 50, 372, '', '', '', 'SARA', 'সাঁড়া', '84', 6620, 1, 1, 1, NULL, NULL),
(369, 5, 50, 372, '', '', '', 'ATAIKOLA', 'আতাইকুলা', '16', NULL, 1, 1, 1, NULL, NULL),
(370, 5, 50, 372, '', '', '', 'BHARARA', 'ভাঁড়ারা', '17', 6600, 1, 1, 1, NULL, NULL),
(371, 5, 50, 372, '', '', '', 'CHAR TARAPUR', 'চরতারাপুর', '25', NULL, 1, 1, 1, NULL, NULL),
(372, 5, 50, 372, '', '', '', 'DAPUNIA', 'দাপুনিয়া', '34', 6600, 1, 1, 1, NULL, NULL),
(373, 5, 50, 372, '', '', '', 'DOGACHHI', 'দোগাছী', '43', 7300, 1, 1, 1, NULL, NULL),
(374, 5, 50, 372, '', '', '', 'GAYESHPUR', 'গয়েশপুর', '51', 7610, 1, 1, 1, NULL, NULL),
(375, 5, 50, 372, '', '', '', 'HEMAYETPUR', 'হেমায়েতপুর', '60', 6600, 1, 1, 1, NULL, NULL),
(376, 5, 50, 372, '', '', '', 'MALANCHI', 'মালঞ্চি', '69', NULL, 1, 1, 1, NULL, NULL),
(377, 5, 50, 372, '', '', '', 'MALIGACHHA', 'মালিগাছা', '77', 6600, 1, 1, 1, NULL, NULL),
(378, 5, 50, 373, '', '', '', 'SADULLAHPUR', 'সাদুল্লাপুর', '94', NULL, 1, 1, 1, NULL, NULL),
(379, 5, 50, 373, '', '', '', 'ATAIKOLA', 'আর-আতাইকুলা', '15', NULL, 1, 1, 1, NULL, NULL),
(380, 5, 50, 373, '', '', '', 'BHULBARIA', 'ভূলবাড়িয়া', '17', 6670, 1, 1, 1, NULL, NULL),
(381, 5, 50, 373, '', '', '', 'DHOPADAHA', 'ধোপাদহ', '25', 6670, 1, 1, 1, NULL, NULL),
(382, 5, 50, 373, '', '', '', 'DHULAURI', 'ধুলাউড়ি', '34', 6670, 1, 1, 1, NULL, NULL),
(383, 5, 50, 373, '', '', '', 'GAURIGRAM', 'গৌরীগ্রাম', '43', 6670, 1, 1, 1, NULL, NULL),
(384, 5, 50, 373, '', '', '', 'KARANJA', 'করমজা', '51', NULL, 1, 1, 1, NULL, NULL),
(385, 5, 50, 373, '', '', '', 'KASHINATHPUR', 'কাশিনাথপুর', '60', 6670, 1, 1, 1, NULL, NULL),
(386, 5, 50, 373, '', '', '', 'KHATU PARA', 'ক্ষেতুপাড়া', '69', NULL, 1, 1, 1, NULL, NULL),
(387, 5, 50, 373, '', '', '', 'NAGDEMRA', 'নাগডেমড়া', '77', 6670, 1, 1, 1, NULL, NULL),
(388, 5, 50, 374, '', '', '', 'NANDANPUR', 'নন্দনপুর', '86', 6670, 1, 1, 1, NULL, NULL),
(389, 5, 50, 374, '', '', '', 'AHAMMEDPUR', 'আহম্মদপুর', '17', NULL, 1, 1, 1, NULL, NULL),
(390, 5, 50, 374, '', '', '', 'DULAI', 'দুলাই', '19', 6660, 1, 1, 1, NULL, NULL),
(391, 5, 50, 374, '', '', '', 'HATKHALI', 'হাটখালী', '28', 6660, 1, 1, 1, NULL, NULL),
(392, 5, 50, 374, '', '', '', 'MANIKHAT', 'মানিকহাট', '38', 6660, 1, 1, 1, NULL, NULL),
(393, 5, 50, 374, '', '', '', 'NAZIRGANJ', 'নাজিরগঞ্জ', '47', 6660, 1, 1, 1, NULL, NULL),
(394, 5, 50, 374, '', '', '', 'RANINAGAR', 'রাণীনগর', '57', 6590, 1, 1, 1, NULL, NULL),
(395, 5, 50, 374, '', '', '', 'SAGARKANDI', 'সাগরকান্দি', '66', 6660, 1, 1, 1, NULL, NULL),
(396, 5, 50, 374, '', '', '', 'SATBARIA', 'সাতবাড়ীয়া', '76', 3580, 1, 1, 1, NULL, NULL),
(397, 5, 50, 374, '', '', '', 'BHAYNA (SUJANAGAR)', 'ভায়না (সুজানগর)', '85', NULL, 1, 1, 1, NULL, NULL),
(398, 5, 51, 375, '', '', '', 'TANTIBANDA', 'তাঁতিবন্দ', '95', NULL, 1, 1, 1, NULL, NULL),
(399, 5, 51, 375, '', '', '', 'ARANI', 'আড়ানী', '21', 6280, 1, 1, 1, NULL, NULL),
(400, 5, 51, 375, '', '', '', 'BAJUBAGHA', 'বাজুবাঘা', '22', 6280, 1, 1, 1, NULL, NULL),
(401, 5, 51, 375, '', '', '', 'BAUSA', 'বাউসা', '23', 6280, 1, 1, 1, NULL, NULL),
(402, 5, 51, 375, '', '', '', 'GARGARI', 'গড়গড়ি', '55', 6280, 1, 1, 1, NULL, NULL),
(403, 5, 51, 375, '', '', '', 'MANIGRAM', 'মনিগ্রাম', '63', 6280, 1, 1, 1, NULL, NULL),
(404, 5, 51, 376, '', '', '', 'PAKURIA', 'পাকুড়িয়া', '79', 6280, 1, 1, 1, NULL, NULL),
(405, 5, 51, 376, '', '', '', 'AUCH PARA', 'আউচপাড়া', '20', NULL, 1, 1, 1, NULL, NULL),
(406, 5, 51, 376, '', '', '', 'BARA BIHANALI', 'বড়বিহানালী', '22', NULL, 1, 1, 1, NULL, NULL),
(407, 5, 51, 376, '', '', '', 'BASU PARA', 'বাসুপাড়া', '24', NULL, 1, 1, 1, NULL, NULL),
(408, 5, 51, 376, '', '', '', 'DWIPPUR', 'দ্বীপপুর', '31', 6250, 1, 1, 1, NULL, NULL),
(409, 5, 51, 376, '', '', '', 'GOALKANDI', 'গোয়ালকান্দি', '37', 6250, 1, 1, 1, NULL, NULL),
(410, 5, 51, 376, '', '', '', 'GOBINDA PARA', 'গোবিন্দপাড়া', '44', 6250, 1, 1, 1, NULL, NULL),
(411, 5, 51, 376, '', '', '', 'GANIPUR', 'গনিপুর', '50', 6250, 1, 1, 1, NULL, NULL),
(412, 5, 51, 376, '', '', '', 'HAMIR KUTSHA', 'হামিরকুৎসা', '56', NULL, 1, 1, 1, NULL, NULL),
(413, 5, 51, 376, '', '', '', 'JHIKRA', 'ঝিকরা', '63', 6250, 1, 1, 1, NULL, NULL),
(414, 5, 50, 376, '', '', '', 'JOGI PARA', 'যোগীপাড়া', '69', NULL, 1, 1, 1, NULL, NULL),
(415, 5, 51, 376, '', '', '', 'KACHHARI KAYALI PARA', 'কাচারী কোয়ালীপাড়া', '72', NULL, 1, 1, 1, NULL, NULL),
(416, 5, 51, 376, '', '', '', 'MARIA', 'মাড়িয়া', '75', 2300, 1, 1, 1, NULL, NULL),
(417, 5, 51, 376, '', '', '', 'NARDAS', 'নরদাশ', '82', NULL, 1, 1, 1, NULL, NULL),
(418, 5, 51, 376, '', '', '', 'SONADANGA', 'সোনাডাঙ্গা', '85', 6250, 1, 1, 1, NULL, NULL),
(419, 5, 51, 376, '', '', '', 'SUBHADANGA', 'শুভডাঙ্গা', '94', 6250, 1, 1, 1, NULL, NULL),
(420, 5, 51, 376, '', '', '', 'SREEPUR', 'শ্রীপুর', '88', 7610, 1, 1, 1, NULL, NULL),
(421, 5, 51, 377, '', '', '', 'BHAYA LAKSHMIPUR', 'ভায়ালক্ষীপুর', '31', NULL, 1, 1, 1, NULL, NULL),
(422, 5, 51, 377, '', '', '', 'CHARGHAT', 'চারঘাট', '39', 6270, 1, 1, 1, NULL, NULL),
(423, 5, 51, 377, '', '', '', 'YUSUFPUR', 'ইউসুফপুর', '47', 3530, 1, 1, 1, NULL, NULL),
(424, 5, 51, 377, '', '', '', 'NIMPARA', 'নিমপাড়া', '71', 6270, 1, 1, 1, NULL, NULL),
(425, 5, 51, 377, '', '', '', 'SALUA', 'শলুয়া', '87', 2340, 1, 1, 1, NULL, NULL),
(426, 5, 51, 377, '', '', '', 'SARDAH', 'সরদহ', '94', 6270, 1, 1, 1, NULL, NULL),
(427, 5, 51, 378, '', '', '', 'DELUABARI', 'দেলুয়াবাড়ী', '11', 6240, 1, 1, 1, NULL, NULL),
(428, 5, 51, 378, '', '', '', 'DHARMAPUR (PANANAGAR)', 'পানানগর', '23', NULL, 1, 1, 1, NULL, NULL),
(429, 5, 51, 378, '', '', '', 'JHALUKA', 'ঝালুকা', '35', 6240, 1, 1, 1, NULL, NULL),
(430, 5, 51, 378, '', '', '', 'JOYNAGAR', 'জয়নগর', '47', 9410, 1, 1, 1, NULL, NULL),
(431, 5, 51, 378, '', '', '', 'KISMAT GANKAIR', 'কিসমতগনকৈড়', '59', NULL, 1, 1, 1, NULL, NULL),
(432, 5, 51, 378, '', '', '', 'MARIA', 'মাড়িয়া', '71', 2300, 1, 1, 1, NULL, NULL),
(433, 5, 51, 378, '', '', '', 'NOAPARA', 'নওপাড়া', '83', 9430, 1, 1, 1, NULL, NULL),
(434, 5, 51, 379, '', '', '', 'BASUDEBPUR', 'বাসুদেবপুর', '22', 6290, 1, 1, 1, NULL, NULL),
(435, 5, 51, 379, '', '', '', 'CHAR ASHARIADAHA', 'চর আষাড়িয়াদহ', '25', 6290, 1, 1, 1, NULL, NULL),
(436, 5, 51, 379, '', '', '', 'DEOPARA', 'দেওপাড়া', '28', 1980, 1, 1, 1, NULL, NULL),
(437, 5, 51, 379, '', '', '', 'GODAGARI', 'গোদাগাড়ী', '38', 6290, 1, 1, 1, NULL, NULL),
(438, 5, 51, 379, '', '', '', 'GOGRAM', 'গোগ্রাম', '47', 6290, 1, 1, 1, NULL, NULL),
(439, 5, 51, 379, '', '', '', 'MATIKATA', 'মাটিকাটা', '57', 6290, 1, 1, 1, NULL, NULL),
(440, 5, 51, 379, '', '', '', 'MOHANPUR', 'মোহনপুর', '66', 5220, 1, 1, 1, NULL, NULL),
(441, 5, 51, 379, '', '', '', 'PAKRI', 'পাকড়ী', '76', 6290, 1, 1, 1, NULL, NULL),
(442, 5, 51, 379, '', '', '', 'RISHIKUL', 'রিশিকুল', '85', 6290, 1, 1, 1, NULL, NULL),
(443, 5, 51, 380, '', '', '', 'BAKSHIMAIL', 'বক্সিমাইল', '13', NULL, 1, 1, 1, NULL, NULL),
(444, 5, 51, 380, '', '', '', 'DHURAIL', 'ধুরাইল', '27', 7900, 1, 1, 1, NULL, NULL),
(445, 5, 51, 380, '', '', '', 'GHASIGRAM', 'ঘাসিগ্রাম', '40', 6220, 1, 1, 1, NULL, NULL),
(446, 5, 51, 380, '', '', '', 'JAHANABAD', 'জাহানাবাদ', '54', 6220, 1, 1, 1, NULL, NULL),
(447, 5, 51, 380, '', '', '', 'MAUGACHHI', 'মউগাচ্ছি', '67', NULL, 1, 1, 1, NULL, NULL),
(448, 5, 51, 380, '', '', '', 'ROYGHATI', 'রইঘাতি', '81', 6220, 1, 1, 1, NULL, NULL),
(449, 5, 51, 381, '', '', '', 'BARAGACHHI', 'বড়গাছি', '27', 6210, 1, 1, 1, NULL, NULL),
(450, 5, 51, 381, '', '', '', 'DAMKUR', 'দামকুড়া', '35', 6210, 1, 1, 1, NULL, NULL),
(451, 5, 51, 381, '', '', '', 'DARSHAN PARA', 'দর্শনপাড়া', '43', 6210, 1, 1, 1, NULL, NULL),
(452, 5, 51, 381, '', '', '', 'HARAGRAM', 'হড়গ্রাম', '51', 6210, 1, 1, 1, NULL, NULL),
(453, 5, 51, 381, '', '', '', 'HARIAN', 'হরিয়ান', '54', 6210, 1, 1, 1, NULL, NULL),
(454, 5, 51, 381, '', '', '', 'HARIPUR', 'হরিপুর', '61', 5130, 1, 1, 1, NULL, NULL),
(455, 5, 51, 381, '', '', '', 'HUJURI PARA', 'হুজুরিপাড়া', '65', 6210, 1, 1, 1, NULL, NULL),
(456, 5, 51, 381, '', '', '', 'PARILA', 'পারিলা', '87', 6210, 1, 1, 1, NULL, NULL),
(457, 5, 51, 382, '', '', '', 'BANESHWAR', 'বানেশ্বর', '13', 6260, 1, 1, 1, NULL, NULL),
(458, 5, 51, 382, '', '', '', 'BELPUKURIA', 'বেলপুকুরিয়া', '27', 6260, 1, 1, 1, NULL, NULL),
(459, 5, 51, 382, '', '', '', 'BHALUKGACHHI', 'ভালুকগাছী', '40', 6260, 1, 1, 1, NULL, NULL),
(460, 5, 51, 382, '', '', '', 'JEOPARA', 'জিউপাড়া', '54', NULL, 1, 1, 1, NULL, NULL),
(461, 5, 51, 382, '', '', '', 'PUTHIA', 'পুথিয়া', '67', 6260, 1, 1, 1, NULL, NULL),
(462, 5, 51, 382, '', '', '', 'SILMARIA', 'শিলমাড়িয়া', '81', 6260, 1, 1, 1, NULL, NULL),
(463, 5, 51, 383, '', '', '', 'BADHAIR', 'বাধাইড়', '27', 6230, 1, 1, 1, NULL, NULL),
(464, 5, 51, 383, '', '', '', 'CHANDURIA', 'চাঁন্দুড়িয়া', '40', 6230, 1, 1, 1, NULL, NULL),
(465, 5, 51, 383, '', '', '', 'KALMA', 'কলমা', '54', 8330, 1, 1, 1, NULL, NULL),
(466, 5, 51, 383, '', '', '', 'KAMARGAON', 'কামারগাঁ', '57', 6230, 1, 1, 1, NULL, NULL),
(467, 5, 51, 383, '', '', '', 'PACHANDAR', 'পাঁচন্দর', '70', 6230, 1, 1, 1, NULL, NULL),
(468, 5, 51, 383, '', '', '', 'SARANJAI', 'সরনজাই', '77', NULL, 1, 1, 1, NULL, NULL),
(469, 5, 51, 383, '', '', '', 'TALANDA', 'তালন্দ', '81', NULL, 1, 1, 1, NULL, NULL),
(470, 5, 52, 384, '', '', '', 'BARA DHUL', 'বড়ধুল', '13', NULL, 1, 1, 1, NULL, NULL),
(471, 5, 52, 384, '', '', '', 'BELKUCHI', 'বেলকুচি', '27', 6740, 1, 1, 1, NULL, NULL),
(472, 5, 52, 384, '', '', '', 'BHANGABARI', 'ভাঙ্গাবাড়ী', '40', 6321, 1, 1, 1, NULL, NULL),
(473, 5, 52, 384, '', '', '', 'DAULATPUR', 'দৌলতপুর', '54', 7050, 1, 1, 1, NULL, NULL),
(474, 5, 52, 384, '', '', '', 'DHUKARIA BERA', 'ধুকুরিয়াবেড়া', '67', NULL, 1, 1, 1, NULL, NULL),
(475, 5, 52, 384, '', '', '', 'RAJAPUR', 'রাজাপুর', '81', 7630, 1, 1, 1, NULL, NULL),
(476, 5, 52, 385, '', '', '', 'BAGUTIA', 'বাঘুটিয়া', '21', NULL, 1, 1, 1, NULL, NULL),
(477, 5, 52, 385, '', '', '', 'GHARJAN', 'ঘোড়জান', '23', NULL, 1, 1, 1, NULL, NULL),
(478, 5, 52, 385, '', '', '', 'KHAS KAULIA', 'খাষকাউলিয়া', '27', NULL, 1, 1, 1, NULL, NULL),
(479, 5, 52, 385, '', '', '', 'KHAS PUKURIA', 'খাষপুকুরিয়া', '31', NULL, 1, 1, 1, NULL, NULL),
(480, 5, 52, 385, '', '', '', 'OMARPUR', 'উমারপুর', '37', 3120, 1, 1, 1, NULL, NULL),
(481, 5, 52, 385, '', '', '', 'SADIA CHANDPUR', 'সদিয়া চাঁদপুর', '47', NULL, 1, 1, 1, NULL, NULL),
(482, 5, 52, 385, '', '', '', 'STHAL', 'স্থল', '71', 6752, 1, 1, 1, NULL, NULL),
(483, 5, 52, 386, '', '', '', 'BHADRAGHAT', 'ভদ্রঘাট', '19', 6730, 1, 1, 1, NULL, NULL),
(484, 5, 52, 386, '', '', '', 'JAMTAIL', 'জামতৈল', '38', NULL, 1, 1, 1, NULL, NULL),
(485, 5, 52, 386, '', '', '', 'JHAWAIL', 'ঝাঐল', '57', NULL, 1, 1, 1, NULL, NULL),
(486, 5, 52, 386, '', '', '', 'ROY DAULATPUR', 'রায়দৌলতপুর', '76', NULL, 1, 1, 1, NULL, NULL),
(487, 5, 52, 387, '', '', '', 'CHAR GIRISH', 'চরগিরিশ', '15', NULL, 1, 1, 1, NULL, NULL),
(488, 5, 52, 387, '', '', '', 'CHALITADANGA', 'চালিতাডাঙ্গা', '17', 6710, 1, 1, 1, NULL, NULL),
(489, 5, 52, 387, '', '', '', 'GANDAIL', 'গান্ধাইল', '25', NULL, 1, 1, 1, NULL, NULL),
(490, 5, 52, 387, '', '', '', 'KAZIPUR', 'কাজিপুর', '34', 7110, 1, 1, 1, NULL, NULL),
(491, 5, 52, 387, '', '', '', 'KHAS RAJBARI', 'খাসরাজবাড়ী', '43', NULL, 1, 1, 1, NULL, NULL),
(492, 5, 52, 387, '', '', '', 'MAIJBARI', 'মাইজবাড়ী', '51', 6710, 1, 1, 1, NULL, NULL),
(493, 5, 52, 387, '', '', '', 'MANSUR NAGAR', 'মনসুরনগর', '56', NULL, 1, 1, 1, NULL, NULL),
(494, 5, 52, 387, '', '', '', 'NATUAR PARA', 'নাটুয়ারপাড়া', '60', NULL, 1, 1, 1, NULL, NULL),
(495, 5, 52, 387, '', '', '', 'NISHCHINTAPUR', 'নিশ্চিন্তপুর', '69', 6710, 1, 1, 1, NULL, NULL),
(496, 5, 52, 387, '', '', '', 'SONAMUKHI', 'সোনামূখী', '77', 5940, 1, 1, 1, NULL, NULL),
(497, 5, 52, 387, '', '', '', 'SUBHAGACHHA', 'শুভগাছা', '86', 6710, 1, 1, 1, NULL, NULL),
(498, 5, 52, 387, '', '', '', 'TEKANI', 'তেকানী', '94', 6710, 1, 1, 1, NULL, NULL),
(499, 5, 52, 388, '', '', '', 'BRAHMAGACHHA', 'ব্রহ্মগাছা', '13', NULL, 1, 1, 1, NULL, NULL),
(500, 5, 52, 388, '', '', '', 'CHANDAIKONA', 'চান্দাইকোনা', '19', 6720, 1, 1, 1, NULL, NULL),
(501, 5, 52, 388, '', '', '', 'DHAMAINAGAR', 'ধামাইনগর', '28', 6720, 1, 1, 1, NULL, NULL),
(502, 5, 52, 388, '', '', '', 'DHANGARA', 'ধানগড়া', '38', 6720, 1, 1, 1, NULL, NULL),
(503, 5, 52, 388, '', '', '', 'DHUBIL', 'ধুবিল', '47', 6720, 1, 1, 1, NULL, NULL),
(504, 5, 52, 388, '', '', '', 'GHURKA', 'ঘুড়কা', '57', NULL, 1, 1, 1, NULL, NULL),
(505, 5, 52, 388, '', '', '', 'NALKA', 'ঘুড়কা', '66', 6720, 1, 1, 1, NULL, NULL),
(506, 5, 52, 388, '', '', '', 'PANGASHI', 'পাঙ্গাসী', '76', 6720, 1, 1, 1, NULL, NULL),
(507, 5, 52, 388, '', '', '', 'SONAKHARA', 'সোনাখাড়া', '85', 6720, 1, 1, 1, NULL, NULL),
(508, 5, 52, 389, '', '', '', 'BELTAIL', 'বেলতৈল', '12', 6770, 1, 1, 1, NULL, NULL),
(509, 5, 52, 389, '', '', '', 'GALA', 'গালা', '14', 1830, 1, 1, 1, NULL, NULL),
(510, 5, 52, 389, '', '', '', 'GARADAHA', 'গাড়াদহ', '21', 6770, 1, 1, 1, NULL, NULL),
(511, 5, 52, 389, '', '', '', 'JALALPUR', 'জালালপুর', '29', 9420, 1, 1, 1, NULL, NULL),
(512, 5, 52, 389, '', '', '', 'KAIJURI', 'কৈজুরী', '36', NULL, 1, 1, 1, NULL, NULL),
(513, 5, 52, 389, '', '', '', 'KAYEMPUR', 'কায়েমপুর', '43', 3460, 1, 1, 1, NULL, NULL),
(514, 5, 52, 389, '', '', '', 'KHUKNI', 'খুকনী', '51', 6770, 1, 1, 1, NULL, NULL),
(515, 5, 52, 389, '', '', '', 'NARINA', 'নরিনা', '58', 6770, 1, 1, 1, NULL, NULL),
(516, 5, 52, 389, '', '', '', 'PORJANA', 'পোরজনা', '65', NULL, 1, 1, 1, NULL, NULL),
(517, 5, 52, 389, '', '', '', 'POTAJIA', 'পোতাজিয়া', '73', 6770, 1, 1, 1, NULL, NULL),
(518, 5, 52, 389, '', '', '', 'RUPABATI', 'রূপবাটি', '80', 6770, 1, 1, 1, NULL, NULL),
(519, 5, 52, 389, '', '', '', 'HABIBULLANAGAR', 'হাবিবুল্লা নগর', '87', NULL, 1, 1, 1, NULL, NULL),
(520, 5, 52, 389, '', '', '', 'SONATANI', 'সোনাতনী', '94', 6770, 1, 1, 1, NULL, NULL),
(521, 5, 52, 390, '', '', '', 'BAGHBATI', 'বাগবাটি', '16', NULL, 1, 1, 1, NULL, NULL),
(522, 5, 52, 390, '', '', '', 'BAHULI', 'বহুলী', '17', 6700, 1, 1, 1, NULL, NULL),
(523, 5, 52, 390, '', '', '', 'KALIA HARIPUR', 'কালিয়াহরিপুর', '25', NULL, 1, 1, 1, NULL, NULL),
(524, 5, 52, 390, '', '', '', 'KAOAKOLA', 'কাওয়াকোলা', '34', NULL, 1, 1, 1, NULL, NULL),
(525, 5, 52, 390, '', '', '', 'KHOKSABARI', 'খোকশাবাড়ী', '43', 6700, 1, 1, 1, NULL, NULL),
(526, 5, 52, 390, '', '', '', 'MECHHRA', 'মেছড়া', '51', 6700, 1, 1, 1, NULL, NULL),
(527, 5, 52, 390, '', '', '', 'RATANKANDI', 'রতনকান্দি', '60', 6700, 1, 1, 1, NULL, NULL),
(528, 5, 52, 390, '', '', '', 'SAIDABAD', 'সয়দাবাদ', '69', NULL, 1, 1, 1, NULL, NULL),
(529, 5, 52, 390, '', '', '', 'SHIALKUL', 'শিয়ালকোল', '77', NULL, 1, 1, 1, NULL, NULL),
(530, 5, 52, 390, '', '', '', 'CHHANGACHHA', 'ছোনগাছা', '94', NULL, 1, 1, 1, NULL, NULL),
(531, 5, 52, 391, '', '', '', 'BARUHAS', 'বারুহাস', '10', 6780, 1, 1, 1, NULL, NULL),
(532, 5, 52, 391, '', '', '', 'DESHIGRAM', 'দেশীগ্রাম', '21', 6780, 1, 1, 1, NULL, NULL),
(533, 5, 52, 391, '', '', '', 'MADHAINAGAR', 'মাধাইনগর', '31', NULL, 1, 1, 1, NULL, NULL),
(534, 5, 52, 391, '', '', '', 'MAGURA BINOD', 'মাগুড়াবিনোদ', '42', NULL, 1, 1, 1, NULL, NULL),
(535, 5, 52, 391, '', '', '', 'NAOGAON', 'নওগাঁ', '52', 6780, 1, 1, 1, NULL, NULL),
(536, 5, 52, 391, '', '', '', 'SAGUNA', 'সগুনা', '63', 6780, 1, 1, 1, NULL, NULL),
(537, 5, 52, 391, '', '', '', 'TALAM', 'তালম', '73', NULL, 1, 1, 1, NULL, NULL),
(538, 5, 52, 391, '', '', '', 'TARASH', 'তাড়াশ', '84', 6780, 1, 1, 1, NULL, NULL),
(539, 5, 52, 391, '', '', '', 'BANGALA', 'বাঙ্গালাইউ', '12', 6760, 1, 1, 1, NULL, NULL),
(540, 5, 52, 392, '', '', '', 'BARAHAR', 'বারাহার', '14', 6760, 1, 1, 1, NULL, NULL),
(541, 5, 52, 392, '', '', '', 'BARA PANGASHI', 'বড়পাঙ্গাসী', '21', 6760, 1, 1, 1, NULL, NULL),
(542, 5, 52, 392, '', '', '', 'DURGANAGAR', 'দূগার্নগরইউ', '29', 6760, 1, 1, 1, NULL, NULL),
(543, 5, 52, 392, '', '', '', 'HATIKUMRUL', 'হাটিকুমরুলইউ', '36', NULL, 1, 1, 1, NULL, NULL),
(544, 5, 52, 392, '', '', '', 'KOYRA', 'কয়ড়া', '39', 9000, 1, 1, 1, NULL, NULL),
(545, 5, 52, 392, '', '', '', 'MOHANPUR', 'মোহনপুর', '43', 5220, 1, 1, 1, NULL, NULL),
(546, 5, 52, 392, '', '', '', 'PANCHA KRUSHI', 'পঞ্চক্রোশী', '51', NULL, 1, 1, 1, NULL, NULL),
(547, 5, 52, 392, '', '', '', 'PURNIMAGANTI', 'পূনির্মাগাঁতী', '58', NULL, 1, 1, 1, NULL, NULL),
(548, 5, 52, 392, '', '', '', 'RAMKRISHNAPUR', 'রামকৃষ্ণপুর', '65', 7050, 1, 1, 1, NULL, NULL),
(549, 5, 52, 392, '', '', '', 'SALANGA', 'সলঙ্গা', '73', NULL, 1, 1, 1, NULL, NULL),
(550, 5, 52, 392, '', '', '', 'SALAP', 'সলপ', '80', 6760, 1, 1, 1, NULL, NULL),
(551, 5, 52, 392, '', '', '', 'UDHUNIA', 'উধুনিয়া', '87', NULL, 1, 1, 1, NULL, NULL),
(552, 5, 52, 392, '', '', '', 'ULLAH PARA', 'বেলতৈল', '94', NULL, 1, 1, 1, NULL, NULL),
(553, 6, 53, 393, '', '', '', 'BENAIL', 'বিনাইল', '11', 5266, 1, 1, 1, NULL, NULL),
(554, 6, 53, 393, '', '', '', 'MUKUNDAPUR', 'মুকুন্দপুর', '23', 5226, 1, 1, 1, NULL, NULL),
(555, 6, 53, 393, '', '', '', 'DEOR', 'দিওড়', '35', 5266, 1, 1, 1, NULL, NULL),
(556, 6, 53, 393, '', '', '', 'JOTBANI', 'জোতবানী', '47', 5266, 1, 1, 1, NULL, NULL),
(557, 6, 53, 393, '', '', '', 'KATLA', 'কাটলা', '59', 5266, 1, 1, 1, NULL, NULL),
(558, 6, 53, 393, '', '', '', 'KHANPUR', 'খানপুর', '71', 7440, 1, 1, 1, NULL, NULL),
(559, 6, 53, 393, '', '', '', 'PALI PRAYAGPUR', 'পলিপ্রয়াগপুর', '83', NULL, 1, 1, 1, NULL, NULL),
(560, 6, 53, 394, '', '', '', 'MARICHA', 'মরিচা', '17', 7050, 1, 1, 1, NULL, NULL),
(561, 6, 53, 394, '', '', '', 'MOHAMMADPUR', 'মোহাম্মদপুর', '25', 7630, 1, 1, 1, NULL, NULL),
(562, 6, 53, 394, '', '', '', 'MOHANPUR', 'মোহনপুর', '34', 5220, 1, 1, 1, NULL, NULL),
(563, 6, 53, 394, '', '', '', 'NIJPARA', 'নিজপাড়া', '43', 5220, 1, 1, 1, NULL, NULL),
(564, 6, 53, 394, '', '', '', 'PALASHBARI', 'পলাশবাড়ী', '51', 5250, 1, 1, 1, NULL, NULL),
(565, 6, 53, 394, '', '', '', 'PALTAPUR', 'পাল্টাপুর', '60', 5220, 1, 1, 1, NULL, NULL),
(566, 6, 53, 394, '', '', '', 'SHATAGRAM', 'শতগ্রাম', '69', 5220, 1, 1, 1, NULL, NULL),
(567, 6, 53, 394, '', '', '', 'SATAIR', 'সাতোর', '77', 7860, 1, 1, 1, NULL, NULL),
(568, 6, 53, 394, '', '', '', 'SHIBRAMPUR', 'শিবরামপুর', '86', 5220, 1, 1, 1, NULL, NULL),
(569, 6, 53, 394, '', '', '', 'SUJALPUR', 'সুজালপুর', '94', 5220, 1, 1, 1, NULL, NULL),
(570, 6, 53, 394, '', '', '', 'BHOGNAGAR', 'ভোগনগর', '13', 5220, 1, 1, 1, NULL, NULL),
(571, 6, 53, 395, '', '', '', 'AZIMPUR', 'আজিমপুর', '13', 5210, 1, 1, 1, NULL, NULL),
(572, 6, 53, 395, '', '', '', 'BHANDARA', 'ভান্ডারা', '19', NULL, 1, 1, 1, NULL, NULL),
(573, 6, 53, 395, '', '', '', 'BIRAL', 'বিরল', '28', NULL, 1, 1, 1, NULL, NULL),
(574, 6, 53, 395, '', '', '', 'BIJORA', 'বিজোড়া', '38', 5210, 1, 1, 1, NULL, NULL),
(575, 6, 53, 395, '', '', '', 'DHAMAIR', 'ধামইর', '47', 5210, 1, 1, 1, NULL, NULL),
(576, 6, 53, 395, '', '', '', 'DHARMAPUR', 'ধর্মপুর', '57', 5210, 1, 1, 1, NULL, NULL),
(577, 6, 53, 395, '', '', '', 'FARAKKABAD', 'ফরাক্কাবাদ', '66', 5210, 1, 1, 1, NULL, NULL);
INSERT INTO `geo_unions` (`id`, `geo_division_id`, `geo_district_id`, `geo_upazila_id`, `division_bbs_code`, `district_bbs_code`, `upazila_bbs_code`, `union_name_eng`, `union_name_bng`, `bbs_code`, `postcode`, `status`, `created_by`, `modified_by`, `created_at`, `updated_at`) VALUES
(578, 6, 53, 395, '', '', '', 'MANGALPUR', 'মঙ্গলপুর', '76', 5210, 1, 1, 1, NULL, NULL),
(579, 6, 53, 395, '', '', '', 'PALASHBARI', 'পলাশবাড়ী', '80', 5250, 1, 1, 1, NULL, NULL),
(580, 6, 53, 395, '', '', '', 'RANIPUKUR', 'রানিপুকুর', '', 5210, 1, 1, 1, NULL, NULL),
(581, 6, 53, 395, '', '', '', 'SOHORGRAM', 'শহর গ্রাম', '', NULL, 1, 1, 1, NULL, NULL),
(582, 6, 53, 396, '', '', '', 'ATGAON', 'আটগাঁও', '13', 5200, 1, 1, 1, NULL, NULL),
(583, 6, 53, 396, '', '', '', 'CHHATAIL', 'ছাতইল', '27', 5200, 1, 1, 1, NULL, NULL),
(584, 6, 53, 396, '', '', '', 'ISHANIA', 'ঈশানিয়া ', '40', 5200, 1, 1, 1, NULL, NULL),
(585, 6, 53, 396, '', '', '', 'MUSHIDHAT', 'মুর্শিদহাট', '54', NULL, 1, 1, 1, NULL, NULL),
(586, 6, 53, 396, '', '', '', 'NAFANAGAR', 'নাফানগর', '67', 5200, 1, 1, 1, NULL, NULL),
(587, 6, 53, 396, '', '', '', 'RANGAON', 'রনগাঁও', '81', 5200, 1, 1, 1, NULL, NULL),
(588, 6, 53, 397, '', '', '', 'ABDULPUR', 'আব্দুলপুর ', '13', 5240, 1, 1, 1, NULL, NULL),
(589, 6, 53, 397, '', '', '', 'ALOKDIHI', 'আলোকডিহি', '15', 5240, 1, 1, 1, NULL, NULL),
(590, 6, 53, 397, '', '', '', 'AMARPUR', 'অমরপুর', '23', 5240, 1, 1, 1, NULL, NULL),
(591, 6, 53, 397, '', '', '', 'AULIA PUKUR', 'আউলিয়াপুকুর', '31', NULL, 1, 1, 1, NULL, NULL),
(592, 6, 53, 397, '', '', '', 'BHIAIL', 'ভিয়াইল', '39', 5240, 1, 1, 1, NULL, NULL),
(593, 6, 53, 397, '', '', '', 'FATEHJANAPUR', 'ফতেজংপুর', '47', NULL, 1, 1, 1, NULL, NULL),
(594, 6, 53, 397, '', '', '', 'ISABPUR', 'ইসবপুর', '55', 5240, 1, 1, 1, NULL, NULL),
(595, 6, 53, 397, '', '', '', 'NASRATPUR', 'নশরতপুর', '63', 5240, 1, 1, 1, NULL, NULL),
(596, 6, 53, 397, '', '', '', 'PUNATTI', 'পুনট্টি', '71', NULL, 1, 1, 1, NULL, NULL),
(597, 6, 53, 397, '', '', '', 'SAINTARA', 'সাইতারা', '79', 5240, 1, 1, 1, NULL, NULL),
(598, 6, 53, 397, '', '', '', 'SATNALA', 'সাতনালা', '87', 5240, 1, 1, 1, NULL, NULL),
(599, 6, 53, 397, '', '', '', 'TENTULIA', 'তেতুলিয়া', '94', 9420, 1, 1, 1, NULL, NULL),
(600, 6, 53, 398, '', '', '', 'ALADIPUR', 'আলাদিপুর', '25', 5260, 1, 1, 1, NULL, NULL),
(601, 6, 53, 398, '', '', '', 'BETDIGHI', 'বেতদিঘী', '28', 5260, 1, 1, 1, NULL, NULL),
(602, 6, 53, 398, '', '', '', 'DAULATPUR', 'দৌলতপুর', '38', 7050, 1, 1, 1, NULL, NULL),
(603, 6, 53, 398, '', '', '', 'ELUARY', 'এলুয়াড়ী', '47', 5260, 1, 1, 1, NULL, NULL),
(604, 6, 53, 398, '', '', '', 'KAZIHAL', 'কাজীহাল', '66', 5260, 1, 1, 1, NULL, NULL),
(605, 6, 53, 398, '', '', '', 'KHAYERBARI', 'খয়েরবাড়ী', '76', NULL, 1, 1, 1, NULL, NULL),
(606, 6, 53, 399, '', '', '', 'BULAKIPUR', 'বুলাকীপুর', '19', 5291, 1, 1, 1, NULL, NULL),
(607, 6, 53, 399, '', '', '', 'GHORAGHAT', 'ঘোড়াঘাট', '38', 5291, 1, 1, 1, NULL, NULL),
(608, 6, 53, 399, '', '', '', 'PALSA', 'পালশা ', '57', NULL, 1, 1, 1, NULL, NULL),
(609, 6, 53, 399, '', '', '', 'SINGRA', 'সিংড়া', '76', NULL, 1, 1, 1, NULL, NULL),
(610, 6, 53, 400, '', '', '', 'ALIHAT', 'আলীহাট', '13', 5270, 1, 1, 1, NULL, NULL),
(611, 6, 53, 400, '', '', '', 'BOALDAR', 'বোয়ালদার', '40', 5270, 1, 1, 1, NULL, NULL),
(612, 6, 53, 400, '', '', '', 'KHATTA MADHAB PARA', 'খট্টামাধবপাড়া ', '81', NULL, 1, 1, 1, NULL, NULL),
(613, 6, 53, 401, '', '', '', 'DABAR', 'ডাবোর', '15', NULL, 1, 1, 1, NULL, NULL),
(614, 6, 53, 401, '', '', '', 'MUKUNDAPUR', 'মুকুন্দপুর', '31', 5226, 1, 1, 1, NULL, NULL),
(615, 6, 53, 401, '', '', '', 'RAMCHANDRAPUR', 'রামচন্দ্রপুর', '47', 9320, 1, 1, 1, NULL, NULL),
(616, 6, 53, 401, '', '', '', 'RASULPUR', 'রসুলপুর', '63', 8340, 1, 1, 1, NULL, NULL),
(617, 6, 53, 401, '', '', '', 'SUNDARPUR', 'সুন্দরপুর', '79', 6300, 1, 1, 1, NULL, NULL),
(618, 6, 53, 402, '', '', '', 'TARGAON', 'তারগাঁও', '94', 1730, 1, 1, 1, NULL, NULL),
(619, 6, 53, 402, '', '', '', 'ALOKJHARI', 'আলোকঝাড়ী', '15', NULL, 1, 1, 1, NULL, NULL),
(620, 6, 53, 402, '', '', '', 'ANGAR PARA', 'আঙ্গারপাড়া', '31', NULL, 1, 1, 1, NULL, NULL),
(621, 6, 53, 402, '', '', '', 'BHABKI', 'ভাবকী', '47', NULL, 1, 1, 1, NULL, NULL),
(622, 6, 53, 402, '', '', '', 'BHERBHERI', 'ভেড়ভেড়ী', '63', NULL, 1, 1, 1, NULL, NULL),
(623, 6, 53, 402, '', '', '', 'GOALDIHI', 'গোয়ালডিহি', '79', 5230, 1, 1, 1, NULL, NULL),
(624, 6, 53, 402, '', '', '', 'KHAMAR PARA', 'খামারপাড়া', '94', NULL, 1, 1, 1, NULL, NULL),
(625, 6, 53, 403, '', '', '', 'BINODNAGAR', 'বিনোদনগর', '17', NULL, 1, 1, 1, NULL, NULL),
(626, 6, 53, 403, '', '', '', 'DAUDPUR', 'দাউদপুর', '25', 5280, 1, 1, 1, NULL, NULL),
(627, 6, 53, 403, '', '', '', 'GOLAPGANJ', 'গোলাপগঞ্জ', '43', NULL, 1, 1, 1, NULL, NULL),
(628, 6, 53, 403, '', '', '', 'JOYPUR', 'জয়পুর ', '51', 7511, 1, 1, 1, NULL, NULL),
(629, 6, 53, 403, '', '', '', 'KUSHDAHA', 'কুশদহ ', '69', 5280, 1, 1, 1, NULL, NULL),
(630, 6, 53, 403, '', '', '', 'MAHMUDPUR', 'মাহামুদপুর', '77', 5280, 1, 1, 1, NULL, NULL),
(631, 6, 53, 403, '', '', '', 'PUTIMARA', 'পুটিমারা ', '86', 5280, 1, 1, 1, NULL, NULL),
(632, 6, 53, 403, '', '', '', 'SHALKHURIA', 'শালখুরিয়া', '94', 5280, 1, 1, 1, NULL, NULL),
(633, 6, 53, 403, '', '', '', 'BHADURIA', 'ভাদুরিয়া', '13', 5280, 1, 1, 1, NULL, NULL),
(634, 6, 53, 404, '', '', '', 'BELAICHANDI', 'বেলাইচন্ডি', '16', 5250, 1, 1, 1, NULL, NULL),
(635, 6, 53, 404, '', '', '', 'CHANDIPUR', 'চন্ডীপুর', '17', 5250, 1, 1, 1, NULL, NULL),
(636, 6, 53, 404, '', '', '', 'HABRA', 'হাবড়া', '25', 5250, 1, 1, 1, NULL, NULL),
(637, 6, 53, 404, '', '', '', 'HAMIDPUR', 'হামিদপুর ', '34', 7520, 1, 1, 1, NULL, NULL),
(638, 6, 53, 404, '', '', '', 'HARIRAMPUR', 'হরিরামপুর', '43', 5250, 1, 1, 1, NULL, NULL),
(639, 6, 53, 404, '', '', '', 'MANMATHAPUR', 'মন্মথপুর', '51', 5250, 1, 1, 1, NULL, NULL),
(640, 6, 53, 404, '', '', '', 'MOMINPUR', 'মোমিনপুর', '60', 7200, 1, 1, 1, NULL, NULL),
(641, 6, 53, 404, '', '', '', 'MOSTAFAPUR', 'মোস্তফাপুর', '69', 5250, 1, 1, 1, NULL, NULL),
(642, 6, 53, 404, '', '', '', 'PALASHBARI', 'পলাশবাড়ী ', '77', 5250, 1, 1, 1, NULL, NULL),
(643, 6, 53, 404, '', '', '', 'RAMPUR', 'রামপুর', '86', 5250, 1, 1, 1, NULL, NULL),
(644, 6, 53, 405, '', '', '', 'ASKARPUR', 'আস্করপুর', '16', 5200, 1, 1, 1, NULL, NULL),
(645, 6, 53, 405, '', '', '', 'AULIAPUR', 'আউলিয়াপুর', '17', 5100, 1, 1, 1, NULL, NULL),
(646, 6, 53, 405, '', '', '', 'CHEHELGAZI', 'চেহেলগাজী', '25', 5200, 1, 1, 1, NULL, NULL),
(647, 6, 53, 405, '', '', '', 'FAZILPUR', 'ফাজিলপুর', '34', 5200, 1, 1, 1, NULL, NULL),
(648, 6, 53, 405, '', '', '', 'KAMALPUR', 'কমলপুর', '43', 3200, 1, 1, 1, NULL, NULL),
(649, 6, 53, 405, '', '', '', 'SHANKARPUR', 'শংকরপুর', '60', 7420, 1, 1, 1, NULL, NULL),
(650, 6, 53, 405, '', '', '', 'SHASHARA', 'শশরা', '69', NULL, 1, 1, 1, NULL, NULL),
(651, 6, 53, 405, '', '', '', 'SEKHPURA', 'শেখপুরা', '77', 5200, 1, 1, 1, NULL, NULL),
(652, 6, 53, 405, '', '', '', 'SUNDARBAN', 'সুন্দরবন ', '86', 9351, 1, 1, 1, NULL, NULL),
(653, 6, 53, 405, '', '', '', 'UTHRAIL', 'উথরাইল', '94', 5200, 1, 1, 1, NULL, NULL),
(654, 6, 54, 406, '', '', '', 'ERENDABARI', 'এরেন্ডাবাড়ী', '11', 5760, 1, 1, 1, NULL, NULL),
(655, 6, 54, 406, '', '', '', 'FAZLUPUR', 'ফজলুপুর', '23', 5760, 1, 1, 1, NULL, NULL),
(656, 6, 54, 406, '', '', '', 'FULCHHARI', 'ফুলছড়ি ', '35', 5760, 1, 1, 1, NULL, NULL),
(657, 6, 54, 406, '', '', '', 'GAZARIA', 'গজারিয়া', '47', 2350, 1, 1, 1, NULL, NULL),
(658, 6, 54, 406, '', '', '', 'KANCHI PARA', 'কঞ্চিপাড়া', '59', 8620, 1, 1, 1, NULL, NULL),
(659, 6, 54, 406, '', '', '', 'UDAKHALI', 'উদাখালী', '71', 5760, 1, 1, 1, NULL, NULL),
(660, 6, 54, 406, '', '', '', 'URIA', 'উড়িয়া', '83', 5760, 1, 1, 1, NULL, NULL),
(661, 6, 54, 407, '', '', '', 'BADIAKHALI', 'বাদিয়াখালী', '12', 5700, 1, 1, 1, NULL, NULL),
(662, 6, 54, 407, '', '', '', 'BALLAMJHAR', 'বল্লমঝাড় ', '14', 5700, 1, 1, 1, NULL, NULL),
(663, 6, 54, 407, '', '', '', 'BOALI', 'বোয়ালী', '21', 1750, 1, 1, 1, NULL, NULL),
(664, 6, 54, 407, '', '', '', 'GHAGOA', 'ঘাগোয়া', '36', 5700, 1, 1, 1, NULL, NULL),
(665, 6, 54, 407, '', '', '', 'GIDARI', 'গিদারী', '43', 5700, 1, 1, 1, NULL, NULL),
(666, 6, 54, 407, '', '', '', 'KAMARJANI', 'কামারজানি', '51', 5700, 1, 1, 1, NULL, NULL),
(667, 6, 54, 407, '', '', '', 'KHOLAHATI', 'খোলাহাটী', '58', 5700, 1, 1, 1, NULL, NULL),
(668, 6, 54, 407, '', '', '', 'KUPTALA', 'কুপতলা', '65', 5700, 1, 1, 1, NULL, NULL),
(669, 6, 54, 407, '', '', '', 'LAKSHMIPUR', 'লক্ষ্মীপুর', '73', 3560, 1, 1, 1, NULL, NULL),
(670, 6, 54, 407, '', '', '', 'MALIBARI', 'মালীবাড়ী ', '80', 5700, 1, 1, 1, NULL, NULL),
(671, 6, 54, 407, '', '', '', 'MOLLAR CHAR', 'মোল্লারচর', '85', NULL, 1, 1, 1, NULL, NULL),
(672, 6, 54, 407, '', '', '', 'RAMCHANDRAPUR', 'রামচন্দ্রপুর', '87', 9320, 1, 1, 1, NULL, NULL),
(673, 6, 54, 407, '', '', '', 'SAHA PARA', 'সাহাপাড়া', '94', NULL, 1, 1, 1, NULL, NULL),
(674, 6, 54, 408, '', '', '', 'KAMARDAHA', 'কামারদহ', '27', 5740, 1, 1, 1, NULL, NULL),
(675, 6, 54, 408, '', '', '', 'KAMDIA', 'কামদিয়া', '33', 5740, 1, 1, 1, NULL, NULL),
(676, 6, 54, 408, '', '', '', 'KATABARI', 'কাটাবাড়ী', '39', 5740, 1, 1, 1, NULL, NULL),
(677, 6, 54, 408, '', '', '', 'KOCHASAHAR', 'কোচাশহর', '44', 5740, 1, 1, 1, NULL, NULL),
(678, 6, 54, 408, '', '', '', 'MAHIMAGANJ', 'মহিমাগঞ্জ', '50', 5740, 1, 1, 1, NULL, NULL),
(679, 6, 54, 408, '', '', '', 'NAKAI', 'নাকাই', '55', 5740, 1, 1, 1, NULL, NULL),
(680, 6, 54, 408, '', '', '', 'RAJAHAR', 'রাজাহার', '61', 5740, 1, 1, 1, NULL, NULL),
(681, 6, 54, 408, '', '', '', 'RAKHAL BURUZ', 'রাখালবুরুজ ', '67', NULL, 1, 1, 1, NULL, NULL),
(682, 6, 54, 408, '', '', '', 'SHALMARA', 'শালমারা ', '72', 5740, 1, 1, 1, NULL, NULL),
(683, 6, 54, 408, '', '', '', 'SAPMARA', 'সাপমারা', '78', 5740, 1, 1, 1, NULL, NULL),
(684, 6, 54, 408, '', '', '', 'SHAKHAHAR', 'শাখাহার', '83', 5740, 1, 1, 1, NULL, NULL),
(685, 6, 54, 408, '', '', '', 'SHIBPUR', 'শিবপুর', '89', 9400, 1, 1, 1, NULL, NULL),
(686, 6, 54, 408, '', '', '', 'TALUK KANUPUR', 'তালুককানুপুর ', '94', 5740, 1, 1, 1, NULL, NULL),
(687, 6, 54, 408, '', '', '', 'DORBOSTO', 'দরবস্ত', '', NULL, 1, 1, 1, NULL, NULL),
(688, 6, 54, 408, '', '', '', 'HORIRAMPUR', ' হরিরামপুর', '', NULL, 1, 1, 1, NULL, NULL),
(689, 6, 54, 408, '', '', '', ' FULBARI', ' ফূল্বাড়ী', '', NULL, 1, 1, 1, NULL, NULL),
(690, 6, 54, 408, '', '', '', ' GUMANIGONG', 'গূমাণীগোঞ', '', NULL, 0, 1, 1, NULL, NULL),
(691, 6, 54, 409, '', '', '', 'BARISAL', 'বরিশাল', '13', 5730, 0, 1, 1, NULL, NULL),
(692, 6, 54, 409, '', '', '', 'BETKAPA', 'বেতকাপা', '19', 5730, 0, 1, 1, NULL, NULL),
(693, 6, 54, 409, '', '', '', 'HARINATHPUR', 'হরিণাথপুর', '28', 5730, 0, 1, 1, NULL, NULL),
(694, 6, 54, 409, '', '', '', 'HOSSAINPUR', 'হোসেনপুর', '38', 7910, 0, 1, 1, NULL, NULL),
(695, 6, 54, 409, '', '', '', 'KISHOREGARI', 'কিশোরগাড়ী', '47', NULL, 0, 1, 1, NULL, NULL),
(696, 6, 54, 409, '', '', '', 'MOHADIPUR', 'মহদীপুর', '57', 5730, 0, 1, 1, NULL, NULL),
(697, 6, 54, 409, '', '', '', 'MANOHARPUR', 'মনোহরপুর', '66', 7440, 0, 1, 1, NULL, NULL),
(698, 6, 54, 409, '', '', '', 'PABNAPUR', 'পবনাপুর ', '76', NULL, 0, 1, 1, NULL, NULL),
(699, 6, 54, 409, '', '', '', 'PALASHBARI', 'পলাশবাড়ী', '', 5250, 0, 1, 1, NULL, NULL),
(700, 6, 54, 410, '', '', '', 'BANAGRAM', 'বনগ্রাম', '13', 9320, 0, 1, 1, NULL, NULL),
(701, 6, 54, 410, '', '', '', 'BHATGRAM', 'ভাতগ্রাম', '17', 1940, 0, 1, 1, NULL, NULL),
(702, 6, 54, 410, '', '', '', 'DAMODARPUR', 'দামোদরপুর', '25', 5431, 0, 1, 1, NULL, NULL),
(703, 6, 54, 410, '', '', '', 'DHAPERHAT', 'ধাপেরহাট', '34', 5710, 0, 1, 1, NULL, NULL),
(704, 6, 54, 410, '', '', '', 'FARIDPUR', 'ফরিদপুর', '43', 2340, 0, 1, 1, NULL, NULL),
(705, 6, 54, 410, '', '', '', 'IDILPUR', 'ইদিলপুর', '51', 8050, 0, 1, 1, NULL, NULL),
(706, 6, 54, 410, '', '', '', 'JAMALPUR', 'জামালপুর', '60', 5100, 0, 1, 1, NULL, NULL),
(707, 6, 54, 410, '', '', '', 'KHURDA KAMARPUR', 'খোদকোমরপুর', '69', NULL, 0, 1, 1, NULL, NULL),
(708, 6, 54, 410, '', '', '', 'KAMAR PARA', 'কামারপাড়া', '77', NULL, 0, 1, 1, NULL, NULL),
(709, 6, 54, 410, '', '', '', 'NALDANGA', 'নলডাঙ্গা', '86', 7300, 0, 1, 1, NULL, NULL),
(710, 6, 54, 410, '', '', '', 'RASULPUR', 'রসুলপুর', '94', 8340, 0, 1, 1, NULL, NULL),
(711, 6, 54, 411, '', '', '', 'BHARTKHALI', 'ভরতখালী', '13', NULL, 0, 1, 1, NULL, NULL),
(712, 6, 54, 411, '', '', '', 'BONAR PARA', 'বোনারপাড়া', '19', NULL, 0, 1, 1, NULL, NULL),
(713, 6, 54, 411, '', '', '', 'GHURIDAHA', 'ঘুরিদহ ', '28', 5751, 0, 1, 1, NULL, NULL),
(714, 6, 54, 411, '', '', '', 'HALDIA', 'হলদিয়া', '38', 8710, 0, 1, 1, NULL, NULL),
(715, 6, 54, 411, '', '', '', 'JUMMERBARI', 'জুমারবাড়ী', '47', NULL, 0, 1, 1, NULL, NULL),
(716, 6, 54, 411, '', '', '', 'KACHUA', 'কচুয়া', '57', 7400, 0, 1, 1, NULL, NULL),
(717, 6, 54, 411, '', '', '', 'KAMALER PARA', 'কামালেরপাড়া ', '66', NULL, 0, 1, 1, NULL, NULL),
(718, 6, 54, 411, '', '', '', 'PADUMSAHAR', 'পদুমশহর', '76', 5751, 0, 1, 1, NULL, NULL),
(719, 6, 54, 411, '', '', '', 'SAGHATA', 'সাঘাটা', '85', 5751, 0, 1, 1, NULL, NULL),
(720, 6, 54, 411, '', '', '', 'MUKTANAGAR', 'মুক্তিনগর', '95', NULL, 0, 1, 1, NULL, NULL),
(721, 6, 54, 412, '', '', '', 'BAMANDANGA', 'বামনডাঙ্গা ', '11', 5660, 0, 1, 1, NULL, NULL),
(722, 6, 54, 412, '', '', '', 'BELKA', 'সোনারায়', '12', 5720, 0, 1, 1, NULL, NULL),
(723, 6, 54, 412, '', '', '', 'CHANDIPUR', ' চন্ডিপুর', '18', 5250, 0, 1, 1, NULL, NULL),
(724, 6, 54, 412, '', '', '', 'CHHAPARHATI', 'ছাপরহাটি', '25', 5720, 0, 1, 1, NULL, NULL),
(725, 6, 54, 412, '', '', '', 'DAHABANDA', ' দহবন্দ ', '31', 5720, 0, 1, 1, NULL, NULL),
(726, 6, 54, 412, '', '', '', 'DHOPADANGA', 'ধোপাডাঙ্গা ', '37', 5720, 0, 1, 1, NULL, NULL),
(727, 6, 54, 412, '', '', '', 'HARIPUR', 'হরিপুর', '44', 5130, 0, 1, 1, NULL, NULL),
(728, 6, 54, 412, '', '', '', 'KANCHIBARI', 'কঞ্চিবাড়ী ', '50', 5720, 0, 1, 1, NULL, NULL),
(729, 6, 54, 412, '', '', '', 'KAPASIA', 'কাপাসিয়া', '56', 1730, 0, 1, 1, NULL, NULL),
(730, 6, 54, 412, '', '', '', 'RAMJIBAN', 'রামজীবন ', '63', 5720, 0, 1, 1, NULL, NULL),
(731, 6, 54, 412, '', '', '', 'SHANTIRAM', 'শান্তিরাম', '69', 5720, 0, 1, 1, NULL, NULL),
(732, 6, 54, 412, '', '', '', 'SARBANANDA', 'সর্বানন্দ', '75', 5720, 0, 1, 1, NULL, NULL),
(733, 6, 54, 412, '', '', '', 'SONAROY', 'সোনারায়', '82', 5340, 0, 1, 1, NULL, NULL),
(734, 6, 54, 412, '', '', '', 'SREEPUR', 'শ্রীপুর', '88', 7610, 0, 1, 1, NULL, NULL),
(735, 6, 54, 412, '', '', '', 'TARAPUR', 'তারাপুর', '94', 5720, 0, 1, 1, NULL, NULL),
(736, 6, 55, 413, '', '', '', 'ANDHARI JHAR', 'আন্ধারীঝাড়', '13', NULL, 0, 1, 1, NULL, NULL),
(737, 6, 55, 413, '', '', '', 'BHURUNGAMARI', 'ভূরুঙ্গামারী', '19', 5670, 0, 1, 1, NULL, NULL),
(738, 6, 55, 413, '', '', '', 'BOLDIA', 'বলদিয়া', '28', 5670, 0, 1, 1, NULL, NULL),
(739, 6, 55, 413, '', '', '', 'BANGASONAHAT', 'বঙ্গসোনাহাট', '38', 5670, 0, 1, 1, NULL, NULL),
(740, 6, 55, 413, '', '', '', 'CHAR BHURUNGAMARI', 'চর ভূরুঙ্গামারী', '47', NULL, 0, 1, 1, NULL, NULL),
(741, 6, 55, 413, '', '', '', 'JOYMANIRHAT', 'জয়মনিরহাট', '57', 5670, 0, 1, 1, NULL, NULL),
(742, 6, 55, 413, '', '', '', 'PAIKER CHHARA', 'পাইকেরছড়া', '66', NULL, 0, 1, 1, NULL, NULL),
(743, 6, 55, 413, '', '', '', 'PATHARDUBI', 'পাথরডুবী', '76', 5670, 0, 1, 1, NULL, NULL),
(744, 6, 55, 413, '', '', '', 'SHILKHURI', 'শিলখুড়ী', '85', 5670, 0, 1, 1, NULL, NULL),
(745, 6, 55, 413, '', '', '', 'TILAI', 'তিলাই', '95', 5670, 0, 1, 1, NULL, NULL),
(746, 6, 55, 414, '', '', '', 'CHAR RAJIBPUR', 'চর রাজিবপুর', '19', NULL, 0, 1, 1, NULL, NULL),
(747, 6, 55, 414, '', '', '', 'KODAILKATI', 'কোদালকাটি', '57', NULL, 0, 1, 1, NULL, NULL),
(748, 6, 55, 414, '', '', '', 'MOHANGANJ', 'কোদালকাটি', '76', 5650, 0, 1, 1, NULL, NULL),
(749, 6, 55, 415, '', '', '', 'ASHTAMIR CHAR', 'অষ্টমীরচর ', '11', NULL, 0, 1, 1, NULL, NULL),
(750, 6, 55, 415, '', '', '', 'CHILMARI', 'চিলমারী ', '23', 7050, 0, 1, 1, NULL, NULL),
(751, 6, 55, 415, '', '', '', 'NAYERHAT', 'নয়ারহাট', '47', NULL, 0, 1, 1, NULL, NULL),
(752, 6, 55, 415, '', '', '', 'RAMNA', 'রমনা', '59', 8730, 0, 1, 1, NULL, NULL),
(753, 6, 55, 415, '', '', '', 'RANIGANJ', 'রাণীগঞ্জ', '71', 3060, 0, 1, 1, NULL, NULL),
(754, 6, 55, 415, '', '', '', 'THANAHAT', 'থানাহাট ', '83', 5630, 0, 1, 1, NULL, NULL),
(755, 6, 55, 416, '', '', '', 'BARA BHITA', 'বড়ভিটা', '13', NULL, 0, 1, 1, NULL, NULL),
(756, 6, 55, 416, '', '', '', 'BHANAGMORE', ' ভাঙ্গামোড়', '27', NULL, 0, 1, 1, NULL, NULL),
(757, 6, 55, 416, '', '', '', 'PHULBARI', 'ফুলবাড়ী', '40', NULL, 0, 1, 1, NULL, NULL),
(758, 6, 55, 416, '', '', '', 'KASHIPUR', 'কাশীপুর', '54', 7511, 0, 1, 1, NULL, NULL),
(759, 6, 55, 416, '', '', '', 'NAODANGA', 'নাওডাংগা', '67', 5680, 0, 1, 1, NULL, NULL),
(760, 6, 55, 416, '', '', '', 'SHIMULBARI', 'শিমুলবাড়ী', '81', 5330, 0, 1, 1, NULL, NULL),
(761, 6, 55, 417, '', '', '', 'BELGACHHA', 'বেলগাছা', '17', 5600, 0, 1, 1, NULL, NULL),
(762, 6, 55, 417, '', '', '', 'BHOGDANGA', 'ভোগডাঙ্গা', '19', 5600, 0, 1, 1, NULL, NULL),
(763, 6, 55, 417, '', '', '', 'GHOGADAHA', 'ঘোগাদহ', '28', 5600, 0, 1, 1, NULL, NULL),
(764, 6, 55, 417, '', '', '', 'HOLOKHANA', 'হলোখানা', '38', NULL, 0, 1, 1, NULL, NULL),
(765, 6, 55, 417, '', '', '', 'JATRAPUR', 'যাত্রাপুর', '47', 9300, 0, 1, 1, NULL, NULL),
(766, 6, 55, 417, '', '', '', 'KANTHALBARI', 'কাঁঠালবাড়ী', '57', 7930, 0, 1, 1, NULL, NULL),
(767, 6, 55, 417, '', '', '', 'MOGALBACHHA', 'মোগলবাসা', '76', NULL, 0, 1, 1, NULL, NULL),
(768, 6, 55, 417, '', '', '', ' PACGACHI', ' পাচগাছী', '', NULL, 0, 1, 1, NULL, NULL),
(769, 6, 55, 418, '', '', '', 'BALLABHER KHAS', 'বল্লভেরখাস', '11', NULL, 0, 1, 1, NULL, NULL),
(770, 6, 55, 418, '', '', '', 'BAMANDANGA', 'বামনডাঙ্গা ', '12', 5660, 0, 1, 1, NULL, NULL),
(771, 6, 55, 418, '', '', '', 'BERUBARI', 'বেরুবাড়ী', '18', 5660, 0, 1, 1, NULL, NULL),
(772, 6, 55, 418, '', '', '', 'BHITARBAND', 'ভিতরবন্দ', '25', 5660, 0, 1, 1, NULL, NULL),
(773, 6, 55, 418, '', '', '', 'HASNABAD', 'হাসনাবাদ', '31', 3500, 0, 1, 1, NULL, NULL),
(774, 6, 55, 418, '', '', '', 'KACHAKATA', 'কচাকাটা', '37', 5660, 0, 1, 1, NULL, NULL),
(775, 6, 55, 418, '', '', '', 'KALIGANJ', 'কালীগঞ্জ', '44', 1720, 0, 1, 1, NULL, NULL),
(776, 6, 55, 418, '', '', '', 'KEDAR', 'কেদার', '50', 5660, 0, 1, 1, NULL, NULL),
(777, 6, 55, 418, '', '', '', 'NARAYANPUR', 'নারায়নপুর', '63', 7410, 0, 1, 1, NULL, NULL),
(778, 6, 55, 418, '', '', '', 'NEWASHI', 'নেওয়াশী', '69', 5660, 0, 1, 1, NULL, NULL),
(779, 6, 55, 418, '', '', '', 'NOONKHAWA', 'নুনখাওয়া', '75', 5660, 0, 1, 1, NULL, NULL),
(780, 6, 55, 418, '', '', '', 'ROYGANJ', 'রায়গঞ্জ', '82', 5660, 0, 1, 1, NULL, NULL),
(781, 6, 55, 418, '', '', '', 'SANTOSHPUR', 'সন্তোষপুর', '94', 9360, 0, 1, 1, NULL, NULL),
(782, 6, 55, 418, '', '', '', 'RAMKHANA', 'রামখানা', '', NULL, 0, 1, 1, NULL, NULL),
(783, 6, 55, 419, '', '', '', 'BIDYANANDA', 'বিদ্যানন্দ', '10', 5610, 0, 1, 1, NULL, NULL),
(784, 6, 55, 419, '', '', '', 'CHAKIRPASHAR', 'চাকিরপশার ', '21', 5610, 0, 1, 1, NULL, NULL),
(785, 6, 55, 419, '', '', '', 'CHHINAI', 'ছিনাই', '31', 5610, 0, 1, 1, NULL, NULL),
(786, 6, 55, 419, '', '', '', 'GHARIALDANGA', 'ঘড়িয়ালডাঙ্গা', '42', 5610, 0, 1, 1, NULL, NULL),
(787, 6, 55, 419, '', '', '', 'NAZIMKHAN', 'নাজিমখান', '52', 5610, 0, 1, 1, NULL, NULL),
(788, 6, 55, 419, '', '', '', 'RAJARHAT', 'রাজারহাট', '73', 5610, 0, 1, 1, NULL, NULL),
(789, 6, 55, 419, '', '', '', 'OMAR MAJID', 'উমরমজিদ', '84', NULL, 0, 1, 1, NULL, NULL),
(790, 6, 55, 420, '', '', '', 'BANDABER', 'বন্দবেড়', '11', 5640, 0, 1, 1, NULL, NULL),
(791, 6, 55, 420, '', '', '', 'DANTBHANGA', 'দাঁতভাঙ্গা', '23', 5640, 0, 1, 1, NULL, NULL),
(792, 6, 55, 420, '', '', '', 'JADUR CHAR', 'যাদুরচর', '35', NULL, 0, 1, 1, NULL, NULL),
(793, 6, 55, 420, '', '', '', 'RAUMARI', 'রৌমারী', '71', NULL, 0, 1, 1, NULL, NULL),
(794, 6, 55, 420, '', '', '', 'SAULMARI', 'শৌলমারী', '83', NULL, 0, 1, 1, NULL, NULL),
(795, 6, 55, 421, '', '', '', 'BEGUMGANJ', 'বেগমগঞ্জ', '14', 5620, 0, 1, 1, NULL, NULL),
(796, 6, 55, 421, '', '', '', 'BAZRA', 'বজরা', '16', 5620, 0, 1, 1, NULL, NULL),
(797, 6, 55, 421, '', '', '', 'BURABURI', 'বুড়াবুড়ি', '22', 5030, 0, 1, 1, NULL, NULL),
(798, 6, 55, 421, '', '', '', 'DALDALIA', 'দলদলিয়া', '33', 5620, 0, 1, 1, NULL, NULL),
(799, 6, 55, 421, '', '', '', 'DHAMSERNI', 'ধামশ্রেণী', '39', NULL, 0, 1, 1, NULL, NULL),
(800, 6, 55, 421, '', '', '', 'DHARANIBARI', 'ধরণীবাড়ী', '44', 5620, 0, 1, 1, NULL, NULL),
(801, 6, 55, 421, '', '', '', 'DURGAPUR', 'দূর্গাপুর', '50', 5460, 0, 1, 1, NULL, NULL),
(802, 6, 55, 421, '', '', '', 'GUNAIGACHH', 'গুনাইগাছ', '55', 5620, 0, 1, 1, NULL, NULL),
(803, 6, 55, 421, '', '', '', 'HATIA', 'হাতিয়া', '61', 5620, 0, 1, 1, NULL, NULL),
(804, 6, 55, 421, '', '', '', 'PANDUL', 'পান্ডুল', '72', 5620, 0, 1, 1, NULL, NULL),
(805, 6, 55, 421, '', '', '', 'SAHEBER ALGA', 'সাহেবের আলগা', '75', 5620, 0, 1, 1, NULL, NULL),
(806, 6, 55, 421, '', '', '', 'TABAKPUR', 'তবকপুর', '78', 5620, 0, 1, 1, NULL, NULL),
(807, 6, 55, 421, '', '', '', 'THETROY', 'থেতরাই', '83', NULL, 0, 1, 1, NULL, NULL),
(808, 6, 56, 422, '', '', '', 'BHADAI', ' ভাদাই', '10', 5510, 0, 1, 1, NULL, NULL),
(809, 6, 56, 422, '', '', '', 'BHELABARI', 'ভেলাবাড়ী ', '11', 5510, 0, 1, 1, NULL, NULL),
(810, 6, 56, 422, '', '', '', 'DURGAPUR', 'দুর্গাপুর', '41', 5460, 0, 1, 1, NULL, NULL),
(811, 6, 56, 422, '', '', '', 'KAMALABARI', 'কমলাবাড়ী', '59', 5510, 0, 1, 1, NULL, NULL),
(812, 6, 56, 422, '', '', '', 'MAHISHKHOCHA', 'মহিষ খোচা', '71', 5510, 0, 1, 1, NULL, NULL),
(813, 6, 56, 422, '', '', '', 'PALASHI', 'পলাশী', '77', NULL, 0, 1, 1, NULL, NULL),
(814, 6, 56, 422, '', '', '', 'SAPTIBARI', 'সাপ্টিবাড়ী', '83', 5510, 0, 1, 1, NULL, NULL),
(815, 6, 56, 422, '', '', '', 'SARPUKUR', 'সারপুকুর', '89', 5510, 0, 1, 1, NULL, NULL),
(816, 6, 56, 423, '', '', '', 'BARAKHATA', 'বড়খাতা', '15', 5530, 0, 1, 1, NULL, NULL),
(817, 6, 56, 423, '', '', '', 'BHALAGURI', 'ভেলাগুড়ি', '19', NULL, 0, 1, 1, NULL, NULL),
(818, 6, 56, 423, '', '', '', 'DAOABARI', 'ডাউয়াবাড়ী', '28', 5330, 0, 1, 1, NULL, NULL),
(819, 6, 56, 423, '', '', '', 'FAKIR PARA', 'ফকিরপাড়া', '31', NULL, 0, 1, 1, NULL, NULL),
(820, 6, 56, 423, '', '', '', 'GODDIMARI', 'গড্ডিমারী', '38', 5530, 0, 1, 1, NULL, NULL),
(821, 6, 56, 423, '', '', '', 'GOTAMARI', 'গোতামারী', '47', 5530, 0, 1, 1, NULL, NULL),
(822, 6, 56, 423, '', '', '', 'NOWDABASH', 'নওদাবাস', '57', 5530, 0, 1, 1, NULL, NULL),
(823, 6, 56, 423, '', '', '', 'PATIKA PARA', 'পাটিকাপাড়া', '66', NULL, 0, 1, 1, NULL, NULL),
(824, 6, 56, 423, '', '', '', 'SANIAJAN', 'সানিয়াজান', '74', NULL, 0, 1, 1, NULL, NULL),
(825, 6, 56, 423, '', '', '', 'SHINGIMARI', 'সিংগীমারী', '76', 5530, 0, 1, 1, NULL, NULL),
(826, 6, 56, 423, '', '', '', 'SINDURNA', 'সিন্দুর্ণা', '85', 5530, 0, 1, 1, NULL, NULL),
(827, 6, 56, 423, '', '', '', 'TANGBHANGA', 'টংভাঙ্গা', '95', NULL, 0, 1, 1, NULL, NULL),
(828, 6, 56, 424, '', '', '', 'BHOTEMARI', 'ভোটমারী', '17', NULL, 0, 1, 1, NULL, NULL),
(829, 6, 56, 424, '', '', '', 'CHALBALA', 'চলবলা', '23', 5500, 0, 1, 1, NULL, NULL),
(830, 6, 56, 424, '', '', '', 'CHANDRAPUR', 'চন্দ্রপুর', '29', 8000, 0, 1, 1, NULL, NULL),
(831, 6, 56, 424, '', '', '', 'DALAGRAM', 'দলগ্রাম', '35', 5500, 0, 1, 1, NULL, NULL),
(832, 6, 56, 424, '', '', '', 'GORAL', 'গোড়ল', '47', 5500, 0, 1, 1, NULL, NULL),
(833, 6, 56, 424, '', '', '', 'KAKINA', 'কাকিনা', '53', 5500, 0, 1, 1, NULL, NULL),
(834, 6, 56, 424, '', '', '', 'MADATI', 'মদাতি', '65', 5500, 0, 1, 1, NULL, NULL),
(835, 6, 56, 424, '', '', '', 'TUSHBHANDAR', 'তুষভান্ডার', '95', 5500, 0, 1, 1, NULL, NULL),
(836, 6, 56, 425, '', '', '', 'BARABARI', 'বড়বাড়ী ', '20', 5140, 0, 1, 1, NULL, NULL),
(837, 6, 56, 425, '', '', '', 'GOKUNDA', 'গোকুন্ডা', '29', 5500, 0, 1, 1, NULL, NULL),
(838, 6, 56, 425, '', '', '', 'HARATI', 'হারাটি', '36', 5500, 0, 1, 1, NULL, NULL),
(839, 6, 56, 425, '', '', '', 'KHUNIAGACHH', 'খুনিয়াগাছ', '43', 5500, 0, 1, 1, NULL, NULL),
(840, 6, 56, 425, '', '', '', 'KULAGHAT', 'কুলাঘাট', '51', 5500, 0, 1, 1, NULL, NULL),
(841, 6, 56, 425, '', '', '', 'MOGALHAT', 'মোগলহাট', '65', 5500, 0, 1, 1, NULL, NULL),
(842, 6, 56, 425, '', '', '', 'MAHENDRANAGAR', 'মহেন্দ্রনগর', '73', 5500, 0, 1, 1, NULL, NULL),
(843, 6, 56, 425, '', '', '', 'PANCHAGRAM', 'পঞ্চগ্রাম', '83', 5500, 0, 1, 1, NULL, NULL),
(844, 6, 56, 425, '', '', '', 'RAJPUR', 'রাজপুর', '94', 5500, 0, 1, 1, NULL, NULL),
(845, 6, 56, 426, '', '', '', 'BAURA', 'বাউরা', '13', NULL, 0, 1, 1, NULL, NULL),
(846, 6, 56, 426, '', '', '', 'BURIMARI', 'বুড়িমারী', '15', NULL, 0, 1, 1, NULL, NULL),
(847, 6, 56, 426, '', '', '', 'DAHAGRAM', 'দহগ্রাম', '19', 5540, 0, 1, 1, NULL, NULL),
(848, 6, 56, 426, '', '', '', 'JAGATBER', 'জগতবেড়', '27', NULL, 0, 1, 1, NULL, NULL),
(849, 6, 56, 426, '', '', '', 'JONGRA', 'জোংড়া', '40', 5540, 0, 1, 1, NULL, NULL),
(850, 6, 56, 426, '', '', '', 'KUCHLIBARI', 'কুচলীবাড়ি', '54', NULL, 0, 1, 1, NULL, NULL),
(851, 6, 56, 426, '', '', '', 'PATGRAM', 'পাটগ্রাম', '67', 5540, 0, 1, 1, NULL, NULL),
(852, 6, 56, 426, '', '', '', 'SREERAMPUR', 'শ্রীরামপুর', '81', 3410, 0, 1, 1, NULL, NULL),
(853, 6, 57, 427, '', '', '', 'BAMUNIA UNION', 'বামুনীয়া', '17', NULL, 0, 1, 1, NULL, NULL),
(854, 6, 57, 427, '', '', '', 'BHOGDABARI UNION', 'ভোগডাবুড়ী', '19', NULL, 0, 1, 1, NULL, NULL),
(855, 6, 57, 427, '', '', '', 'BORAGARI UNION', 'বোড়াগাড়ী', '28', NULL, 0, 1, 1, NULL, NULL),
(856, 6, 57, 427, '', '', '', 'DOMAR UNION', 'ডোমার ', '38', NULL, 0, 1, 1, NULL, NULL),
(857, 6, 57, 427, '', '', '', 'GOMNATI UNION', 'গোমনাতি ', '47', NULL, 0, 1, 1, NULL, NULL),
(858, 6, 57, 427, '', '', '', 'HARINCHARA', 'হরিণচরা', '57', 5340, 0, 1, 1, NULL, NULL),
(859, 6, 57, 427, '', '', '', 'JORABARI', 'জোড়াবাড়ী', '66', 5340, 0, 1, 1, NULL, NULL),
(860, 6, 57, 427, '', '', '', 'KETKIBARI', 'কেতকীবাড়ী', '76', 5340, 0, 1, 1, NULL, NULL),
(861, 6, 57, 427, '', '', '', 'PANGA MATUKPUR', 'পাংগা মটকপুর', '85', NULL, 0, 1, 1, NULL, NULL),
(862, 6, 57, 427, '', '', '', 'SONAROY', 'সোনারায় ', '95', 5340, 0, 1, 1, NULL, NULL),
(863, 6, 57, 428, '', '', '', 'BALAGRAM', 'বালাগ্রাম', '13', 5330, 0, 1, 1, NULL, NULL),
(864, 6, 57, 428, '', '', '', 'DAOABARI', 'ডাউয়াবাড়ী', '14', 5330, 0, 1, 1, NULL, NULL),
(865, 6, 57, 428, '', '', '', 'DHARMAPAL', 'ধর্মপাল', '21', 5330, 0, 1, 1, NULL, NULL),
(866, 6, 57, 428, '', '', '', 'GOLMUNDA', 'গোলমুন্ডা', '29', 5330, 0, 1, 1, NULL, NULL),
(867, 6, 57, 428, '', '', '', 'GOLNA', 'গোলনা', '36', 5330, 0, 1, 1, NULL, NULL),
(868, 6, 57, 428, '', '', '', 'KAIMARI', 'কৈমারী', '51', NULL, 0, 1, 1, NULL, NULL),
(869, 6, 57, 428, '', '', '', 'KANTHALI', 'কাঠালী', '58', 5330, 0, 1, 1, NULL, NULL),
(870, 6, 57, 428, '', '', '', 'KHUTAMARA', 'খুটামারা ', '65', 5330, 0, 1, 1, NULL, NULL),
(871, 6, 57, 428, '', '', '', 'MIRGANJ', 'মীরগঞ্জ', '80', 5330, 0, 1, 1, NULL, NULL),
(872, 6, 57, 428, '', '', '', 'SHIMULBARI', 'শিমুলবাড়ী', '87', 5330, 0, 1, 1, NULL, NULL),
(873, 6, 57, 428, '', '', '', 'SAULMARI', 'শৌলমারী', '94', NULL, 0, 1, 1, NULL, NULL),
(874, 6, 57, 429, '', '', '', 'BAHAGILI', 'বাহাগিলী', '17', 5320, 0, 1, 1, NULL, NULL),
(875, 6, 57, 429, '', '', '', 'BARABHITA', 'বড়ভিটা', '25', 5320, 0, 1, 1, NULL, NULL),
(876, 6, 57, 429, '', '', '', 'CHANDKHANA', 'চাঁদখানা', '34', 5320, 0, 1, 1, NULL, NULL),
(877, 6, 57, 429, '', '', '', 'GARAGRAM', 'গাড়াগ্রাম', '43', 5320, 0, 1, 1, NULL, NULL),
(878, 6, 57, 429, '', '', '', 'KISHOREGANJ', 'কিশোরগঞ্জ', '51', 5320, 0, 1, 1, NULL, NULL),
(879, 6, 57, 429, '', '', '', 'MAGURA', 'মাগুড়া', '60', 9420, 0, 1, 1, NULL, NULL),
(880, 6, 57, 429, '', '', '', 'NITAI', 'নিতাই', '69', 5320, 0, 1, 1, NULL, NULL),
(881, 6, 57, 429, '', '', '', 'PUTIMARI', 'পুটিমারী', '86', 5320, 0, 1, 1, NULL, NULL),
(882, 6, 57, 429, '', '', '', 'RANACHANDI', 'রনচন্ডি', '94', 5320, 0, 1, 1, NULL, NULL),
(883, 6, 57, 430, '', '', '', 'CHAPRA SARAMJANI', 'চাপড়া সরমজানী', '11', NULL, 0, 1, 1, NULL, NULL),
(884, 6, 57, 430, '', '', '', 'CHARAIKHOLA', 'চড়াইখোলা', '12', 5300, 0, 1, 1, NULL, NULL),
(885, 6, 57, 430, '', '', '', 'CHAORA BARGACHHA', 'চওড়া বড়গাছা', '18', NULL, 0, 1, 1, NULL, NULL),
(886, 6, 57, 430, '', '', '', 'GORGRAM', 'গোড়গ্রাম', '25', 5300, 0, 1, 1, NULL, NULL),
(887, 6, 57, 430, '', '', '', 'ITAKHOLA', 'ইটাখোলা', '31', 5300, 0, 1, 1, NULL, NULL),
(888, 6, 57, 430, '', '', '', 'KACHUKATA', 'কচুকাটা', '37', 5300, 0, 1, 1, NULL, NULL),
(889, 6, 57, 430, '', '', '', 'KHOKSHABARI', 'খোকশাবাড়ী', '44', 5300, 0, 1, 1, NULL, NULL),
(890, 6, 57, 430, '', '', '', 'KUNDA PUKUR', 'কুন্দপুকুর', '50', NULL, 0, 1, 1, NULL, NULL),
(891, 6, 57, 430, '', '', '', 'PANCH PUKUR', 'পঞ্চপুকুর', '63', NULL, 0, 1, 1, NULL, NULL),
(892, 6, 57, 430, '', '', '', 'PALASHBARI', 'পলাশবাড়ী', '69', 5250, 0, 1, 1, NULL, NULL),
(893, 6, 57, 430, '', '', '', 'LAKSHMI CHAP', 'লক্ষীচাপ', '73', NULL, 0, 1, 1, NULL, NULL),
(894, 6, 57, 430, '', '', '', 'RAMNAGAR', 'রামনগর', '75', 7400, 0, 1, 1, NULL, NULL),
(895, 6, 57, 430, '', '', '', 'SANGALSHI', 'সংগলশী', '82', NULL, 0, 1, 1, NULL, NULL),
(896, 6, 57, 430, '', '', '', 'SONAROY', 'সোনারায়', '88', 5340, 0, 1, 1, NULL, NULL),
(897, 6, 57, 430, '', '', '', 'TUPAMARI', 'টুপামারী', '94', 5300, 0, 1, 1, NULL, NULL),
(898, 6, 57, 431, '', '', '', 'BANGALIPUR', 'বাংগালীপুর', '23', 5310, 0, 1, 1, NULL, NULL),
(899, 6, 57, 431, '', '', '', 'BOTHLAGARI', 'বোতলাগাড়ী', '27', NULL, 0, 1, 1, NULL, NULL),
(900, 6, 57, 431, '', '', '', 'KAMAR PUKUR', 'কামারপুকুর', '40', NULL, 0, 1, 1, NULL, NULL),
(901, 6, 57, 431, '', '', '', 'KHATA MADHUPUR', 'খাতামধুপুর', '54', NULL, 0, 1, 1, NULL, NULL),
(902, 6, 57, 431, '', '', '', 'KUSHIRAM BELPUKUR', 'কাশিরাম বেল পুকুর', '67', NULL, 0, 1, 1, NULL, NULL),
(903, 6, 57, 431, '', '', '', 'CANTONMENT', 'ক্যান্টনমেন্ট', '98', NULL, 0, 1, 1, NULL, NULL),
(904, 6, 57, 432, '', '', '', 'BALA PARA', 'বালাপাড়া', '13', NULL, 0, 1, 1, NULL, NULL),
(905, 6, 57, 432, '', '', '', 'DIMLA', 'ডিমলা', '19', 5350, 0, 1, 1, NULL, NULL),
(906, 6, 57, 432, '', '', '', 'GAYABARI', 'গয়াবাড়ী', '28', 5350, 0, 1, 1, NULL, NULL),
(907, 6, 57, 432, '', '', '', 'JHUNAGACHH CHAPANI', 'ঝুনাগাছ চাপানী', '38', NULL, 0, 1, 1, NULL, NULL),
(908, 6, 57, 432, '', '', '', 'KHALISA CHAPANI', 'খালিশা চাপানী', '47', NULL, 0, 1, 1, NULL, NULL),
(909, 6, 57, 432, '', '', '', 'KHOGA KHARIBARI', 'খগা খড়িবাড়ী', '57', NULL, 0, 1, 1, NULL, NULL),
(910, 6, 57, 432, '', '', '', 'NAOTARA UNION', 'নাউতারা', '66', NULL, 0, 1, 1, NULL, NULL),
(911, 6, 57, 432, '', '', '', 'PASCHIM CHHATNAI', 'পশ্চিম ছাতনাই', '76', NULL, 0, 1, 1, NULL, NULL),
(912, 6, 57, 432, '', '', '', 'PURBA CHHATNAI', 'পূর্ব ছাতনাই', '85', NULL, 0, 1, 1, NULL, NULL),
(913, 6, 57, 432, '', '', '', 'TEPA KHARIBARI', 'টেপা খড়িবাড়ী', '95', NULL, 0, 1, 1, NULL, NULL),
(914, 6, 58, 433, '', '', '', 'ALOWA KHOWA', 'আলোয়াখোয়া ', '13', NULL, 0, 1, 1, NULL, NULL),
(915, 6, 58, 433, '', '', '', 'BALARAMPUR', 'বলরামপুর', '27', 5040, 0, 1, 1, NULL, NULL),
(916, 6, 58, 433, '', '', '', 'DHAMOR', 'ধামোর ', '40', 5040, 0, 1, 1, NULL, NULL),
(917, 6, 58, 433, '', '', '', 'MIRZAPUR', 'মির্জাপুর', '54', 7320, 0, 1, 1, NULL, NULL),
(918, 6, 58, 433, '', '', '', 'RADHANAGAR', 'রাধানগর', '67', 5040, 0, 1, 1, NULL, NULL),
(919, 6, 58, 433, '', '', '', 'TARIA', 'তোড়িয়া ', '81', NULL, 0, 1, 1, NULL, NULL),
(920, 6, 58, 434, '', '', '', 'BARA SHASHI', 'বড়শশী', '12', NULL, 0, 1, 1, NULL, NULL),
(921, 6, 58, 434, '', '', '', 'BANAGRAM', 'বনগ্রাম', '14', 9320, 0, 1, 1, NULL, NULL),
(922, 6, 58, 434, '', '', '', 'BODA', 'বোদা', '21', 5010, 0, 1, 1, NULL, NULL),
(923, 6, 58, 434, '', '', '', 'CHANDANBARI', 'চন্দনবাড়ী', '29', 5010, 0, 1, 1, NULL, NULL),
(924, 6, 58, 434, '', '', '', 'JHALAISHALSIRI', 'ঝলইশালশিরি', '51', NULL, 0, 1, 1, NULL, NULL),
(925, 6, 58, 434, '', '', '', 'KAJAL DIGHI KALIGANJ', 'কাজলদীঘি কালিয়াগঞ্জ', '58', NULL, 0, 1, 1, NULL, NULL),
(926, 6, 58, 434, '', '', '', 'MAIDAN DIGHI', 'ময়দানদীঘি', '73', NULL, 0, 1, 1, NULL, NULL),
(927, 6, 58, 434, '', '', '', 'MAREA BAMANHAT', 'মাড়েয়া বামনহাট', '80', 5010, 0, 1, 1, NULL, NULL),
(928, 6, 58, 434, '', '', '', 'PANCHPIR', 'পাচপীর', '87', 5010, 0, 1, 1, NULL, NULL),
(929, 6, 58, 434, '', '', '', 'SAKOA', 'সাকোয়া', '94', 5010, 0, 1, 1, NULL, NULL),
(930, 6, 58, 435, '', '', '', 'CHILAHATI', 'চিলাহাটি', '19', 5020, 0, 1, 1, NULL, NULL),
(931, 6, 58, 435, '', '', '', 'DANDAPAL', 'দন্ডপাল', '28', 5020, 0, 1, 1, NULL, NULL),
(932, 6, 58, 435, '', '', '', 'DEBIDOBA', 'দেবীডুবা', '38', NULL, 0, 1, 1, NULL, NULL),
(933, 6, 58, 435, '', '', '', 'DEBIGANJ', 'দেবীগঞ্জ', '47', 5020, 0, 1, 1, NULL, NULL),
(934, 6, 58, 435, '', '', '', 'HAZRADANGA', 'চেংঠীহাজরাডাংগা', '53', NULL, 0, 1, 1, NULL, NULL),
(935, 6, 58, 435, '', '', '', 'PAMULI', 'পামুলী', '57', 5020, 0, 1, 1, NULL, NULL),
(936, 6, 58, 435, '', '', '', 'SALDANGA', 'শালডাংগা ', '66', NULL, 0, 1, 1, NULL, NULL),
(937, 6, 58, 435, '', '', '', 'MALLIKADAHA', 'মল্লিকা দহ', '76', NULL, 0, 1, 1, NULL, NULL),
(938, 6, 58, 435, '', '', '', 'SUNDAR DIGHI', 'সুন্দরদিঘী', '85', NULL, 0, 1, 1, NULL, NULL),
(939, 6, 58, 435, '', '', '', 'TEPRIGANJ', 'টেপ্রীগঞ্জ', '95', 5020, 0, 1, 1, NULL, NULL),
(940, 6, 58, 436, '', '', '', 'AMARKHANA', 'আমরখানা', '11', 5000, 0, 1, 1, NULL, NULL),
(941, 6, 58, 436, '', '', '', 'CHAKLARHAT', 'চাকলাহাট', '23', NULL, 0, 1, 1, NULL, NULL),
(942, 6, 58, 436, '', '', '', 'HAFIZABAD', 'হাফিজাবাদ', '35', 5000, 0, 1, 1, NULL, NULL),
(943, 6, 58, 436, '', '', '', 'DHAKKAMARA', 'ধাক্কামারা', '36', 5000, 0, 1, 1, NULL, NULL),
(944, 6, 58, 436, '', '', '', 'GARINABARI', 'গড়িনাবাড়ী ', '43', 5000, 0, 1, 1, NULL, NULL),
(945, 6, 58, 436, '', '', '', 'HARIBHASA', 'হাড়িভাসা', '47', NULL, 0, 1, 1, NULL, NULL),
(946, 6, 58, 436, '', '', '', 'KAMAT KAJAL DIGHI', 'কামাত কাজলদিঘী', '59', NULL, 0, 1, 1, NULL, NULL),
(947, 6, 58, 436, '', '', '', 'MAGURA', 'মাগুড়া', '65', 9420, 0, 1, 1, NULL, NULL),
(948, 6, 58, 436, '', '', '', 'PANCHAGARH', 'পঞ্চগড়', '71', 5000, 0, 1, 1, NULL, NULL),
(949, 6, 58, 436, '', '', '', 'SATMARA', 'সাতমেরা', '83', NULL, 0, 1, 1, NULL, NULL),
(950, 6, 58, 437, '', '', '', 'BANGLABANDHA', 'বাংলাবান্ধা', '13', 5030, 0, 1, 1, NULL, NULL),
(951, 6, 58, 437, '', '', '', 'BHOJANPUR', 'ভজনপুর', '27', NULL, 0, 1, 1, NULL, NULL),
(952, 6, 58, 437, '', '', '', 'DEBNAGAR', 'দেবনগর', '40', 5030, 0, 1, 1, NULL, NULL),
(953, 6, 58, 437, '', '', '', 'BURABURI', 'বুড়াবুড়ি', '54', 5030, 0, 1, 1, NULL, NULL),
(954, 6, 58, 437, '', '', '', 'SALBAHAN', 'শালবাহান', '67', 5030, 0, 1, 1, NULL, NULL),
(955, 6, 58, 437, '', '', '', 'TENTULIA', 'তেতুলিয়া', '81', 9420, 0, 1, 1, NULL, NULL),
(956, 6, 58, 437, '', '', '', 'TIMAIHAT', 'তিরনইহাট', '94', NULL, 0, 1, 1, NULL, NULL),
(957, 6, 59, 438, '', '', '', 'KALU PARA', 'কালুপাড়া', '16', NULL, 0, 1, 1, NULL, NULL),
(958, 6, 59, 438, '', '', '', 'BISHNUPUR', 'বিষ্ণুপুর', '18', 9440, 0, 1, 1, NULL, NULL),
(959, 6, 59, 438, '', '', '', 'DAMODARPUR', 'দামোদরপুর', '25', 5431, 0, 1, 1, NULL, NULL),
(960, 6, 59, 438, '', '', '', 'GOPALPUR', 'গোপালপুর', '31', 9310, 0, 1, 1, NULL, NULL),
(961, 6, 59, 438, '', '', '', 'GOPINATHPUR', 'গোপীনাথপুর', '37', 3460, 0, 1, 1, NULL, NULL),
(962, 6, 59, 438, '', '', '', 'KUTUBPUR', 'কুতুবপুর', '63', 7100, 0, 1, 1, NULL, NULL),
(963, 6, 59, 438, '', '', '', 'LOHANI PARA', 'লোহানীপাড়া', '69', NULL, 0, 1, 1, NULL, NULL),
(964, 6, 59, 438, '', '', '', 'MADHUPUR', 'মধুপুর', '75', 9230, 0, 1, 1, NULL, NULL),
(965, 6, 59, 438, '', '', '', 'RADHANAGAR', 'রাধানগর', '82', 5040, 0, 1, 1, NULL, NULL),
(966, 6, 59, 438, '', '', '', 'RAMNATHPUR', 'রামনাথপুর', '88', 5470, 0, 1, 1, NULL, NULL),
(967, 6, 59, 439, '', '', '', 'HARAGACHH', 'হারাগাছ ', '23', 5440, 0, 1, 1, NULL, NULL),
(968, 6, 59, 439, '', '', '', 'BALA PARA', 'বালাপারা', '27', NULL, 0, 1, 1, NULL, NULL),
(969, 6, 59, 439, '', '', '', 'KURSHA', 'কুর্শা', '40', 5420, 0, 1, 1, NULL, NULL),
(970, 6, 59, 439, '', '', '', 'SARAI', 'সারাই', '54', 5440, 0, 1, 1, NULL, NULL),
(971, 6, 59, 439, '', '', '', 'SHAHIDBAGH', 'শহীদবাগ', '67', 5440, 0, 1, 1, NULL, NULL),
(972, 6, 59, 439, '', '', '', 'TEPA MADHUPUR', 'টেপামধুপুর', '81', NULL, 0, 1, 1, NULL, NULL),
(973, 6, 59, 440, '', '', '', 'CHANDANPAT', 'চন্দনপাট', '17', 5400, 0, 1, 1, NULL, NULL),
(974, 6, 59, 440, '', '', '', 'HARIDEBPUR', 'হরিদেবপুর', '23', 5400, 0, 1, 1, NULL, NULL),
(975, 6, 59, 440, '', '', '', 'MOMINPUR', 'মমিনপুর', '31', 7200, 0, 1, 1, NULL, NULL),
(976, 6, 59, 440, '', '', '', 'SADYA PUSHKARNI', 'সদ্যপুস্কুরিনী', '63', NULL, 0, 1, 1, NULL, NULL),
(977, 6, 59, 440, '', '', '', 'CANTONMENT', ' সেনানিবাস', '98', NULL, 0, 1, 1, NULL, NULL),
(978, 6, 59, 440, '', '', '', 'KHALEYA', ' খালেয়া', '27', NULL, 0, 1, 1, NULL, NULL),
(979, 6, 59, 440, '', '', '', 'UTTOM', ' উত্তম', '', NULL, 0, 1, 1, NULL, NULL),
(980, 6, 59, 440, '', '', '', 'PORSURAM', 'পরশুরাম', '', NULL, 0, 1, 1, NULL, NULL),
(981, 6, 59, 440, '', '', '', 'TOPODHAN', 'তপধান', '', NULL, 0, 1, 1, NULL, NULL),
(982, 6, 59, 440, '', '', '', 'SATGARA', 'সাতগারা', '', 5400, 0, 1, 1, NULL, NULL),
(983, 6, 59, 440, '', '', '', 'REJENDRAPUR', 'রাজেন্দ্রপুর', '', NULL, 0, 1, 1, NULL, NULL),
(984, 6, 59, 440, '', '', '', 'DORSONA', 'দরসনা', '', NULL, 0, 1, 1, NULL, NULL),
(985, 6, 59, 440, '', '', '', 'TAMPAT', 'তাম্পাট', '', 5400, 0, 1, 1, NULL, NULL),
(986, 6, 59, 441, '', '', '', 'BALUA MASIMPUR', 'বালুয়া মাসিমপুর', '17', NULL, 0, 1, 1, NULL, NULL),
(987, 6, 59, 441, '', '', '', 'BARABALA', 'বড়বালা ', '21', 5460, 0, 1, 1, NULL, NULL),
(988, 6, 59, 441, '', '', '', 'BARA HAZRATPUR', 'বড় হযরতপুর', '26', 5460, 0, 1, 1, NULL, NULL),
(989, 6, 59, 441, '', '', '', 'BALARHAT', 'বালারহাট', '32', 5460, 0, 1, 1, NULL, NULL),
(990, 6, 59, 441, '', '', '', 'BHANGNI', 'ভাংনী', '37', 5460, 0, 1, 1, NULL, NULL),
(991, 6, 59, 441, '', '', '', 'CHENGMARI', 'চেংমারী', '43', 5460, 0, 1, 1, NULL, NULL),
(992, 6, 59, 441, '', '', '', 'DURGAPUR', 'দূর্গাপুর ', '49', 5460, 0, 1, 1, NULL, NULL),
(993, 6, 59, 441, '', '', '', 'EMADPUR', 'ইমাদপুর', '54', NULL, 0, 1, 1, NULL, NULL),
(994, 6, 59, 441, '', '', '', 'GOPALPUR', 'গোপালপুর', '60', 9310, 0, 1, 1, NULL, NULL),
(995, 6, 59, 441, '', '', '', 'KAFRIKHAL', 'কাফ্রিখাল', '62', 5460, 0, 1, 1, NULL, NULL),
(996, 6, 59, 441, '', '', '', 'KHORAGACHH', 'খোরাগাছ', '65', 5460, 0, 1, 1, NULL, NULL),
(997, 6, 59, 441, '', '', '', 'LATIFPUR', 'লতিবপুর', '67', 8100, 0, 1, 1, NULL, NULL),
(998, 6, 59, 441, '', '', '', 'MILANPUR', 'মিলনপুর', '72', NULL, 0, 1, 1, NULL, NULL),
(999, 6, 59, 441, '', '', '', 'MIRZAPUR', 'মির্জাপুর', '78', 7320, 0, 1, 1, NULL, NULL),
(1000, 6, 59, 441, '', '', '', 'MAYENPUR', 'ময়েনপুর', '83', NULL, 0, 1, 1, NULL, NULL),
(1001, 6, 59, 441, '', '', '', 'PAIRABAND', 'পায়রাবন্দ', '89', 5460, 0, 1, 1, NULL, NULL),
(1002, 6, 59, 441, '', '', '', 'RANI PUKUR', 'রাণীপুকুর', '94', NULL, 0, 1, 1, NULL, NULL),
(1003, 6, 59, 442, '', '', '', 'ANNADANAGAR', 'অন্নদানগর', '17', NULL, 0, 1, 1, NULL, NULL),
(1004, 6, 59, 442, '', '', '', 'CHHAOLA', ' ছাওলা', '19', 5450, 0, 1, 1, NULL, NULL),
(1005, 6, 59, 442, '', '', '', 'ITAKUMARI', 'ইটাকমুারী', '28', 5450, 0, 1, 1, NULL, NULL),
(1006, 6, 59, 442, '', '', '', 'KAIKURI', 'কৈকুড়ী', '38', NULL, 0, 1, 1, NULL, NULL),
(1007, 6, 59, 442, '', '', '', 'KALYANI', 'কল্যাণী', '47', 5450, 0, 1, 1, NULL, NULL),
(1008, 6, 59, 442, '', '', '', 'KANDI', 'কান্দি', '57', 5450, 0, 1, 1, NULL, NULL),
(1009, 6, 59, 442, '', '', '', 'PARUL', 'পারুল', '66', 5450, 0, 1, 1, NULL, NULL),
(1010, 6, 59, 442, '', '', '', 'PIRGACHHA', 'পীরগাছা', '76', 5450, 0, 1, 1, NULL, NULL),
(1011, 6, 59, 442, '', '', '', 'TAMBULPUR', 'তাম্বুলপুর', '85', 5450, 0, 1, 1, NULL, NULL),
(1012, 6, 59, 443, '', '', '', 'BARA ALAMPUR', 'বড়আলমপুর', '16', 5470, 0, 1, 1, NULL, NULL),
(1013, 6, 59, 443, '', '', '', 'BARA DARGAH', 'বড়দরগাহ্', '22', 5470, 0, 1, 1, NULL, NULL),
(1014, 6, 59, 443, '', '', '', 'BHENDABARI', 'ভেন্ডাবাড়ী', '28', 5470, 0, 1, 1, NULL, NULL),
(1015, 6, 59, 443, '', '', '', 'CHAITRAKUL', 'চৈত্রকোল', '35', NULL, 0, 1, 1, NULL, NULL),
(1016, 6, 59, 443, '', '', '', 'CHATRA', 'চতরা', '41', 5470, 0, 1, 1, NULL, NULL),
(1017, 6, 59, 443, '', '', '', 'KABILPUR', 'কাবিলপুর', '47', 5470, 0, 1, 1, NULL, NULL),
(1018, 6, 59, 443, '', '', '', 'KUMEDPUR', 'কুমেদপুর', '54', 5470, 0, 1, 1, NULL, NULL),
(1019, 6, 59, 443, '', '', '', 'MADANKHALI', 'মদনখালী', '56', 5470, 0, 1, 1, NULL, NULL),
(1020, 6, 59, 443, '', '', '', 'MITHAPUR', 'মিঠিপুর', '58', NULL, 0, 1, 1, NULL, NULL),
(1021, 6, 59, 443, '', '', '', 'PANCHGACHHA', 'পাঁচগাছী', '63', NULL, 0, 1, 1, NULL, NULL),
(1022, 6, 59, 443, '', '', '', 'PIRGANJ', 'পীরগঞ্জ ', '69', 5110, 0, 1, 1, NULL, NULL),
(1023, 6, 59, 443, '', '', '', 'ROYPUR', 'রায়পুর', '75', 7110, 0, 1, 1, NULL, NULL),
(1024, 6, 59, 443, '', '', '', 'RAMNATHPUR', 'রামনাথপুর', '82', 5470, 0, 1, 1, NULL, NULL),
(1025, 6, 59, 443, '', '', '', 'SHANERHAT', 'শানেরহাট', '88', 5470, 0, 1, 1, NULL, NULL),
(1026, 6, 59, 443, '', '', '', 'TUKURIA', 'টুকুরিয়া', '95', 5470, 0, 1, 1, NULL, NULL),
(1027, 6, 59, 444, '', '', '', 'ALAMPUR', 'আলমপুর', '25', 7000, 0, 1, 1, NULL, NULL),
(1028, 6, 59, 444, '', '', '', 'EKARCHALI', 'ইকরচালী', '47', NULL, 0, 1, 1, NULL, NULL),
(1029, 6, 59, 444, '', '', '', 'HARIARKUTI', 'হাড়িয়ারকুটি ', '63', NULL, 0, 1, 1, NULL, NULL),
(1030, 6, 59, 444, '', '', '', 'KURSHA', 'কুর্শা', '71', 5420, 0, 1, 1, NULL, NULL),
(1031, 6, 59, 444, '', '', '', 'SAYAR', 'সয়ার', '79', 5420, 0, 1, 1, NULL, NULL),
(1032, 6, 59, 445, '', '', '', 'ALAM BIDITAR', 'আলমবিদিতর ', '16', NULL, 0, 1, 1, NULL, NULL),
(1033, 6, 59, 445, '', '', '', 'BARABIL', 'বড়বিল ', '19', 5410, 0, 1, 1, NULL, NULL),
(1034, 6, 59, 445, '', '', '', 'BETGARI', 'বেতগাড়ী ', '21', 5410, 0, 1, 1, NULL, NULL),
(1035, 6, 59, 445, '', '', '', 'GANGACHARA', 'গংগাচড়া', '31', 5410, 0, 1, 1, NULL, NULL),
(1036, 6, 59, 445, '', '', '', 'GAJAGHANTA', 'গজঘন্টা', '42', 5410, 0, 1, 1, NULL, NULL),
(1037, 6, 59, 445, '', '', '', 'KOLKANDA', 'কোলকোন্দ', '63', NULL, 0, 1, 1, NULL, NULL),
(1038, 6, 59, 445, '', '', '', 'LAKSHMITARI', 'লক্ষীটারী', '73', NULL, 0, 1, 1, NULL, NULL),
(1039, 6, 59, 445, '', '', '', 'NOHALI', 'নোহালী', '77', 5410, 0, 1, 1, NULL, NULL),
(1040, 6, 59, 445, '', '', '', 'MARANIA', 'মর্নেয়া ', '84', NULL, 0, 1, 1, NULL, NULL),
(1041, 6, 59, 445, '', '', '', 'HARAGACHH', 'হারাগাছ ', '23', 5440, 0, 1, 1, NULL, NULL),
(1042, 6, 59, 445, '', '', '', 'BALA PARA', 'বালাপারা', '27', NULL, 0, 1, 1, NULL, NULL),
(1043, 6, 59, 445, '', '', '', 'KURSHA', 'কুর্শা', '40', 5420, 0, 1, 1, NULL, NULL),
(1044, 6, 59, 445, '', '', '', 'SARAI', 'সারাই', '54', 5440, 0, 1, 1, NULL, NULL),
(1045, 6, 59, 445, '', '', '', 'SHAHIDBAGH', 'শহীদবাগ', '67', 5440, 0, 1, 1, NULL, NULL),
(1046, 6, 59, 445, '', '', '', 'TEPA MADHUPUR', 'টেপামধুপুর', '81', NULL, 0, 1, 1, NULL, NULL),
(1047, 6, 60, 446, '', '', '', 'AMJANKHORE', 'আমজানখোর', '10', 5140, 0, 1, 1, NULL, NULL),
(1048, 6, 60, 446, '', '', '', 'BARABARI', ' বড়বাড়ি', '21', 5140, 0, 1, 1, NULL, NULL),
(1049, 6, 60, 446, '', '', '', 'BARA PALASHBARI', 'বড়পলাশবাড়ি', '31', NULL, 0, 1, 1, NULL, NULL),
(1050, 6, 60, 446, '', '', '', 'BHANOR', 'ভানোর', '42', 5140, 0, 1, 1, NULL, NULL),
(1051, 6, 60, 446, '', '', '', 'CHAROL', 'চাড়োল ', '52', 5140, 0, 1, 1, NULL, NULL),
(1052, 6, 60, 446, '', '', '', 'DHANTALA', 'ধনতলা', '63', NULL, 0, 1, 1, NULL, NULL),
(1053, 6, 60, 446, '', '', '', 'DUOSUO', 'দুওসুও', '73', 5140, 0, 1, 1, NULL, NULL),
(1054, 6, 60, 446, '', '', '', 'PARIA', 'পাড়িয়া', '84', 5140, 0, 1, 1, NULL, NULL),
(1055, 6, 60, 447, '', '', '', 'AMGAON', 'আমজানখোর', '13', 5130, 0, 1, 1, NULL, NULL),
(1056, 6, 60, 447, '', '', '', 'BAKUA', 'বকুয়া', '27', 5130, 0, 1, 1, NULL, NULL),
(1057, 6, 60, 447, '', '', '', 'BHATURIA', 'ভাতুরিয়া ', '40', 5130, 0, 1, 1, NULL, NULL),
(1058, 6, 60, 447, '', '', '', 'DANGI PARA', 'ডাঙ্গীপাড়া', '54', NULL, 0, 1, 1, NULL, NULL),
(1059, 6, 60, 447, '', '', '', 'GEDURA', 'গেদুড়া ', '67', 5130, 0, 1, 1, NULL, NULL),
(1060, 6, 60, 447, '', '', '', 'HARIPUR', 'হরিপুর ', '81', 5130, 0, 1, 1, NULL, NULL),
(1061, 6, 60, 448, '', '', '', 'BAIRCHUNA', 'বৈরচুনা ', '23', NULL, 0, 1, 1, NULL, NULL),
(1062, 6, 60, 448, '', '', '', 'BHOMRADAHA', 'ভোমরাদহ', '25', 5110, 0, 1, 1, NULL, NULL),
(1063, 6, 60, 448, '', '', '', 'DAULATPUR', 'দৌলতপুর', '34', 7050, 0, 1, 1, NULL, NULL),
(1064, 6, 60, 448, '', '', '', 'HAJIPUR', 'হাজীপুর', '43', 5110, 0, 1, 1, NULL, NULL),
(1065, 6, 60, 448, '', '', '', 'JABARHAT', 'জাবরহাট', '51', 5110, 0, 1, 1, NULL, NULL),
(1066, 6, 60, 448, '', '', '', 'KHANGAON', 'খনগাঁও', '60', 5110, 0, 1, 1, NULL, NULL),
(1067, 6, 60, 448, '', '', '', 'KUSHA RANIGANJ', 'কোষারাণীগঞ্জ', '69', NULL, 0, 1, 1, NULL, NULL),
(1068, 6, 60, 448, '', '', '', 'PIRGANJ', 'পীরগঞ্জ', '77', 5110, 0, 1, 1, NULL, NULL),
(1069, 6, 60, 448, '', '', '', 'SAIDPUR', 'সৈয়দপুর', '86', NULL, 0, 1, 1, NULL, NULL),
(1070, 6, 60, 448, '', '', '', 'SENGAON', 'সেনগাঁও', '94', 5110, 0, 1, 1, NULL, NULL),
(1071, 6, 60, 449, '', '', '', 'BACHOR', 'বাচোর', '15', 5120, 0, 1, 1, NULL, NULL),
(1072, 6, 60, 449, '', '', '', 'DHARMAGARH', 'ধর্মগড়', '31', 5120, 0, 1, 1, NULL, NULL),
(1073, 6, 60, 449, '', '', '', 'HOSSAIN GAON', 'হোসেনগাঁও', '47', NULL, 0, 1, 1, NULL, NULL),
(1074, 6, 60, 449, '', '', '', 'KASHIPUR', 'কাশিপুর', '55', 7511, 0, 1, 1, NULL, NULL),
(1075, 6, 60, 449, '', '', '', 'LEHEMBA', 'লেহেম্বা', '63', 5120, 0, 1, 1, NULL, NULL),
(1076, 6, 60, 449, '', '', '', 'NONDUAR', 'নন্দুয়ার', '71', NULL, 0, 1, 1, NULL, NULL),
(1077, 6, 60, 449, '', '', '', 'NEKMARAD', 'নেকমরদ', '79', 5120, 0, 1, 1, NULL, NULL),
(1078, 6, 60, 449, '', '', '', 'RATOR', 'রাতোর', '87', 5120, 0, 1, 1, NULL, NULL),
(1079, 6, 60, 450, '', '', '', 'AKHANAGAR', 'আখানগর', '13', 5100, 0, 1, 1, NULL, NULL),
(1080, 6, 60, 450, '', '', '', 'AKCHA', 'আকচা্', '14', NULL, 0, 1, 1, NULL, NULL),
(1081, 6, 60, 450, '', '', '', 'AULIAPUR', 'আউলিয়াপুর', '15', 5100, 0, 1, 1, NULL, NULL),
(1082, 6, 60, 450, '', '', '', 'BEGUNBARI', 'বেগুনবাড়ী', '17', 5100, 0, 1, 1, NULL, NULL),
(1083, 6, 60, 450, '', '', '', 'BALIA', 'বািলয়া', '21', 5100, 0, 1, 1, NULL, NULL),
(1084, 6, 60, 450, '', '', '', 'BARAGAON', 'বড়গাঁও', '26', 5100, 0, 1, 1, NULL, NULL),
(1085, 6, 60, 450, '', '', '', 'CHILARANG', 'চিলারং', '31', 5100, 0, 1, 1, NULL, NULL),
(1086, 6, 60, 450, '', '', '', 'DEBIPUR', 'দেবীপুর', '36', 5100, 0, 1, 1, NULL, NULL),
(1087, 6, 60, 450, '', '', '', 'DHOLARHAT', 'ঢোলার হাট', '39', NULL, 0, 1, 1, NULL, NULL),
(1088, 6, 60, 450, '', '', '', 'GAREYA', 'গড়েয়া', '42', NULL, 0, 1, 1, NULL, NULL),
(1089, 6, 60, 450, '', '', '', 'JAGANNATHPUR', 'জগন্নাথপুর', '47', 7010, 0, 1, 1, NULL, NULL),
(1090, 6, 60, 450, '', '', '', 'JAMALPUR', 'জামালপুর', '52', 5100, 0, 1, 1, NULL, NULL),
(1091, 6, 60, 450, '', '', '', 'MOHAMMADPUR', 'মোহাম্মদপুর', '58', 7630, 0, 1, 1, NULL, NULL),
(1092, 6, 60, 450, '', '', '', 'NARGUN', 'নারগুন', '63', 5100, 0, 1, 1, NULL, NULL),
(1093, 6, 60, 450, '', '', '', 'RAHIMANPUR', 'রহিমানপুর', '68', 5100, 0, 1, 1, NULL, NULL),
(1094, 6, 60, 450, '', '', '', 'ROYPUR', 'রায়পুর', '73', 7110, 0, 1, 1, NULL, NULL),
(1095, 6, 60, 450, '', '', '', 'RAJAGAON', 'রাজাগাঁও', '79', 5100, 0, 1, 1, NULL, NULL),
(1096, 6, 60, 450, '', '', '', 'RUHEA', 'রুহিয়া', '84', NULL, 0, 1, 1, NULL, NULL),
(1097, 6, 60, 450, '', '', '', 'RUHEA PASCHIM', 'রুহিয়া পশ্চিম', '86', NULL, 0, 1, 1, NULL, NULL),
(1098, 6, 60, 450, '', '', '', 'SALANDAR', 'সালন্দর', '89', 5100, 0, 1, 1, NULL, NULL),
(1099, 6, 60, 450, '', '', '', 'SUKHANPUKHARI', 'শুখানপুখুরী', '94', NULL, 0, 1, 1, NULL, NULL),
(1100, 7, 61, 451, '', '', '', 'AJMIRIGANJ', 'আজমিরীগঞ্জ ', '13', NULL, 0, 1, 1, NULL, NULL),
(1101, 7, 61, 451, '', '', '', 'BADALPUR', 'বদলপুর', '27', NULL, 0, 1, 1, NULL, NULL),
(1102, 7, 61, 451, '', '', '', 'JALSUKA', 'জলসুখা', '54', NULL, 0, 1, 1, NULL, NULL),
(1103, 7, 61, 451, '', '', '', 'KAKAILSEO', 'কাকাইলছেও', '67', NULL, 0, 1, 1, NULL, NULL),
(1104, 7, 61, 451, '', '', '', 'SHIBPASHA', 'শিবপাশা ', '81', 3360, 0, 1, 1, NULL, NULL),
(1105, 7, 61, 452, '', '', '', 'BAHUBAL', 'বাহুবল', '11', 3310, 0, 1, 1, NULL, NULL),
(1106, 7, 61, 452, '', '', '', 'BHADESHWAR', 'ভাদেশ্বর ', '23', 3160, 0, 1, 1, NULL, NULL),
(1107, 7, 61, 452, '', '', '', 'LAMATASHI', 'লামাতাশী ', '35', 3310, 0, 1, 1, NULL, NULL),
(1108, 7, 61, 452, '', '', '', 'MIRPUR', 'মিরপুর ', '47', 3060, 0, 1, 1, NULL, NULL),
(1109, 7, 61, 452, '', '', '', 'PUTIJURI', 'পুটিজুরী ', '59', 3310, 0, 1, 1, NULL, NULL),
(1110, 7, 61, 452, '', '', '', 'SATKAPAN', 'সাতকাপন ', '71', 3310, 0, 1, 1, NULL, NULL),
(1111, 7, 61, 452, '', '', '', 'SNANGHAT', 'স্নানঘাট ', '83', NULL, 0, 1, 1, NULL, NULL),
(1112, 7, 61, 453, '', '', '', 'UTTAR PURBA BANIACHANG', 'বানিয়াচং উত্তর পূর্ব', '11', 3350, 0, 1, 1, NULL, NULL),
(1113, 7, 61, 453, '', '', '', 'UTTAR PASCHIM BANIYACHANG', 'বানিয়াচং উত্তর পশ্চিম ', '12', 3350, 0, 1, 1, NULL, NULL),
(1114, 7, 61, 453, '', '', '', 'DAKSHIN PURBA BANIYACHANG', 'বানিয়াচং দক্ষিণ পূর্ব ', '18', 3350, 0, 1, 1, NULL, NULL),
(1115, 7, 61, 453, '', '', '', 'DAKSHIN PASCHIM BANIYACHANG', 'বানিয়াচং দক্ষিণ পশ্চিম ', '25', NULL, 0, 1, 1, NULL, NULL),
(1116, 7, 61, 453, '', '', '', 'BARAIURI', 'বড়ইউড়ি ', '31', 3350, 0, 1, 1, NULL, NULL),
(1117, 7, 61, 453, '', '', '', 'DAULATPUR', 'দৌলতপুর ', '37', 7050, 0, 1, 1, NULL, NULL),
(1118, 7, 61, 453, '', '', '', 'KAGAPASHA', 'কাগাপাশা ', '44', 3350, 0, 1, 1, NULL, NULL),
(1119, 7, 61, 453, '', '', '', 'KHAGAURA', 'খাগাউড়া', '50', 3350, 0, 1, 1, NULL, NULL),
(1120, 7, 61, 453, '', '', '', 'MAKRAMPUR', 'মক্রমপুর ', '56', 3350, 0, 1, 1, NULL, NULL),
(1121, 7, 61, 453, '', '', '', 'MANDARI', 'মন্দরী ', '63', 3350, 0, 1, 1, NULL, NULL),
(1122, 7, 61, 453, '', '', '', 'MURADPUR', 'মুরাদপুর ', '69', 3350, 0, 1, 1, NULL, NULL),
(1123, 7, 61, 453, '', '', '', 'PAILARKANDI', 'পৈলারকান্দি ', '75', 3350, 0, 1, 1, NULL, NULL),
(1124, 7, 61, 453, '', '', '', 'PUKHRA', 'পুকড়া ', '82', 3350, 0, 1, 1, NULL, NULL),
(1125, 7, 61, 453, '', '', '', 'SUJATPUR', 'সুজাতপুর ', '88', 3350, 0, 1, 1, NULL, NULL),
(1126, 7, 61, 453, '', '', '', 'SUBIDPUR', 'সুবিদপুর ', '94', 8420, 0, 1, 1, NULL, NULL),
(1127, 7, 61, 454, '', '', '', 'AHMADABAD', 'আহম্মদাবাদ ', '13', NULL, 0, 1, 1, NULL, NULL),
(1128, 7, 61, 454, '', '', '', 'CHUNARUGHAT', 'চুনারুঘাট', '19', 3320, 0, 1, 1, NULL, NULL),
(1129, 7, 61, 454, '', '', '', 'DEORGACHH', 'দেওরগাছ ', '28', NULL, 0, 1, 1, NULL, NULL),
(1130, 7, 61, 454, '', '', '', 'GAZIPUR', 'গাজীপুর ', '38', 3320, 0, 1, 1, NULL, NULL),
(1131, 7, 61, 454, '', '', '', 'MIRAHI', 'মিরাশী ', '47', NULL, 0, 1, 1, NULL, NULL),
(1132, 7, 61, 454, '', '', '', 'PAIK PARA', 'পাইকপাড়া ', '57', NULL, 0, 1, 1, NULL, NULL),
(1133, 7, 61, 454, '', '', '', 'RANIGAON', 'রাণীগাঁও', '66', 3320, 0, 1, 1, NULL, NULL),
(1134, 7, 61, 454, '', '', '', 'SANKHOLA', 'শানখলা ', '76', NULL, 0, 1, 1, NULL, NULL),
(1135, 7, 61, 454, '', '', '', 'SHATIAJURI', 'সাটিয়াজুরী ', '85', 3320, 0, 1, 1, NULL, NULL),
(1136, 7, 61, 454, '', '', '', 'UBAHATA', 'উবাহাটা ', '95', 3320, 0, 1, 1, NULL, NULL),
(1137, 7, 61, 455, '', '', '', 'GOPAYA', 'গোপায়া ', '22', 3300, 0, 1, 1, NULL, NULL),
(1138, 7, 61, 455, '', '', '', 'LASKARPUR', 'লস্করপুর ', '24', 3300, 0, 1, 1, NULL, NULL),
(1139, 7, 61, 455, '', '', '', 'LUKHRA', 'লুকড়া ', '28', 3300, 0, 1, 1, NULL, NULL),
(1140, 7, 61, 455, '', '', '', 'NIZAMPUR', 'নিজামপুর ', '38', 7430, 0, 1, 1, NULL, NULL),
(1141, 7, 61, 455, '', '', '', 'NURPUR', 'নুরপুর ', '47', 3300, 0, 1, 1, NULL, NULL),
(1142, 7, 61, 455, '', '', '', 'POIL', 'পইল', '57', 3300, 0, 1, 1, NULL, NULL),
(1143, 7, 61, 455, '', '', '', 'RAZIURA', 'রাজিউড়া ', '66', 3300, 0, 1, 1, NULL, NULL),
(1144, 7, 61, 455, '', '', '', 'RICHI', 'রিচি ', '76', 3300, 0, 1, 1, NULL, NULL),
(1145, 7, 61, 455, '', '', '', 'SAISTAGANJ', 'শায়েস্তাগঞ্জ', '85', 3300, 0, 1, 1, NULL, NULL),
(1146, 7, 61, 455, '', '', '', 'TEGHARIA', 'তেঘরিয়া ', '95', 3300, 0, 1, 1, NULL, NULL);
INSERT INTO `geo_unions` (`id`, `geo_division_id`, `geo_district_id`, `geo_upazila_id`, `division_bbs_code`, `district_bbs_code`, `upazila_bbs_code`, `union_name_eng`, `union_name_bng`, `bbs_code`, `postcode`, `status`, `created_by`, `modified_by`, `created_at`, `updated_at`) VALUES
(1147, 7, 61, 456, '', '', '', 'BAMAI', 'বামৈ', '13', 3341, 0, 1, 1, NULL, NULL),
(1148, 7, 61, 456, '', '', '', 'BULLA', 'বুল্লা', '27', 3330, 0, 1, 1, NULL, NULL),
(1149, 7, 61, 456, '', '', '', 'KARAB', 'করাব ', '40', 3341, 0, 1, 1, NULL, NULL),
(1150, 7, 61, 456, '', '', '', 'LAKHAI', 'লাখাই', '54', 3341, 0, 1, 1, NULL, NULL),
(1151, 7, 61, 456, '', '', '', 'MURAKARI', 'মোড়াকরি ', '67', 3341, 0, 1, 1, NULL, NULL),
(1152, 7, 61, 456, '', '', '', 'MURIAUK', 'মুড়িয়াউক ', '81', 3341, 0, 1, 1, NULL, NULL),
(1153, 7, 61, 457, '', '', '', 'ADAIR', 'আদাঐর ', '16', NULL, 0, 1, 1, NULL, NULL),
(1154, 7, 61, 457, '', '', '', 'BAGASURA', 'বাঘাসুরা ', '17', 3330, 0, 1, 1, NULL, NULL),
(1155, 7, 61, 457, '', '', '', 'BAHARA', 'বহরা ', '25', 3000, 0, 1, 1, NULL, NULL),
(1156, 7, 61, 457, '', '', '', 'BULLA', 'বুল্লা ', '34', 3330, 0, 1, 1, NULL, NULL),
(1157, 7, 61, 457, '', '', '', 'CHHATIAIN', 'ছাতিয়াইন ', '43', NULL, 0, 1, 1, NULL, NULL),
(1158, 7, 61, 457, '', '', '', 'CHOWMOHANI', 'চৌমুহনী ', '51', 3330, 0, 1, 1, NULL, NULL),
(1159, 7, 61, 457, '', '', '', 'DHARMAGHAR', 'ধর্মঘর ', '60', 3330, 0, 1, 1, NULL, NULL),
(1160, 7, 61, 457, '', '', '', 'JAGADISHPUR', 'জগদীশপুর', '69', 7410, 0, 1, 1, NULL, NULL),
(1161, 7, 61, 457, '', '', '', 'ANDIURAUK', 'আন্দিউড়া ', '77', NULL, 0, 1, 1, NULL, NULL),
(1162, 7, 61, 457, '', '', '', 'NOAPARA', 'নোয়াপাড়া', '86', 9430, 0, 1, 1, NULL, NULL),
(1163, 7, 61, 457, '', '', '', 'SHAHJAHANPUR', 'শাহজাহানপুর ', '94', 3330, 0, 1, 1, NULL, NULL),
(1164, 7, 61, 458, '', '', '', 'AUSKANDI', 'আউশকান্দি ', '13', 3370, 0, 1, 1, NULL, NULL),
(1165, 7, 61, 458, '', '', '', 'BAUSHA', 'বাউসা', '14', 3370, 0, 1, 1, NULL, NULL),
(1166, 7, 61, 458, '', '', '', 'DEBPARA', 'দেবপাড়া', '21', 3370, 0, 1, 1, NULL, NULL),
(1167, 7, 61, 458, '', '', '', 'DIGHALBAK', 'দীঘলবাক ', '29', 3370, 0, 1, 1, NULL, NULL),
(1168, 7, 61, 458, '', '', '', 'GAZNAPUR', 'গজনাইপুর ', '43', NULL, 0, 1, 1, NULL, NULL),
(1169, 7, 61, 458, '', '', '', 'INATHGANJ', 'ইনাতগঞ্জ ', '51', 3370, 0, 1, 1, NULL, NULL),
(1170, 7, 61, 458, '', '', '', 'KALAIR BANGA', 'কালিয়ারভাংগা ', '58', 3370, 0, 1, 1, NULL, NULL),
(1171, 7, 61, 458, '', '', '', 'KARGAON', 'করগাঁও ', '65', 3370, 0, 1, 1, NULL, NULL),
(1172, 7, 61, 458, '', '', '', 'KURSHI', 'কুর্শি  ', '73', 3370, 0, 1, 1, NULL, NULL),
(1173, 7, 61, 458, '', '', '', 'NABIGANJ', 'নবীগঞ্জ', '80', 3370, 0, 1, 1, NULL, NULL),
(1174, 7, 61, 458, '', '', '', 'PANIUNDA', 'পানিউমদা', '87', 3370, 0, 1, 1, NULL, NULL),
(1175, 7, 61, 458, '', '', '', 'PURBA BARA BAKHAIR', 'বড় ভাকৈর (পূর্ব)', '90', 3370, 0, 1, 1, NULL, NULL),
(1176, 7, 61, 458, '', '', '', 'PASCHIM BARA BHAKHAIR', 'বড় ভাকৈর (পশ্চিম) ', '94', 3370, 0, 1, 1, NULL, NULL),
(1177, 7, 62, 459, '', '', '', 'BARLEKHA', 'বড়লেখা', '13', NULL, 0, 1, 1, NULL, NULL),
(1178, 7, 62, 459, '', '', '', 'BARNI', 'বর্ণি ', '15', 3250, 0, 1, 1, NULL, NULL),
(1179, 7, 62, 459, '', '', '', 'DAKSHIN SHAHABAJPUR', 'দক্ষিণ শাহবাজপুর ', '29', 3250, 0, 1, 1, NULL, NULL),
(1180, 7, 62, 459, '', '', '', 'DAKSHIN DAKSHINBHAGH', 'দক্ষিণভাগ (দক্ষিণ)', '31', 3250, 0, 1, 1, NULL, NULL),
(1181, 7, 62, 459, '', '', '', 'DASHER BAZAR', 'দাসেরবাজার ', '39', 3250, 0, 1, 1, NULL, NULL),
(1182, 7, 62, 459, '', '', '', 'NIJ BAHADURPUR', 'নিজবাহাদুরপুর ', '63', 3250, 0, 1, 1, NULL, NULL),
(1183, 7, 62, 459, '', '', '', 'SUJANAGAR', 'সুজানগর', '77', 3250, 0, 1, 1, NULL, NULL),
(1184, 7, 62, 459, '', '', '', 'UTTAR DAKSHINBHAG', 'দক্ষিণভাগ (উত্তর) ', '80', 3250, 0, 1, 1, NULL, NULL),
(1185, 7, 62, 459, '', '', '', 'UTTAR SHAHABAJPUR', 'উত্তর শাহবাজপুর ', '85', 3250, 0, 1, 1, NULL, NULL),
(1186, 7, 62, 459, '', '', '', 'TALIMPUR', 'তালিমপুর ', '94', 3250, 0, 1, 1, NULL, NULL),
(1187, 7, 62, 460, '', '', '', 'FULTALA', 'ফুলতলা ', '23', 3251, 0, 1, 1, NULL, NULL),
(1188, 7, 62, 460, '', '', '', 'GOALBARI', 'গোয়ালবাড়ী ', '29', 3251, 0, 1, 1, NULL, NULL),
(1189, 7, 62, 460, '', '', '', 'JAIFARNAGAR', 'জায়ফরনগর ', '47', 3251, 0, 1, 1, NULL, NULL),
(1190, 7, 62, 460, '', '', '', 'PASCHIM JURI', 'পশ্চিম জুড়ী ', '55', 3251, 0, 1, 1, NULL, NULL),
(1191, 7, 62, 460, '', '', '', 'PURBA JURI', 'পুর্ব জুড়ী', '67', 3251, 0, 1, 1, NULL, NULL),
(1192, 7, 62, 460, '', '', '', 'SAGARNAL', 'সাগরনাল ', '83', 3251, 0, 1, 1, NULL, NULL),
(1193, 7, 62, 461, '', '', '', 'ADAMPUR', 'আদমপুর ', '17', 3220, 0, 1, 1, NULL, NULL),
(1194, 7, 62, 461, '', '', '', 'ALINAGAR', 'আলী নগর ', '19', 8300, 0, 1, 1, NULL, NULL),
(1195, 7, 62, 461, '', '', '', 'ISLAMPUR', 'ইসলামপুর ', '28', 3080, 0, 1, 1, NULL, NULL),
(1196, 7, 62, 461, '', '', '', 'KAMALGANJ', 'কমলগঞ্জ ', '38', 3220, 0, 1, 1, NULL, NULL),
(1197, 7, 62, 461, '', '', '', 'MADHABPUR', 'মাধবপুর', '47', 3220, 0, 1, 1, NULL, NULL),
(1198, 7, 62, 461, '', '', '', 'MUNSHI BAZAR', 'মুন্সিবাজার', '57', 3220, 0, 1, 1, NULL, NULL),
(1199, 7, 62, 461, '', '', '', 'PATANUSHAR', 'পতনঊষার ', '66', 3220, 0, 1, 1, NULL, NULL),
(1200, 7, 62, 461, '', '', '', 'RAHIMPUR', 'রহিমপুর', '76', 3220, 0, 1, 1, NULL, NULL),
(1201, 7, 62, 461, '', '', '', 'SHAMSHERNAGAR', 'শমশেরনগর', '85', 3220, 0, 1, 1, NULL, NULL),
(1202, 7, 62, 462, '', '', '', 'BHUKSHIMAIL', 'ভূকশিমইল ', '10', NULL, 0, 1, 1, NULL, NULL),
(1203, 7, 62, 462, '', '', '', 'BARAMCHAL', 'বরমচাল ', '11', 3230, 0, 1, 1, NULL, NULL),
(1204, 7, 62, 462, '', '', '', 'BHATERA', 'ভাটেরা ', '13', 3230, 0, 1, 1, NULL, NULL),
(1205, 7, 62, 462, '', '', '', 'BRAHMAN BAZAR', 'ব্রাহ্মণবাজার ', '17', NULL, 0, 1, 1, NULL, NULL),
(1206, 7, 62, 462, '', '', '', 'HAJIPUR', 'হাজীপুর ', '35', 5110, 0, 1, 1, NULL, NULL),
(1207, 7, 62, 462, '', '', '', 'JOYCHANDI', 'জয়চন্ডি ', '41', 3230, 0, 1, 1, NULL, NULL),
(1208, 7, 62, 462, '', '', '', 'KADIRPUR', 'কাদিপুর ', '53', 3230, 0, 1, 1, NULL, NULL),
(1209, 7, 62, 462, '', '', '', 'KARMADHA', 'কর্মধা ', '59', 3230, 0, 1, 1, NULL, NULL),
(1210, 7, 62, 462, '', '', '', 'KULAURA', 'কুলাউড়া', '65', 3230, 0, 1, 1, NULL, NULL),
(1211, 7, 62, 462, '', '', '', 'PRITHIM PASHA', 'পৃথিমপাশা ', '71', NULL, 0, 1, 1, NULL, NULL),
(1212, 7, 62, 462, '', '', '', 'ROUTHGAON', 'রাউৎগাঁও ', '77', 3230, 0, 1, 1, NULL, NULL),
(1213, 7, 62, 462, '', '', '', 'SHARIFPUR', 'শরীফপুর ', '89', 3230, 0, 1, 1, NULL, NULL),
(1214, 7, 62, 462, '', '', '', 'TILAGAON', 'টিলাগাঁও ', '95', 3230, 0, 1, 1, NULL, NULL),
(1215, 7, 62, 463, '', '', '', 'AKHAILKURA', 'আখাইলকুড়া ', '13', 3200, 0, 1, 1, NULL, NULL),
(1216, 7, 62, 463, '', '', '', 'AMTAIL', 'আমতৈল ', '14', 3200, 0, 1, 1, NULL, NULL),
(1217, 7, 62, 463, '', '', '', 'CHANDIGHAT', 'চাঁদনীঘাট', '21', NULL, 0, 1, 1, NULL, NULL),
(1218, 7, 62, 463, '', '', '', 'EKATUNA', 'একাটুনা ', '29', 3200, 0, 1, 1, NULL, NULL),
(1219, 7, 62, 463, '', '', '', 'GIASNAGAR', 'গিয়াসনগর ', '36', 3200, 0, 1, 1, NULL, NULL),
(1220, 7, 62, 463, '', '', '', 'KAMALPUR', 'কামালপুর', '43', 3200, 0, 1, 1, NULL, NULL),
(1221, 7, 62, 463, '', '', '', 'KANAKPUR', 'কনকপুর', '51', 3200, 0, 1, 1, NULL, NULL),
(1222, 7, 62, 463, '', '', '', 'KHALILPUR', 'খলিলপুর ', '58', 3200, 0, 1, 1, NULL, NULL),
(1223, 7, 62, 463, '', '', '', 'MANUMUKH', 'মনুমুখ ', '65', 3200, 0, 1, 1, NULL, NULL),
(1224, 7, 62, 463, '', '', '', 'MOSTAFAPUR', 'মোস্তফাপুর ', '80', 5250, 0, 1, 1, NULL, NULL),
(1225, 7, 62, 463, '', '', '', 'NAZIRABAD', 'নাজিরাবাদ', '87', 3200, 0, 1, 1, NULL, NULL),
(1226, 7, 62, 463, '', '', '', 'UPPER KAGABALA', 'আপার কাগাবলা ', '94', NULL, 0, 1, 1, NULL, NULL),
(1227, 7, 62, 464, '', '', '', 'FATEHPUR', 'ফতেপুর', '10', 3010, 0, 1, 1, NULL, NULL),
(1228, 7, 62, 464, '', '', '', 'KAMAR CHAK', 'কামারচাক ', '21', 3240, 0, 1, 1, NULL, NULL),
(1229, 7, 62, 464, '', '', '', 'MANSURNAGAR', 'মনসুরনগর ', '31', 3240, 0, 1, 1, NULL, NULL),
(1230, 7, 62, 464, '', '', '', 'MUNSHI BAZAR', 'মুন্সিবাজার', '42', 3220, 0, 1, 1, NULL, NULL),
(1231, 7, 62, 464, '', '', '', 'PANCHGAON', 'পাঁচগাঁও ', '52', 3240, 0, 1, 1, NULL, NULL),
(1232, 7, 62, 464, '', '', '', 'RAJNAGAR', 'রাজনগর ', '63', 9340, 0, 1, 1, NULL, NULL),
(1233, 7, 62, 464, '', '', '', 'TENGRA', 'টেংরা', '73', 3240, 0, 1, 1, NULL, NULL),
(1234, 7, 62, 464, '', '', '', 'UTTARBHAG', 'উত্তরভাগ ', '84', 3240, 0, 1, 1, NULL, NULL),
(1235, 7, 62, 465, '', '', '', 'ASHIDRON', 'আশিদ্রোন ', '15', 3210, 0, 1, 1, NULL, NULL),
(1236, 7, 62, 465, '', '', '', 'BHUNABIR', 'ভূনবীর ', '19', 3210, 0, 1, 1, NULL, NULL),
(1237, 7, 62, 465, '', '', '', 'KALAPUR', 'কালাপুর', '28', NULL, 0, 1, 1, NULL, NULL),
(1238, 7, 62, 465, '', '', '', 'KALIGHAT', 'কালীঘাট ', '38', 3210, 0, 1, 1, NULL, NULL),
(1239, 7, 62, 465, '', '', '', 'MIRZAPUR', 'মির্জাপুর ', '47', 7320, 0, 1, 1, NULL, NULL),
(1240, 7, 62, 465, '', '', '', 'RAJGHAT', 'রাজঘাট', '57', 3210, 0, 1, 1, NULL, NULL),
(1241, 7, 62, 465, '', '', '', 'SATGOAN', 'সাতগাঁও ', '66', 3210, 0, 1, 1, NULL, NULL),
(1242, 7, 62, 465, '', '', '', 'SINDURKHAN', 'সিন্দুরখান', '76', 3210, 0, 1, 1, NULL, NULL),
(1243, 7, 62, 465, '', '', '', 'SREEMANGAL', 'শ্রীমঙ্গল ', '85', 3210, 0, 1, 1, NULL, NULL),
(1244, 7, 63, 466, '', '', '', 'DAKSHIN BADAGHAT', 'বাদাঘাট দক্ষিণ', '17', 3010, 0, 1, 1, NULL, NULL),
(1245, 7, 63, 466, '', '', '', 'DHONPUR', 'ধনপুর ', '20', NULL, 0, 1, 1, NULL, NULL),
(1246, 7, 63, 466, '', '', '', 'FATEHPUR', 'ফতেপুর', '34', 3010, 0, 1, 1, NULL, NULL),
(1247, 7, 63, 466, '', '', '', 'PALASH', 'পলাশ ', '77', 5291, 0, 1, 1, NULL, NULL),
(1248, 7, 63, 466, '', '', '', 'SHOLUKABAD', 'সলুকাবাদ', '80', NULL, 0, 1, 1, NULL, NULL),
(1249, 7, 63, 467, '', '', '', 'BHATGAON', 'ভাতগাঁও ', '11', 3080, 0, 1, 1, NULL, NULL),
(1250, 7, 63, 467, '', '', '', 'CHHATAK', 'ছাতক ', '13', 3080, 0, 1, 1, NULL, NULL),
(1251, 7, 63, 467, '', '', '', 'CHARMOHALLA', 'চরমহল্লা ', '14', NULL, 0, 1, 1, NULL, NULL),
(1252, 7, 63, 467, '', '', '', 'DULAR BAZAR', 'দোলারবাজার', '38', 3080, 0, 1, 1, NULL, NULL),
(1253, 7, 63, 467, '', '', '', 'DAKSHIN KHURMA', 'খুরমা দক্ষিণ ', '42', 3080, 0, 1, 1, NULL, NULL),
(1254, 7, 63, 467, '', '', '', 'DAKSHIN ISLAMPUR', 'ইসলামপুর', '47', NULL, 0, 1, 1, NULL, NULL),
(1255, 7, 63, 467, '', '', '', 'JAWAR BAZAR', 'জাউয়া বাজার ', '52', NULL, 0, 1, 1, NULL, NULL),
(1256, 7, 63, 467, '', '', '', 'KALARUKA', 'কালারুকা ', '57', 3080, 0, 1, 1, NULL, NULL),
(1257, 7, 63, 467, '', '', '', 'NOARAI', 'নোয়ারাই ', '76', 3080, 0, 1, 1, NULL, NULL),
(1258, 7, 63, 467, '', '', '', 'SAIDERGAON', 'সৈদেরগাঁও ', '85', NULL, 0, 1, 1, NULL, NULL),
(1259, 7, 63, 467, '', '', '', 'SAILA AFZALABAD', 'ছৈলা আফজলাবাদ', '90', NULL, 0, 1, 1, NULL, NULL),
(1260, 7, 63, 467, '', '', '', 'SING CHAPAIR', 'সিংচাপইড় ', '92', 3080, 0, 1, 1, NULL, NULL),
(1261, 7, 63, 467, '', '', '', 'UTTAR SURMA', 'খুরমা উত্তর ', '94', NULL, 0, 1, 1, NULL, NULL),
(1262, 7, 63, 467, '', '', '', 'DURGAPASHA', 'দরগাপাশা ', '11', 8280, 0, 1, 1, NULL, NULL),
(1263, 7, 63, 467, '', '', '', 'JOYKALAS', 'জয়কলস', '33', 3000, 0, 1, 1, NULL, NULL),
(1264, 7, 63, 468, '', '', '', 'BHATI PARA', 'ভাটিপাড়া', '17', 3040, 0, 1, 1, NULL, NULL),
(1265, 7, 63, 468, '', '', '', 'CHARNAR CHAR', 'চরনারচর ', '19', 3040, 0, 1, 1, NULL, NULL),
(1266, 7, 63, 468, '', '', '', 'DERAI SARMANGAL', 'দিরাই সরমঙ্গল ', '28', NULL, 0, 1, 1, NULL, NULL),
(1267, 7, 63, 468, '', '', '', 'JAGADDAL', 'জগদল ', '38', NULL, 0, 1, 1, NULL, NULL),
(1268, 7, 63, 468, '', '', '', 'KARIMPUR', 'করিমপুর', '47', 3040, 0, 1, 1, NULL, NULL),
(1269, 7, 63, 468, '', '', '', 'KULANJ', 'কুলঞ্জ', '57', NULL, 0, 1, 1, NULL, NULL),
(1270, 7, 63, 468, '', '', '', 'RAFINAGAR', 'রফিনগর', '66', 3040, 0, 1, 1, NULL, NULL),
(1271, 7, 63, 468, '', '', '', 'RAJANAGAR', 'রাজানগর', '76', 3040, 0, 1, 1, NULL, NULL),
(1272, 7, 63, 468, '', '', '', 'TARAL', 'তাড়ল ', '85', 3040, 0, 1, 1, NULL, NULL),
(1273, 7, 63, 469, '', '', '', 'DAKSHIN SUKHAIRRAJAPUR', 'সুখাইড়  দক্ষিণ ', '21', NULL, 0, 1, 1, NULL, NULL),
(1274, 7, 63, 469, '', '', '', 'CHAMARDANI', 'চামরদানী', '23', 3000, 0, 1, 1, NULL, NULL),
(1275, 7, 63, 469, '', '', '', 'DAKSHIN BONGSHIKUNDA', 'বংশীকুন্ডা দক্ষিণ ', '35', 3000, 0, 1, 1, NULL, NULL),
(1276, 7, 63, 469, '', '', '', 'DHARMAPASHA', 'ধর্মপাশা ', '38', 3000, 0, 1, 1, NULL, NULL),
(1277, 7, 63, 469, '', '', '', 'JOYSREE', 'জয়শ্রী ', '47', 3000, 0, 1, 1, NULL, NULL),
(1278, 7, 63, 469, '', '', '', 'MADHYANAGAR', 'মধ্যনগর', '57', 3000, 0, 1, 1, NULL, NULL),
(1279, 7, 63, 469, '', '', '', 'PAIKURATI', 'পাইকুরাটী', '66', NULL, 0, 1, 1, NULL, NULL),
(1280, 7, 63, 469, '', '', '', 'SELBORASH', 'সেলবরষ ', '76', 3000, 0, 1, 1, NULL, NULL),
(1281, 7, 63, 469, '', '', '', 'UTTAR SUKHAIR RAJAPUR', 'সুখাইড় রাজাপুর উত্তর', '85', 3000, 0, 1, 1, NULL, NULL),
(1282, 7, 63, 469, '', '', '', 'UTTAR BANGSHIKUNDA', 'বংশীকুন্ডা উত্তর ', '90', 3000, 0, 1, 1, NULL, NULL),
(1283, 7, 63, 470, '', '', '', 'BOUGLA BAZAR', 'বোগলাবাজার ', '21', NULL, 0, 1, 1, NULL, NULL),
(1284, 7, 63, 470, '', '', '', 'DAKSHIN DOWARABAZAR', 'দক্ষিণ দোয়ারাবাজার', '27', NULL, 0, 1, 1, NULL, NULL),
(1285, 7, 63, 470, '', '', '', 'DUHALIA', 'দোহালিয়া ', '32', 3070, 0, 1, 1, NULL, NULL),
(1286, 7, 63, 470, '', '', '', 'LAKSHMIPUR', 'লক্ষীপুর ', '61', 3560, 0, 1, 1, NULL, NULL),
(1287, 7, 63, 470, '', '', '', 'MANNARGAON', 'মান্নারগাঁও', '67', 3070, 0, 1, 1, NULL, NULL),
(1288, 7, 63, 470, '', '', '', 'PANDERGAON', 'পান্ডারগাঁও', '78', 3070, 0, 1, 1, NULL, NULL),
(1289, 7, 63, 470, '', '', '', 'SURMA', 'সুরমা ', '81', 3000, 0, 1, 1, NULL, NULL),
(1290, 7, 63, 470, '', '', '', 'BANGLA BAZAR', 'বাংলাবাজার ', '86', 3070, 0, 1, 1, NULL, NULL),
(1291, 7, 63, 470, '', '', '', 'NARSING PUR', 'নরসিংহপুর ', '92', NULL, 0, 1, 1, NULL, NULL),
(1292, 7, 63, 471, '', '', '', 'ASHARKANDI', 'আশারকান্দি ', '17', 3060, 0, 1, 1, NULL, NULL),
(1293, 7, 63, 471, '', '', '', 'HALDIPUR', 'হলদিপুর ', '19', 3060, 0, 1, 1, NULL, NULL),
(1294, 7, 63, 471, '', '', '', 'KALKALIA', 'কলকলিয়া ', '38', 3060, 0, 1, 1, NULL, NULL),
(1295, 7, 63, 471, '', '', '', 'MIRPUR', 'মীরপুর ', '47', 3060, 0, 1, 1, NULL, NULL),
(1296, 7, 63, 471, '', '', '', 'PAILGAON', 'পাইলগাঁও ', '57', 3060, 0, 1, 1, NULL, NULL),
(1297, 7, 63, 471, '', '', '', 'PATALI', 'পাটলী ', '66', 3060, 0, 1, 1, NULL, NULL),
(1298, 7, 63, 471, '', '', '', 'RANIGANJ', 'রানীগঞ্জ ', '76', 3060, 0, 1, 1, NULL, NULL),
(1299, 7, 63, 471, '', '', '', 'SYED PUR', 'সৈয়দপুর ', '85', NULL, 0, 1, 1, NULL, NULL),
(1300, 7, 63, 472, '', '', '', 'BEHELI', 'বেহেলী', '13', 3020, 0, 1, 1, NULL, NULL),
(1301, 7, 63, 472, '', '', '', 'VIMKHALI', 'ভীমখালী ', '27', NULL, 0, 1, 1, NULL, NULL),
(1302, 7, 63, 472, '', '', '', 'FENARBAK', 'ফেনারবাক', '54', 3020, 0, 1, 1, NULL, NULL),
(1303, 7, 63, 472, '', '', '', 'JAMALGANJ', 'জামালগঞ্জ', '67', 3020, 0, 1, 1, NULL, NULL),
(1304, 7, 63, 472, '', '', '', 'SACHNA BAZAR', 'সাচনাবাজার', '81', 3020, 0, 1, 1, NULL, NULL),
(1305, 7, 63, 473, '', '', '', 'ATGAON', 'আটগাঁও', '23', 5200, 0, 1, 1, NULL, NULL),
(1306, 7, 63, 473, '', '', '', 'BAHARA', 'বাহারা ', '47', 3000, 0, 1, 1, NULL, NULL),
(1307, 7, 63, 473, '', '', '', 'HABIBPUR', 'হবিবপুর', '71', 3000, 0, 1, 1, NULL, NULL),
(1308, 7, 63, 473, '', '', '', 'SULLA', 'শাল্লা', '95', NULL, 0, 1, 1, NULL, NULL),
(1309, 7, 63, 474, '', '', '', 'KURBANNAGAR(AFTABNAGAR)', 'কুরবান ', '10', NULL, 0, 1, 1, NULL, NULL),
(1310, 7, 63, 474, '', '', '', 'GOURARARANG', 'গৌরারং', '27', 3000, 0, 1, 1, NULL, NULL),
(1311, 7, 63, 474, '', '', '', 'JAHANGIRNAGAR', 'জাহাঙ্গীরনগর ', '33', 3000, 0, 1, 1, NULL, NULL),
(1312, 7, 63, 474, '', '', '', 'KATAIR', 'কাঠইর', '36', NULL, 0, 1, 1, NULL, NULL),
(1313, 7, 63, 474, '', '', '', 'LAKSHMANSREE', 'লক্ষণশ্রী ', '39', NULL, 0, 1, 1, NULL, NULL),
(1314, 7, 63, 474, '', '', '', 'MOHANPUR', 'মোহনপুর ', '50', 5220, 0, 1, 1, NULL, NULL),
(1315, 7, 63, 474, '', '', '', 'MOLLAH PARA', 'মোল্লা পারা', '55', 3000, 0, 1, 1, NULL, NULL),
(1316, 7, 63, 474, '', '', '', 'RANGAR CHAR', 'রংগারচর ', '72', 3000, 0, 1, 1, NULL, NULL),
(1317, 7, 63, 474, '', '', '', 'SURMA', 'সুরমা ', '77', 3000, 0, 1, 1, NULL, NULL),
(1318, 7, 63, 475, '', '', '', 'BALIJURI', 'বালিজুরী ', '10', 3030, 0, 1, 1, NULL, NULL),
(1319, 7, 63, 475, '', '', '', 'DAKSHIN SREEPUR', 'শ্রীপুর দক্ষিণ ', '33', 3030, 0, 1, 1, NULL, NULL),
(1320, 7, 63, 475, '', '', '', 'DAKSHIN BARADAL', 'বড়দল দক্ষিণ', '43', 3030, 0, 1, 1, NULL, NULL),
(1321, 7, 63, 475, '', '', '', 'TAHIRPUR', 'তাহিরপুর', '64', 3030, 0, 1, 1, NULL, NULL),
(1322, 7, 63, 475, '', '', '', 'UTTAR BADAGHAT', ' উত্তর বাডাঘাট', '71', NULL, 0, 1, 1, NULL, NULL),
(1323, 7, 63, 475, '', '', '', 'BARADAL', ' বড় দল', '82', 9460, 0, 1, 1, NULL, NULL),
(1324, 7, 63, 475, '', '', '', 'UTTAR SREEPUR', 'শ্রীপুর উত্তর', '92', 3030, 0, 1, 1, NULL, NULL),
(1325, 7, 63, 476, '', '', '', 'DAKSHIN  SUNAMGANJ', 'দক্ষিণ  সুনামগঞ্জ', '', NULL, 0, 1, 1, NULL, NULL),
(1326, 7, 63, 476, '', '', '', 'PATHARIA', 'পাথারিয়া ', '61', 3000, 0, 1, 1, NULL, NULL),
(1327, 7, 63, 476, '', '', '', 'SHIMULBAK', 'শিমুলবাক ', '78', 3000, 0, 1, 1, NULL, NULL),
(1328, 7, 63, 476, '', '', '', 'PASCHIM BIRGAON', 'পশ্চিম বীরগাঁও ', '89', 3000, 0, 1, 1, NULL, NULL),
(1329, 7, 63, 476, '', '', '', 'PASCHIM PAGLA', 'পশ্চিম পাগলা ', '90', 3000, 0, 1, 1, NULL, NULL),
(1330, 7, 63, 476, '', '', '', 'PURBA BIRGOAN', 'পূর্ব বীরগাঁও', '92', 3000, 0, 1, 1, NULL, NULL),
(1331, 7, 63, 476, '', '', '', 'PURBA PAGLA', 'পূর্ব পাগলা', '94', 3000, 0, 1, 1, NULL, NULL),
(1332, 7, 63, 476, '', '', '', 'JOIKOLOSH', 'জয়কলস', '', NULL, 0, 1, 1, NULL, NULL),
(1333, 7, 63, 476, '', '', '', 'DORGAPASHA', 'দরগাপাশা', '', 3000, 0, 1, 1, NULL, NULL),
(1334, 7, 64, 477, '', '', '', 'BALAGANJ', 'বালাগঞ্জ', '11', 3120, 0, 1, 1, NULL, NULL),
(1335, 7, 64, 477, '', '', '', 'BOALJUR BAZAR', 'বোয়ালজুর', '13', NULL, 0, 0, 0, NULL, NULL),
(1336, 7, 64, 477, '', '', '', 'BURUNGA', 'বুরুঙ্গা', '20', NULL, 0, 0, 0, NULL, NULL),
(1337, 7, 64, 477, '', '', '', 'DAYAMIR', 'দয়ামীর', '27', 3120, 0, 0, 0, NULL, NULL),
(1338, 7, 64, 477, '', '', '', 'DEWAN BAZAR', 'দেওয়ান বাজার ', '33', 3120, 0, 0, 0, NULL, NULL),
(1339, 7, 64, 477, '', '', '', 'GOULA BAZAR', 'গোয়ালাবাজার ', '40', NULL, 0, 0, 0, NULL, NULL),
(1340, 7, 64, 477, '', '', '', 'OMARPUR', 'উমরপুর ', '51', 3120, 0, 0, 0, NULL, NULL),
(1341, 7, 64, 477, '', '', '', 'OSMANPUR', 'উসমানপুর ', '55', 7021, 0, 0, 0, NULL, NULL),
(1342, 7, 64, 477, '', '', '', 'PASCHIM GAURIPUR', 'পশ্চিম গৌরীপুর ', '60', NULL, 0, 0, 0, NULL, NULL),
(1343, 7, 64, 477, '', '', '', 'PASCHIM PAILANPUR', 'পশ্চিম পৈলনপুর ', '64', NULL, 0, 0, 0, NULL, NULL),
(1344, 7, 64, 477, '', '', '', 'PURBA PAILANPUR', 'পূর্ব পৈলনপুর', '67', NULL, 0, 0, 0, NULL, NULL),
(1345, 7, 64, 477, '', '', '', 'PURBA GAURIPUR', 'পূর্ব গৌরীপুর ', '70', 3120, 0, 0, 0, NULL, NULL),
(1346, 7, 64, 477, '', '', '', 'SADIPUR', 'সাদিরপুর ', '81', 3120, 0, 0, 0, NULL, NULL),
(1347, 7, 64, 477, '', '', '', 'TAJPUR', 'তাজপুর ', '88', 3120, 0, 0, 0, NULL, NULL),
(1348, 7, 64, 478, '', '', '', 'ALINAGAR', 'আলীনগর ', '11', 8300, 0, 0, 0, NULL, NULL),
(1349, 7, 64, 478, '', '', '', 'MOLLAHPUR', 'মোল্লাপুর', '14', 3170, 0, 0, 0, NULL, NULL),
(1350, 7, 64, 478, '', '', '', 'CHARKHAI', 'চরখাই', '25', 3170, 0, 0, 0, NULL, NULL),
(1351, 7, 64, 478, '', '', '', 'DOBHAG', 'দুবাগ ', '34', NULL, 0, 0, 0, NULL, NULL),
(1352, 7, 64, 478, '', '', '', 'KURAR BAZAR', 'কুড়ারবাজার', '43', 3170, 0, 0, 0, NULL, NULL),
(1353, 7, 64, 478, '', '', '', 'LAUTA', 'লাউতা ', '51', 3170, 0, 0, 0, NULL, NULL),
(1354, 7, 64, 478, '', '', '', 'MATHIURA', 'মাথিউরা ', '60', 3170, 0, 0, 0, NULL, NULL),
(1355, 7, 64, 478, '', '', '', 'MURIA', 'মুড়িয়া ', '77', 3170, 0, 0, 0, NULL, NULL),
(1356, 7, 64, 478, '', '', '', 'SHEOLA', 'শেওলা ', '86', 3170, 0, 0, 0, NULL, NULL),
(1357, 7, 64, 478, '', '', '', 'TILPARA', 'তিলপাড়া', '94', 3170, 0, 0, 0, NULL, NULL),
(1358, 7, 64, 479, '', '', '', 'ALANKARI', 'অলংকারী ', '10', 3130, 0, 0, 0, NULL, NULL),
(1359, 7, 64, 479, '', '', '', 'BISHWANATH', 'বিশ্বনাথ ', '21', 3130, 0, 0, 0, NULL, NULL),
(1360, 7, 64, 479, '', '', '', 'DAULATPUR', 'দৌলতপুর', '31', 7050, 0, 0, 0, NULL, NULL),
(1361, 7, 64, 479, '', '', '', 'DEOKALAS', 'দেওকলস ', '42', 3130, 0, 0, 0, NULL, NULL),
(1362, 7, 64, 479, '', '', '', 'DASGHAR', 'দশঘর ', '52', 3130, 0, 0, 0, NULL, NULL),
(1363, 7, 64, 479, '', '', '', 'KHAZANCHIGAON', 'খাজাঞ্চী ', '63', NULL, 0, 0, 0, NULL, NULL),
(1364, 7, 64, 479, '', '', '', 'LAMA KAZI', 'লামাকাজী ', '73', 3130, 0, 0, 0, NULL, NULL),
(1365, 7, 64, 479, '', '', '', 'RAMPASHA', 'রামপাশা ', '84', 3130, 0, 0, 0, NULL, NULL),
(1366, 7, 64, 480, '', '', '', 'ISLAMPUR PASCHIM', 'ইসলামপুর পশ্চিম', '11', 3140, 0, 0, 0, NULL, NULL),
(1367, 7, 64, 480, '', '', '', 'ISLAMPUR PURBA', 'ইসলামপুর পূর্ব ', '13', 3140, 0, 0, 0, NULL, NULL),
(1368, 7, 64, 480, '', '', '', 'ISHAKALAS', 'ইসাকলস ', '17', NULL, 0, 0, 0, NULL, NULL),
(1369, 7, 64, 480, '', '', '', 'RANIKHAI DAKSHIN', 'দক্ষিন রনিখাই ', '47', NULL, 0, 0, 0, NULL, NULL),
(1370, 7, 64, 480, '', '', '', 'RANIKHAI UTTAR', 'উত্তর রনিখাই ', '57', NULL, 0, 0, 0, NULL, NULL),
(1371, 7, 64, 480, '', '', '', 'TELIKHAL', 'তেলিখাল ', '71', 3140, 0, 0, 0, NULL, NULL),
(1372, 7, 64, 481, '', '', '', 'DAUDPUR', 'দাউদপুর', '30', 5280, 0, 0, 0, NULL, NULL),
(1373, 7, 64, 481, '', '', '', 'BARAIKANDI', 'বরইকান্দি', '36', 3100, 0, 0, 0, NULL, NULL),
(1374, 7, 64, 481, '', '', '', 'JALALPUR', 'বরইকান্দি ', '37', 9420, 0, 0, 0, NULL, NULL),
(1375, 7, 64, 481, '', '', '', 'KAMAL BAZAR', 'কামালবাজার ', '41', NULL, 0, 0, 0, NULL, NULL),
(1376, 7, 64, 481, '', '', '', 'KUCHAI', 'কুচাই ', '45', 3100, 0, 0, 0, NULL, NULL),
(1377, 7, 64, 481, '', '', '', 'LALA BAZAR', 'লালাবাজার ', '50', NULL, 0, 0, 0, NULL, NULL),
(1378, 7, 64, 481, '', '', '', 'MOGLA BAZAR', 'মোগলাবাজার ', '60', NULL, 0, 0, 0, NULL, NULL),
(1379, 7, 64, 481, '', '', '', 'MOLLARGAON', 'মোল্লারগাঁও', '65', 3100, 0, 0, 0, NULL, NULL),
(1380, 7, 64, 481, '', '', '', 'SILAM', 'সিলাম ', '75', 3100, 0, 0, 0, NULL, NULL),
(1381, 7, 64, 481, '', '', '', 'TETLI', 'তেতলী ', '85', 3100, 0, 0, 0, NULL, NULL),
(1382, 7, 64, 482, '', '', '', 'FENCHUGANJ', 'ফেঞ্চুগঞ্জ', '23', 3116, 0, 0, 0, NULL, NULL),
(1383, 7, 64, 482, '', '', '', 'GHILACHHARA', 'ঘিলাছড়া ', '47', NULL, 0, 0, 0, NULL, NULL),
(1384, 7, 64, 482, '', '', '', 'MAIJGAON', 'মাইজগাঁও ', '71', 3116, 0, 0, 0, NULL, NULL),
(1385, 7, 64, 482, '', '', '', 'UTTAR FENCHUGANJ', 'উত্তর ফেঞ্চুগঞ্জ ', '93', NULL, 0, 0, 0, NULL, NULL),
(1386, 7, 64, 482, '', '', '', 'UTTAR KUSHIARA', 'উত্তর কুশিয়ারা ', '95', NULL, 0, 0, 0, NULL, NULL),
(1387, 7, 64, 483, '', '', '', 'AMURA', 'আমুরা ', '13', NULL, 0, 0, 0, NULL, NULL),
(1388, 7, 64, 483, '', '', '', 'BAGHA', 'বাঘা ', '15', 3160, 0, 0, 0, NULL, NULL),
(1389, 7, 64, 483, '', '', '', 'BHADESHWAR', 'ভাদেশ্বর ', '17', 3160, 0, 0, 0, NULL, NULL),
(1390, 7, 64, 483, '', '', '', 'BUDBARI BAZAR', 'বুধবারীবাজার', '20', NULL, 0, 0, 0, NULL, NULL),
(1391, 7, 64, 483, '', '', '', 'DHAKA DAKSHIN', 'ঢাকাদক্ষিন ', '25', 3160, 0, 0, 0, NULL, NULL),
(1392, 7, 64, 483, '', '', '', 'SHORIFGONJ', 'শরিফগঞ্জ ', '36', NULL, 0, 0, 0, NULL, NULL),
(1393, 7, 64, 483, '', '', '', 'FULBARI', 'ফুলবাড়ী ', '43', 3160, 0, 0, 0, NULL, NULL),
(1394, 7, 64, 483, '', '', '', 'GOLAPGANJ', 'গোলাপগঞ্জ', '51', NULL, 0, 0, 0, NULL, NULL),
(1395, 7, 64, 483, '', '', '', 'LAKSHMI PASHA', 'লক্ষ্মীপাশা', '60', NULL, 0, 0, 0, NULL, NULL),
(1396, 7, 64, 483, '', '', '', 'LAKSHANABAND', 'লক্ষনাবন্দ ', '69', 3160, 0, 0, 0, NULL, NULL),
(1397, 7, 64, 483, '', '', '', 'UTTAR BADE PASHA', 'উত্তর বাদেপাশা ', '77', 3160, 0, 0, 0, NULL, NULL),
(1398, 7, 64, 484, '', '', '', 'ALIRGAON', 'আলীরগাঁও ', '10', 3150, 0, 0, 0, NULL, NULL),
(1399, 7, 64, 484, '', '', '', 'DAUBARI', 'ডৌবাড়ী ', '16', NULL, 0, 0, 0, NULL, NULL),
(1400, 7, 64, 484, '', '', '', 'FATEHPUR', 'ফতেপুর ', '21', 3010, 0, 0, 0, NULL, NULL),
(1401, 7, 64, 484, '', '', '', 'PURBA JAFLONG', 'পূর্ব জাফলং', '31', 3150, 0, 0, 0, NULL, NULL),
(1402, 7, 64, 484, '', '', '', 'PASCHIM JAFLONG', 'পশ্চিম জাফলং', '42', 3150, 0, 0, 0, NULL, NULL),
(1403, 7, 64, 484, '', '', '', 'LENGURA', 'লেঙ্গুড়া ', '52', 3150, 0, 0, 0, NULL, NULL),
(1404, 7, 64, 484, '', '', '', 'NANDIRGAON', 'নন্দিরগাঁও ', '63', 3150, 0, 0, 0, NULL, NULL),
(1405, 7, 64, 484, '', '', '', 'RUSTAMPUR', 'রুস্তমপুর ', '73', 3150, 0, 0, 0, NULL, NULL),
(1406, 7, 64, 484, '', '', '', 'TOWAKUL', 'তোয়াকুল ', '84', 3150, 0, 0, 0, NULL, NULL),
(1407, 7, 64, 485, '', '', '', 'CHARIKATA', 'চারিকাটা ', '27', 3156, 0, 0, 0, NULL, NULL),
(1408, 7, 64, 485, '', '', '', 'CHIKNAGUL', 'চিকনাগুল ', '29', NULL, 0, 0, 0, NULL, NULL),
(1409, 7, 64, 485, '', '', '', 'DARBASTA', 'দরবস্ত', '31', 3156, 0, 0, 0, NULL, NULL),
(1410, 7, 64, 485, '', '', '', 'FATEHPUR', 'ফতেপুর ', '45', 3010, 0, 0, 0, NULL, NULL),
(1411, 7, 64, 485, '', '', '', 'JAINTAPUR', 'জৈন্তাপুর', '52', NULL, 0, 0, 0, NULL, NULL),
(1412, 7, 64, 485, '', '', '', 'NIJPAT', 'নিজপাট', '63', 3156, 0, 0, 0, NULL, NULL),
(1413, 7, 64, 486, '', '', '', 'BARA CHATUL', 'বড়চতুল ', '13', 3180, 0, 0, 0, NULL, NULL),
(1414, 7, 64, 486, '', '', '', 'DAKSHIN BANIGRAM', 'দক্ষিন বানিগ্রাম ', '19', 3180, 0, 0, 0, NULL, NULL),
(1415, 7, 64, 486, '', '', '', 'JHINGRABARI', 'ঝিঙ্গাবাড়ী ', '38', NULL, 0, 0, 0, NULL, NULL),
(1416, 7, 64, 486, '', '', '', 'KANAIGHAT', 'কানাইঘাট', '47', 3180, 0, 0, 0, NULL, NULL),
(1417, 7, 64, 486, '', '', '', 'PASCHIM LAKSHMIP RASAD', 'লক্ষীপ্রাসাদ পশ্চিম ', '66', NULL, 0, 0, 0, NULL, NULL),
(1418, 7, 64, 486, '', '', '', 'SATBAK (PASCHIM DIGHIRPAR)', 'সাতবাক ', '70', NULL, 0, 0, 0, NULL, NULL),
(1419, 7, 64, 486, '', '', '', 'PURBA LAKSHMI PRASAD', 'লক্ষীপ্রাসাদ পূর্ব ', '72', NULL, 0, 0, 0, NULL, NULL),
(1420, 7, 64, 486, '', '', '', 'PURBA DIGHIRPAR', 'দিঘিরপার পূর্ব ', '76', 3180, 0, 0, 0, NULL, NULL),
(1421, 7, 64, 486, '', '', '', 'RAJAGANJ', 'রাজাগঞ্জ ', '85', 3180, 0, 0, 0, NULL, NULL),
(1422, 7, 64, 487, '', '', '', 'HATKHOLA', 'হাটখোলা ', '32', 3100, 0, 0, 0, NULL, NULL),
(1423, 7, 64, 487, '', '', '', 'JALALABAD', 'জালালাবাদ ', '34', 9410, 0, 0, 0, NULL, NULL),
(1424, 7, 64, 487, '', '', '', 'KANDIGAON', 'কান্দিগাও ', '38', 3100, 0, 0, 0, NULL, NULL),
(1425, 7, 64, 487, '', '', '', 'KHADIMNAGAR', 'খাদিমনগর ', '40', 3100, 0, 0, 0, NULL, NULL),
(1426, 7, 64, 487, '', '', '', 'KHADIM PARA', 'খাদিমপাড়া', '42', 3100, 0, 0, 0, NULL, NULL),
(1427, 7, 64, 487, '', '', '', 'MOGALGAON', 'মোগলগাও ', '55', 3100, 0, 0, 0, NULL, NULL),
(1428, 7, 64, 487, '', '', '', 'TUKER BAZAR', 'টুকেরবাজার ', '90', 3100, 0, 0, 0, NULL, NULL),
(1429, 7, 64, 487, '', '', '', 'TULTIKAR', 'টুলটিকর ', '95', 3100, 0, 0, 0, NULL, NULL),
(1430, 7, 64, 487, '', '', '', 'SYLHET CANTONMENT', 'সিলেট সেনানিবাস', '98', NULL, 0, 0, 0, NULL, NULL),
(1431, 7, 64, 488, '', '', '', 'BARAHAL', 'বারহাল ', '15', 3190, 0, 0, 0, NULL, NULL),
(1432, 7, 64, 488, '', '', '', 'BARA THAKURI', 'বারঠাকুরী ', '19', 3190, 0, 0, 0, NULL, NULL),
(1433, 7, 64, 488, '', '', '', 'BIRASREE', 'বিরশ্রী ', '28', 3190, 0, 0, 0, NULL, NULL),
(1434, 7, 64, 488, '', '', '', 'KASHKANAKPUR', 'কসকনকপুর', '38', NULL, 0, 0, 0, NULL, NULL),
(1435, 7, 64, 488, '', '', '', 'KAJALSHAR', 'কাজলশার', '47', NULL, 0, 0, 0, NULL, NULL),
(1436, 7, 64, 488, '', '', '', 'KHOLACHHARA', 'খলাছড়া', '57', 3190, 0, 0, 0, NULL, NULL),
(1437, 7, 64, 488, '', '', '', 'MANIKPUR', 'মানিকপুর', '66', 3190, 0, 0, 0, NULL, NULL),
(1438, 7, 64, 488, '', '', '', 'SULTANPUR', 'সুলতানপুর ', '76', 3190, 0, 0, 0, NULL, NULL),
(1439, 7, 64, 488, '', '', '', 'ZAKIGANJ', 'জকিগঞ্জ', '85', 3190, 0, 0, 0, NULL, NULL),
(1440, 1, 1, 1, '', '', '', 'AMTALI', 'আমতলী ', '13', 8710, 0, 0, 0, NULL, NULL),
(1441, 1, 1, 1, '', '', '', 'ARPANGASHIA', 'আড়পাঙ্গাশিয়া', '15', 8710, 0, 0, 0, NULL, NULL),
(1442, 1, 1, 1, '', '', '', 'ATHARAGASHIA', 'আঠারগাছিয়া ', '23', NULL, 0, 0, 0, NULL, NULL),
(1443, 1, 1, 1, '', '', '', 'CHOWRA', 'চাওড়া', '47', 8710, 0, 0, 0, NULL, NULL),
(1444, 1, 1, 1, '', '', '', 'GULISAKHALI', 'গুলিশাখালী ', '63', 8710, 0, 0, 0, NULL, NULL),
(1445, 1, 1, 1, '', '', '', 'HALDIA', 'হলদিয়া', '71', 8710, 0, 0, 0, NULL, NULL),
(1446, 1, 1, 1, '', '', '', 'KUKUA', 'কুকুয়া ', '87', 8710, 0, 0, 0, NULL, NULL),
(1447, 1, 1, 1, '', '', '', ' CHOTOBOGI', ' ছোটোবোগী', '', NULL, 0, 0, 0, NULL, NULL),
(1448, 1, 1, 2, '', '', '', 'BAMNA', 'বামনা ', '23', 8730, 0, 0, 0, NULL, NULL),
(1449, 1, 1, 2, '', '', '', 'BUKABUNIA', 'বুকাবুনিয়া', '47', 8730, 0, 0, 0, NULL, NULL),
(1450, 1, 1, 2, '', '', '', 'DAUATALA', 'ডৌয়াতলা ', '71', 8730, 0, 0, 0, NULL, NULL),
(1451, 1, 1, 2, '', '', '', 'RAMNA', 'রামনা ', '95', 8730, 0, 0, 0, NULL, NULL),
(1452, 1, 1, 3, '', '', '', 'AYLA PATAKATA', 'আয়লা পাতাকাটা ', '17', NULL, 0, 0, 0, NULL, NULL),
(1453, 1, 1, 3, '', '', '', 'BADARKHALI', 'বদরখালী ', '19', 8700, 0, 0, 0, NULL, NULL),
(1454, 1, 1, 3, '', '', '', 'BARGUNA', 'বরগুনা ', '28', 8700, 0, 0, 0, NULL, NULL),
(1455, 1, 1, 3, '', '', '', 'BURIR CHAR', 'বুড়িরচর ', '38', 8700, 0, 0, 0, NULL, NULL),
(1456, 1, 1, 3, '', '', '', 'DHALUA', 'ঢলুয়া ', '47', 8700, 0, 0, 0, NULL, NULL),
(1457, 1, 1, 3, '', '', '', 'PHULJHURY', 'ফুলঝুড়ি', '57', NULL, 0, 0, 0, NULL, NULL),
(1458, 1, 1, 3, '', '', '', 'GAURICHANNA', 'গৌরিচন্না ', '66', NULL, 0, 0, 0, NULL, NULL),
(1459, 1, 1, 3, '', '', '', 'KEORABUNIA', 'কেওড়াবুনিয়া ', '76', 8700, 0, 0, 0, NULL, NULL),
(1460, 1, 1, 3, '', '', '', 'M.BALIATALI', 'এম. বালিয়াতলী ', '85', 8700, 0, 0, 0, NULL, NULL),
(1461, 1, 1, 3, '', '', '', 'NALTONA', 'নলটোনা ', '95', 8700, 0, 0, 0, NULL, NULL),
(1462, 1, 1, 4, '', '', '', 'BETAGI', 'বেতাগী ', '11', 8740, 0, 0, 0, NULL, NULL),
(1463, 1, 1, 4, '', '', '', 'BIBICHINI', 'বিবিচিন ', '23', 8740, 0, 0, 0, NULL, NULL),
(1464, 1, 1, 4, '', '', '', 'BURA MAZUMDAR', 'বুড়ামজুমদার', '35', NULL, 0, 0, 0, NULL, NULL),
(1465, 1, 1, 4, '', '', '', 'HOSNABAD', 'হোসনাবাদ ', '47', 8740, 0, 0, 0, NULL, NULL),
(1466, 1, 1, 4, '', '', '', 'KAZIRABAD', 'কাজীরাবাদ ', '59', 8740, 0, 0, 0, NULL, NULL),
(1467, 1, 1, 4, '', '', '', 'MOKAMIA', 'মোকামিয়া ', '71', 8740, 0, 0, 0, NULL, NULL),
(1468, 1, 1, 4, '', '', '', 'SARISHAMURI', 'সরিষামুড়ী ', '83', NULL, 0, 0, 0, NULL, NULL),
(1469, 1, 1, 5, '', '', '', 'CHAR DUANI', 'চরদুয়ানী ', '11', NULL, 0, 0, 0, NULL, NULL),
(1470, 1, 1, 5, '', '', '', 'KAKCHIRA', 'কাকচিঢ়া ', '23', 8720, 0, 0, 0, NULL, NULL),
(1471, 1, 1, 5, '', '', '', 'KALMEGHA', 'কালমেঘা', '35', 8720, 0, 0, 0, NULL, NULL),
(1472, 1, 1, 5, '', '', '', 'KANTHALTALI', 'কাঠালতলী ', '47', 8720, 0, 0, 0, NULL, NULL),
(1473, 1, 1, 5, '', '', '', 'NACHNA PARA', 'নাচনাপাড়া', '59', 8720, 0, 0, 0, NULL, NULL),
(1474, 1, 1, 5, '', '', '', 'PATHARGHATA', 'পাথরঘাটা ', '71', 8720, 0, 0, 0, NULL, NULL),
(1475, 1, 1, 5, '', '', '', ' RAIHANPUR', 'রায়হানপুর', '', NULL, 0, 0, 0, NULL, NULL),
(1476, 1, 1, 6, '', '', '', 'BARABAGI', 'বড়বগি ', '39', 8710, 0, 0, 0, NULL, NULL),
(1477, 1, 1, 6, '', '', '', 'CHHOTA BAGI', 'ছোটবগি ', '43', NULL, 0, 0, 0, NULL, NULL),
(1478, 1, 1, 6, '', '', '', 'KARAIBARIA', 'কড়ইবাড়ীয়া ', '79', 8710, 0, 0, 0, NULL, NULL),
(1479, 1, 1, 6, '', '', '', 'NISHANBARIA', 'নিশানবাড়ীয়া ', '91', 9320, 0, 0, 0, NULL, NULL),
(1480, 1, 1, 6, '', '', '', 'PONCHA KORALIA', 'পচাকোড়ালিয়া ', '94', NULL, 0, 0, 0, NULL, NULL),
(1481, 1, 1, 6, '', '', '', 'SARIKKHALI', 'শারিকখালি ', '95', NULL, 0, 0, 0, NULL, NULL),
(1482, 1, 1, 6, '', '', '', 'SONAKATA', 'সোনাকাটা ', '96', NULL, 0, 0, 0, NULL, NULL),
(1483, 7, 7, 7, '', '', '', 'BAGDHA', 'আগৈলঝাড়া ', '13', 8240, 0, 0, 0, NULL, NULL),
(1484, 7, 7, 7, '', '', '', 'BAKAL', 'বাকাল ', '15', 8240, 0, 0, 0, NULL, NULL),
(1485, 7, 7, 7, '', '', '', 'GAILA', 'গৈলা', '47', 8240, 0, 0, 0, NULL, NULL),
(1486, 7, 7, 7, '', '', '', 'RAJIHER', 'রাজিহার ', '79', 8240, 0, 0, 0, NULL, NULL),
(1487, 7, 7, 7, '', '', '', 'RATNAPUR', 'রত্নপুর', '87', 8240, 0, 0, 0, NULL, NULL),
(1488, 1, 2, 8, '', '', '', 'BABUGANJ', 'বাবুগঞ্জ ', '', NULL, 0, 0, 0, NULL, NULL),
(1489, 1, 2, 8, '', '', '', 'JAHANGIR NAGAR(AGARPUR)', 'জাহাঙ্গীর নগর ', '13', NULL, 0, 0, 0, NULL, NULL),
(1490, 1, 2, 8, '', '', '', 'CHANDPASHA', 'চাঁদপাশা', '27', 8210, 0, 0, 0, NULL, NULL),
(1491, 1, 2, 8, '', '', '', 'DEHERGATI', 'দেহেরগতি ', '40', 8210, 0, 0, 0, NULL, NULL),
(1492, 1, 2, 8, '', '', '', 'KEDARPUR', 'কেদারপুর ', '54', 8010, 0, 0, 0, NULL, NULL),
(1493, 1, 2, 8, '', '', '', 'MADHAB PASHA', 'মাধবপাশা', '67', NULL, 0, 0, 0, NULL, NULL),
(1494, 1, 2, 8, '', '', '', 'RAHMATPUR', 'রহমতপুর ', '81', 8210, 0, 0, 0, NULL, NULL),
(1495, 1, 2, 9, '', '', '', 'BHAR PASHA', 'ভরপাশা ', '12', NULL, 0, 0, 0, NULL, NULL),
(1496, 1, 2, 9, '', '', '', 'CHARADI', 'চরাদি', '13', 8280, 0, 0, 0, NULL, NULL),
(1497, 1, 2, 9, '', '', '', 'CHAR AMADDI', 'চরামদ্দি ', '20', NULL, 0, 0, 0, NULL, NULL),
(1498, 1, 2, 9, '', '', '', 'DARIAL', 'দাড়িয়াল ', '27', 8280, 0, 0, 0, NULL, NULL),
(1499, 1, 2, 9, '', '', '', 'DUDHAL', 'দুধল ', '33', 8280, 0, 0, 0, NULL, NULL),
(1500, 1, 2, 9, '', '', '', 'DURGA PASHA', 'দুর্গাপাশা', '40', NULL, 0, 0, 0, NULL, NULL),
(1501, 1, 2, 9, '', '', '', 'FARIDPUR', 'ফরিদপুর', '47', 2340, 0, 0, 0, NULL, NULL),
(1502, 1, 2, 9, '', '', '', 'GARURIA', 'গারুরিয়া ', '54', 8280, 0, 0, 0, NULL, NULL),
(1503, 1, 2, 9, '', '', '', 'KABAI', 'কবাই ', '61', 8280, 0, 0, 0, NULL, NULL),
(1504, 1, 2, 9, '', '', '', 'KALASKATI', 'কলসকাঠী', '67', NULL, 0, 0, 0, NULL, NULL),
(1505, 1, 2, 9, '', '', '', 'NALUA', 'নলুয়া ', '74', 8280, 0, 0, 0, NULL, NULL),
(1506, 1, 2, 9, '', '', '', 'NIAMATI', 'নিয়ামতি ', '81', 8280, 0, 0, 0, NULL, NULL),
(1507, 1, 2, 9, '', '', '', 'PADRI SHIBPUR', 'পাদ্রিশিবপুর', '88', NULL, 0, 0, 0, NULL, NULL),
(1508, 1, 2, 9, '', '', '', 'RANGASREE', 'রঙ্গশ্রী ', '94', 8280, 0, 0, 0, NULL, NULL),
(1509, 1, 2, 10, '', '', '', 'BANARIPARA', 'বানারীপাড়া ', '10', NULL, 0, 0, 0, NULL, NULL),
(1510, 1, 2, 10, '', '', '', 'BAISARI', 'বাইশারী', '21', NULL, 0, 0, 0, NULL, NULL),
(1511, 1, 2, 10, '', '', '', 'BISARKANDI', 'বিশারকান্দি', '31', NULL, 0, 0, 0, NULL, NULL),
(1512, 1, 2, 10, '', '', '', 'CHAKHAR', 'চাখার ', '42', 8200, 0, 0, 0, NULL, NULL),
(1513, 1, 2, 10, '', '', '', 'ILUHAR', 'ইলুহার ', '52', 8200, 0, 0, 0, NULL, NULL),
(1514, 1, 2, 10, '', '', '', 'SALIA BAKPUR', 'সলিয়াবাকপুর ', '63', NULL, 0, 0, 0, NULL, NULL),
(1515, 1, 2, 10, '', '', '', 'SAIDKATI', 'সৈয়দকাঠী ', '73', NULL, 0, 0, 0, NULL, NULL),
(1516, 1, 2, 10, '', '', '', 'UDAYKATI', 'উদয়কাঠী ', '84', NULL, 0, 0, 0, NULL, NULL),
(1517, 1, 2, 11, '', '', '', 'BARTHI', 'বার্থী', '23', NULL, 0, 0, 0, NULL, NULL),
(1518, 1, 2, 11, '', '', '', 'BATAJORE', 'বাটাজোর', '31', 8230, 0, 0, 0, NULL, NULL),
(1519, 1, 2, 11, '', '', '', 'CHANDSHI', 'চাঁদশী ', '38', 8230, 0, 0, 0, NULL, NULL),
(1520, 1, 2, 11, '', '', '', 'KHANJAPUR', 'খাঞ্জাপুর', '55', 8230, 0, 0, 0, NULL, NULL),
(1521, 1, 2, 11, '', '', '', 'MAHILARA', 'মাহিলারা', '63', 8230, 0, 0, 0, NULL, NULL),
(1522, 1, 2, 11, '', '', '', 'NALCHIRA', 'নলচিড়া', '71', 8230, 0, 0, 0, NULL, NULL),
(1523, 1, 2, 11, '', '', '', 'SARIKAL', 'সরিকল ', '94', 8230, 0, 0, 0, NULL, NULL),
(1524, 1, 2, 12, '', '', '', 'HIZLA', 'হিজলা ', '', 9360, 0, 0, 0, NULL, NULL),
(1525, 1, 2, 12, '', '', '', 'BARA JALIA', 'বড়জালিয়া', '13', 8260, 0, 0, 0, NULL, NULL),
(1526, 1, 2, 12, '', '', '', 'DHULKHOLA', 'ধুলখোলা ', '27', 8260, 0, 0, 0, NULL, NULL),
(1527, 1, 2, 12, '', '', '', 'GUABARIA', 'গুয়াবাড়িয়া ', '54', 8260, 0, 0, 0, NULL, NULL),
(1528, 1, 2, 12, '', '', '', 'HARINATHPUR', 'হরিনাথপুর', '67', 5730, 0, 0, 0, NULL, NULL),
(1529, 1, 2, 12, '', '', '', 'HIZLA GAURABDI', 'হিজলা গৌরাব্দি', '81', NULL, 0, 0, 0, NULL, NULL),
(1530, 1, 2, 12, '', '', '', 'MEMANIA', 'মেমানিয়া ', '94', 8260, 0, 0, 0, NULL, NULL),
(1531, 1, 2, 13, '', '', '', 'CHANDPURA', 'চাঁদপুরা ', '32', NULL, 0, 0, 0, NULL, NULL),
(1532, 1, 2, 13, '', '', '', 'CHANDRA MOHAN', 'চন্দ্রমোহন', '33', 8200, 0, 0, 0, NULL, NULL),
(1533, 1, 2, 13, '', '', '', 'CHAR BARIA', 'চরবাড়িয়া ', '34', 8200, 0, 0, 0, NULL, NULL),
(1534, 1, 2, 13, '', '', '', 'CHAR KOWA', 'চরকাউয়া', '43', 8200, 0, 0, 0, NULL, NULL),
(1535, 1, 2, 13, '', '', '', 'CHAR MONAI', 'চরমোনাই', '51', 8200, 0, 0, 0, NULL, NULL),
(1536, 1, 2, 13, '', '', '', 'JAGUA', 'জাগুয়া', '60', 8200, 0, 0, 0, NULL, NULL),
(1537, 1, 2, 13, '', '', '', 'KASHIPUR', 'কাশীপুর ', '69', 7511, 0, 0, 0, NULL, NULL),
(1538, 1, 2, 13, '', '', '', 'ROY PASHA KARAPUR', 'রায়পাশা কড়াপুর', '77', NULL, 0, 0, 0, NULL, NULL),
(1539, 1, 2, 13, '', '', '', 'SHAYESTABAD', 'সায়েস্তাবাদ', '86', 8200, 0, 0, 0, NULL, NULL),
(1540, 1, 2, 13, '', '', '', 'TUNGIBARIA', 'টুঙ্গীবাড়িয়া ', '94', NULL, 0, 0, 0, NULL, NULL),
(1541, 1, 2, 14, '', '', '', 'ALIMABAD', 'আলিমাবাদ ', '13', 8270, 0, 0, 0, NULL, NULL),
(1542, 1, 2, 14, '', '', '', 'ANDHAR MANIK', 'আন্দারমানিক ', '15', 8270, 0, 0, 0, NULL, NULL),
(1543, 1, 2, 14, '', '', '', 'BHASAN CHAR', 'ভাষানচর', '23', 8270, 0, 0, 0, NULL, NULL),
(1544, 1, 2, 14, '', '', '', 'BIDYANANDAPUR', 'বিদ্যানন্দনপুর', '31', 8270, 0, 0, 0, NULL, NULL),
(1545, 1, 2, 14, '', '', '', 'CHANDPUR', 'চানপুর ', '39', 7010, 0, 0, 0, NULL, NULL),
(1546, 1, 2, 14, '', '', '', 'GOBINDAPUR', 'গোবিন্দপুর', '40', 3570, 0, 0, 0, NULL, NULL),
(1547, 1, 2, 14, '', '', '', 'CHAR EKKARIA', 'চরএককরিয়া ', '47', 8270, 0, 0, 0, NULL, NULL),
(1548, 1, 2, 14, '', '', '', 'CHAR GOPALPUR', 'চরগোপালপুর', '55', 8270, 0, 0, 0, NULL, NULL),
(1549, 1, 2, 14, '', '', '', 'DARI CHAR KHAJURIA', 'দড়িরচর খাজুরিয়া ', '63', NULL, 0, 0, 0, NULL, NULL),
(1550, 1, 2, 14, '', '', '', 'JANGALIA', 'জাঙ্গালিয়া ', '71', 2326, 0, 0, 0, NULL, NULL),
(1551, 1, 2, 14, '', '', '', 'LATA', 'লতা ', '79', 9280, 0, 0, 0, NULL, NULL),
(1552, 1, 2, 14, '', '', '', 'MEHENDIGANJ', 'মেহেন্দিগঞ্জ', '87', 8270, 0, 0, 0, NULL, NULL),
(1553, 1, 2, 14, '', '', '', 'ULANIA', 'উলানিয়া ', '94', 8270, 0, 0, 0, NULL, NULL),
(1554, 1, 2, 15, '', '', '', 'BATAMARA', 'বাটামারা ', '11', 8250, 0, 0, 0, NULL, NULL),
(1555, 1, 2, 15, '', '', '', 'CHAR KALEKHAN', 'চরকালেখা', '23', 8250, 0, 0, 0, NULL, NULL),
(1556, 1, 2, 15, '', '', '', 'GACHHUA', 'গাছুয়া', '35', 8250, 0, 0, 0, NULL, NULL),
(1557, 1, 2, 15, '', '', '', 'KAZIR CHAR', 'কাজিরচর ', '47', 8250, 0, 0, 0, NULL, NULL),
(1558, 1, 2, 15, '', '', '', 'MULADI', 'মুলাদী  ', '59', 8250, 0, 0, 0, NULL, NULL),
(1559, 1, 2, 15, '', '', '', 'NAZIRPUR', 'নাজিরপুর', '71', 8540, 0, 0, 0, NULL, NULL),
(1560, 1, 2, 15, '', '', '', 'SAFIPUR', 'সফিপুর ', '83', 8250, 0, 0, 0, NULL, NULL),
(1561, 1, 2, 16, '', '', '', 'GUTHIA', 'গুঠিয়া ', '31', NULL, 0, 0, 0, NULL, NULL),
(1562, 1, 2, 16, '', '', '', 'HARTA', 'হারতা ', '42', 8220, 0, 0, 0, NULL, NULL),
(1563, 1, 2, 16, '', '', '', 'JALLA', 'জল্লা ', '52', NULL, 0, 0, 0, NULL, NULL),
(1564, 1, 2, 16, '', '', '', 'OTRA', 'ওটরা ', '63', 8220, 0, 0, 0, NULL, NULL),
(1565, 1, 2, 16, '', '', '', 'SATLA', 'সাতলা ', '73', 8220, 0, 0, 0, NULL, NULL),
(1566, 1, 2, 16, '', '', '', 'SHIKARPUR', 'শিকারপুর ', '84', 6500, 0, 0, 0, NULL, NULL),
(1567, 1, 2, 16, '', '', '', 'SHOLAK', 'শোলক ', '94', 8220, 0, 0, 0, NULL, NULL),
(1568, 1, 2, 16, '', '', '', ' BORAKOTTA', 'বরাকোঠা', '', NULL, 0, 0, 0, NULL, NULL),
(1569, 1, 2, 16, '', '', '', 'BAMRAIL', 'বামরাইল', '', 8220, 0, 0, 0, NULL, NULL),
(1570, 1, 3, 17, '', '', '', 'ILLISHA', 'ইলিশা ', '51', 8300, 0, 0, 0, NULL, NULL),
(1571, 1, 3, 17, '', '', '', 'PASCHIM ILISHA', 'পশ্চিম ইলিশা ', '55', NULL, 0, 0, 0, NULL, NULL),
(1572, 1, 3, 17, '', '', '', 'KACHIA', 'কাচিয়া ', '58', 8300, 0, 0, 0, NULL, NULL),
(1573, 1, 3, 17, '', '', '', 'UTTAR DIGHALDI', 'উত্তর দিঘলদী', '65', 8300, 0, 0, 0, NULL, NULL),
(1574, 1, 3, 17, '', '', '', 'RAJAPUR', 'রাজাপুর', '73', 7630, 0, 0, 0, NULL, NULL),
(1575, 1, 3, 17, '', '', '', 'DAKSHIN DIGHALDI', 'দক্ষিণ দিঘলদী ', '80', 8300, 0, 0, 0, NULL, NULL),
(1576, 1, 3, 17, '', '', '', 'VEDURIA', 'ভেদুরিয়া', '87', NULL, 0, 0, 0, NULL, NULL),
(1577, 1, 3, 17, '', '', '', 'BHELU MIAH', 'ভেলুমিয়া ', '94', NULL, 0, 0, 0, NULL, NULL),
(1578, 1, 3, 17, '', '', '', 'BAPTA', 'বাপ্তা', '', 8300, 0, 0, 0, NULL, NULL),
(1579, 1, 3, 17, '', '', '', 'DHONIA', 'ধনিয়া', '', NULL, 0, 0, 0, NULL, NULL),
(1580, 1, 3, 17, '', '', '', 'SIBPUR', 'শিবপুর', '', NULL, 0, 0, 0, NULL, NULL),
(1581, 1, 3, 17, '', '', '', 'ALINAGAR', 'আলীনগর', '', 8300, 0, 0, 0, NULL, NULL),
(1582, 1, 3, 17, '', '', '', 'CHORSAMAIA', 'চরসামাইয়া', '', NULL, 0, 0, 0, NULL, NULL),
(1583, 1, 3, 18, '', '', '', 'BARA MANIKA', 'বড় মানিকা ', '16', 8320, 0, 0, 0, NULL, NULL),
(1584, 1, 3, 18, '', '', '', 'DEULA', 'দেউলা ', '19', 8320, 0, 0, 0, NULL, NULL),
(1585, 1, 3, 18, '', '', '', 'KACHIA', 'কাচিয়া', '47', 8300, 0, 0, 0, NULL, NULL),
(1586, 1, 3, 18, '', '', '', 'KUTBA', 'কুতুবা ', '57', NULL, 0, 0, 0, NULL, NULL),
(1587, 1, 3, 18, '', '', '', 'PAKSHIA', 'পক্ষিয়া ', '66', 8320, 0, 0, 0, NULL, NULL),
(1588, 1, 3, 19, '', '', '', 'BHABANIPUR', 'ভবানী পুর ', '16', 8310, 0, 0, 0, NULL, NULL),
(1589, 1, 3, 19, '', '', '', 'CHAR KHALIFA', 'চরখলিফা ', '19', 8310, 0, 0, 0, NULL, NULL),
(1590, 1, 3, 19, '', '', '', 'CHAR PATA', 'চরপাতা ', '28', 8310, 0, 0, 0, NULL, NULL),
(1591, 1, 3, 19, '', '', '', 'HAJIPUR', 'হাজিপুর ', '38', 5110, 0, 0, 0, NULL, NULL),
(1592, 1, 3, 19, '', '', '', 'MADANPUR', 'মদনপুর', '47', 2400, 0, 0, 0, NULL, NULL),
(1593, 1, 3, 19, '', '', '', 'MEDUA', 'মেদুয়া ', '57', 8310, 0, 0, 0, NULL, NULL),
(1594, 1, 3, 19, '', '', '', 'UTTAR JOYNAGAR', 'উত্তর জয়নগর ', '76', 8310, 0, 0, 0, NULL, NULL),
(1595, 1, 3, 19, '', '', '', 'DAKSHIN JOYNAGAR', 'দক্ষিন জয়নগর ', '85', 8310, 0, 0, 0, NULL, NULL),
(1596, 1, 3, 19, '', '', '', 'GANGAPUR', 'গংগাপুর ', '28', 8320, 0, 0, 0, NULL, NULL),
(1597, 1, 3, 19, '', '', '', 'SACHRA', 'সাচড়া', '76', 8320, 0, 0, 0, NULL, NULL),
(1598, 1, 3, 19, '', '', '', 'TABGI', 'টবগী', '95', NULL, 0, 0, 0, NULL, NULL),
(1599, 1, 3, 19, '', '', '', 'HASSAN NAGAR', 'হাসাননগর', '38', 8320, 0, 0, 0, NULL, NULL),
(1600, 1, 3, 19, '', '', '', 'SAIDPUR', 'সৈয়দপুর ', '95', NULL, 0, 0, 0, NULL, NULL),
(1601, 1, 3, 20, '', '', '', 'BADARPUR', 'বদরপুর', '16', 8330, 0, 0, 0, NULL, NULL),
(1602, 1, 3, 20, '', '', '', 'CHAR BHUTA', 'চরভূতা', '19', 8330, 0, 0, 0, NULL, NULL),
(1603, 1, 3, 20, '', '', '', 'DHALI GAURNAGAR', 'ধলী গেৌরনগর', '28', 8330, 0, 0, 0, NULL, NULL),
(1604, 1, 3, 20, '', '', '', 'FARAZGANJ', 'ফরাজগঞ্জ', '38', 8330, 0, 0, 0, NULL, NULL),
(1605, 1, 3, 20, '', '', '', 'KALMA', 'কালমা', '47', 8330, 0, 0, 0, NULL, NULL),
(1606, 1, 3, 20, '', '', '', 'LALMOHAN', 'লালমোহন ', '57', 8330, 0, 0, 0, NULL, NULL),
(1607, 1, 3, 20, '', '', '', 'LORD HARDINJE', 'লর্ড হার্ডিঞ্জ', '66', NULL, 0, 0, 0, NULL, NULL),
(1608, 1, 3, 20, '', '', '', 'PASCHIM CHAR UMED', 'পশ্চিম চর উমেদ', '70', 8330, 0, 0, 0, NULL, NULL),
(1609, 1, 3, 20, '', '', '', 'RAMAGANJ', 'রমাগঞ্', '76', 8330, 0, 0, 0, NULL, NULL),
(1610, 1, 3, 21, '', '', '', 'DAKSHIN SAKUCHIA', 'দক্ষিন সাকুচিয়া', '21', NULL, 0, 0, 0, NULL, NULL),
(1611, 1, 3, 21, '', '', '', 'HAJIRHAT', 'হাজিরহাট', '23', 8360, 0, 0, 0, NULL, NULL),
(1612, 1, 3, 21, '', '', '', 'MANPURA', 'মনপুরা ', '47', 8360, 0, 0, 0, NULL, NULL),
(1613, 1, 3, 21, '', '', '', 'UTTAR SAKUCHIA', 'উত্তর সাকুচিয়া', '71', NULL, 0, 0, 0, NULL, NULL),
(1614, 1, 3, 22, '', '', '', 'BARA MALANCHA', 'বড় মলংচড়া', '19', NULL, 0, 0, 0, NULL, NULL),
(1615, 1, 3, 22, '', '', '', 'CHANCHRA', 'চাঁদপুর', '38', 7400, 0, 0, 0, NULL, NULL),
(1616, 1, 3, 22, '', '', '', 'CHANDPUR', 'চাঁচড়া', '57', 7010, 0, 0, 0, NULL, NULL),
(1617, 1, 3, 22, '', '', '', 'SONAPUR', 'সোনাপুর', '76', 8350, 0, 0, 0, NULL, NULL),
(1618, 1, 3, 22, '', '', '', 'SHAMBHUPUR', 'শম্ভুপুর', '85', 8350, 0, 0, 0, NULL, NULL),
(1619, 1, 4, 23, '', '', '', 'BASANDA', 'বাসন্ডা', '17', 8400, 0, 0, 0, NULL, NULL),
(1620, 1, 4, 23, '', '', '', 'BINOYKATI', 'বিনয়কাঠী', '19', NULL, 0, 0, 0, NULL, NULL),
(1621, 1, 4, 23, '', '', '', 'GABKHAN DHANSIRI', 'গাবখান ধানসিঁড়ি', '28', 8400, 0, 0, 0, NULL, NULL),
(1622, 1, 4, 23, '', '', '', 'GABHA RAMCHANDRAPUR', 'গাভারামচন্দ্রপুর', '38', 8400, 0, 0, 0, NULL, NULL),
(1623, 1, 4, 23, '', '', '', 'KEORA', 'কেওড়া', '57', 8400, 0, 0, 0, NULL, NULL),
(1624, 1, 4, 23, '', '', '', 'NATHULLABAD', 'নথুল্লাবাদ', '63', 8400, 0, 0, 0, NULL, NULL),
(1625, 1, 4, 23, '', '', '', 'KIRTIPASHA', 'কীর্তিপাশা', '66', 8400, 0, 0, 0, NULL, NULL),
(1626, 1, 4, 23, '', '', '', 'NABAGRAM', 'নবগ্রাম', '76', 8400, 0, 0, 0, NULL, NULL),
(1627, 1, 4, 23, '', '', '', 'PONABALIA', 'পোনাবালিয়া', '85', 8400, 0, 0, 0, NULL, NULL),
(1628, 1, 4, 23, '', '', '', 'SEKHERHAT', 'শেখেরহাট', '95', 8400, 0, 0, 0, NULL, NULL),
(1629, 1, 4, 24, '', '', '', 'BHARABPASHA', 'ভৈরপশাশা', '13', NULL, 0, 0, 0, NULL, NULL),
(1630, 1, 4, 24, '', '', '', 'DAPDAPIA', 'দপদপিয়া', '15', 8420, 0, 0, 0, NULL, NULL),
(1631, 1, 4, 24, '', '', '', 'KULKATI', 'কুলকাঠি', '21', NULL, 0, 0, 0, NULL, NULL),
(1632, 1, 4, 24, '', '', '', 'KUSANGHAL', 'কুসঙ্গল', '31', 8420, 0, 0, 0, NULL, NULL),
(1633, 1, 4, 24, '', '', '', 'MOLLAHAT', 'মোল্লারহাট', '36', NULL, 0, 0, 0, NULL, NULL),
(1634, 1, 4, 24, '', '', '', 'MAGAR', 'মগড়', '42', 8420, 0, 0, 0, NULL, NULL),
(1635, 1, 4, 24, '', '', '', 'NACHAN MOHAL', 'নাচনমহল', '52', 8420, 0, 0, 0, NULL, NULL),
(1636, 1, 4, 24, '', '', '', 'RANAPASHA', 'রানাপাশা', '73', 8420, 0, 0, 0, NULL, NULL),
(1637, 1, 4, 24, '', '', '', 'SIDDHAKATI', 'সিদ্ধকাঠী', '84', NULL, 0, 0, 0, NULL, NULL),
(1638, 1, 4, 24, '', '', '', 'SUBIDPUR', 'সুবিদপুর', '94', 8420, 0, 0, 0, NULL, NULL),
(1639, 1, 4, 25, '', '', '', 'AMUA', 'আমুয়া', '15', 8430, 0, 0, 0, NULL, NULL),
(1640, 0, 0, 25, '', '', '', 'AWRABUNIA', 'আওরাবুনিয়া', '31', 8430, 0, 0, 0, NULL, NULL),
(1641, 1, 4, 25, '', '', '', 'CHENCHRI RAMPUR', 'চেঁচরীরামপুর', '47', 8430, 0, 0, 0, NULL, NULL),
(1642, 1, 4, 25, '', '', '', 'KANTHALIA', 'কাঠালিয়া ', '63', 8430, 0, 0, 0, NULL, NULL),
(1643, 1, 4, 25, '', '', '', 'PATKHALGHATA', 'পাটিখালঘাটা', '79', NULL, 0, 0, 0, NULL, NULL),
(1644, 1, 4, 25, '', '', '', 'SAULAJALIA', 'শৌলজালিয়া', '94', NULL, 0, 0, 0, NULL, NULL),
(1645, 1, 5, 26, '', '', '', 'ADABARIA', 'আদাবাড়ীয়া', '10', 7050, 0, 0, 0, NULL, NULL),
(1646, 1, 5, 26, '', '', '', 'BAGA', 'বগা', '11', NULL, 0, 0, 0, NULL, NULL),
(1647, 1, 5, 26, '', '', '', 'BAUPHAL', 'বাউফল', '29', 8620, 0, 0, 0, NULL, NULL),
(1648, 1, 5, 26, '', '', '', 'NAUMALA', 'নওমালা', '', NULL, 0, 0, 0, NULL, NULL),
(1649, 1, 5, 26, '', '', '', 'CHANDRADIP', 'চন্দ্রদ্বীপ', '32', NULL, 0, 0, 0, NULL, NULL),
(1650, 1, 5, 26, '', '', '', 'DASPARA', 'দাসপাড়া', '35', 8620, 0, 0, 0, NULL, NULL),
(1651, 1, 5, 26, '', '', '', 'DHULIA', 'ধূলিয়া', '41', 8620, 0, 0, 0, NULL, NULL),
(1652, 1, 5, 26, '', '', '', 'KANCHI PARA', 'কাছিপাড়া', '47', 8620, 0, 0, 0, NULL, NULL),
(1653, 1, 5, 26, '', '', '', 'KALAIYA', 'কালাইয়া', '53', 8620, 0, 0, 0, NULL, NULL),
(1654, 1, 5, 26, '', '', '', 'KALISURI', 'কালিশুরী', '59', 8620, 0, 0, 0, NULL, NULL),
(1655, 1, 5, 26, '', '', '', 'KANAKDIA', 'কনকদিয়া', '65', 8620, 0, 0, 0, NULL, NULL),
(1656, 1, 5, 26, '', '', '', 'KESHABPUR', 'কেশবপুর', '71', 7450, 0, 0, 0, NULL, NULL),
(1657, 1, 5, 26, '', '', '', 'NAJIRPUR', 'নাজিরপুর', '', NULL, 0, 0, 0, NULL, NULL),
(1658, 1, 5, 26, '', '', '', 'MODONPUR', 'মদনপুরা', '', NULL, 0, 0, 0, NULL, NULL),
(1659, 1, 5, 26, '', '', '', 'SURJOMONI', 'সূর্য্যমনি', '', NULL, 0, 0, 0, NULL, NULL),
(1660, 1, 5, 27, '', '', '', 'ALIPUR', 'আলীপুরা', '10', 9400, 0, 0, 0, NULL, NULL),
(1661, 1, 5, 27, '', '', '', 'BAHRAMPUR', 'বহরমপুর', '21', 8630, 0, 0, 0, NULL, NULL),
(1662, 1, 5, 27, '', '', '', 'BANSHBARIA', 'বাঁশবাড়ীয়া', '31', 7340, 0, 0, 0, NULL, NULL),
(1663, 1, 5, 27, '', '', '', 'BETAGI SANKIPURA', 'বেতাগী-সানকিপুর', '42', NULL, 0, 0, 0, NULL, NULL),
(1664, 1, 5, 27, '', '', '', 'DASHMINA', 'দশমিনা ', '52', 8630, 0, 0, 0, NULL, NULL),
(1665, 1, 5, 27, '', '', '', 'RANGOPALDI', 'রণগোপালদী', '84', 8630, 0, 0, 0, NULL, NULL),
(1666, 1, 5, 28, '', '', '', 'ANGARIA', 'আংগারিয়া', '19', 8602, 0, 0, 0, NULL, NULL),
(1667, 1, 5, 28, '', '', '', 'LEBUKHALI', 'লেবুখালী', '47', 8602, 0, 0, 0, NULL, NULL),
(1668, 1, 5, 28, '', '', '', 'MURADIA', 'মুরাদিয়া', '81', 8602, 0, 0, 0, NULL, NULL),
(1669, 1, 5, 28, '', '', '', 'PANGASHIA', 'পাংগাশিয়া', '88', 8602, 0, 0, 0, NULL, NULL),
(1670, 1, 5, 28, '', '', '', 'SREERAMPUR', 'শ্রীরামপুর', '93', 3410, 0, 0, 0, NULL, NULL),
(1671, 1, 5, 29, '', '', '', 'CHAKAMAIYA', 'চাকামইয়া', '11', 8600, 0, 0, 0, NULL, NULL),
(1672, 1, 5, 29, '', '', '', 'CHAMPAPUR', 'চম্পাপুর', '13', NULL, 0, 0, 0, NULL, NULL),
(1673, 1, 5, 29, '', '', '', 'DALBUGANJ', 'ডালবুগঞ্জ', '15', NULL, 0, 0, 0, NULL, NULL),
(1674, 1, 5, 29, '', '', '', 'MOHIPUR', 'মহিপুর', '23', NULL, 0, 0, 0, NULL, NULL),
(1675, 1, 5, 29, '', '', '', 'DHULASAR', 'ধুলাসার', '29', NULL, 0, 0, 0, NULL, NULL),
(1676, 1, 5, 29, '', '', '', 'LALUA', 'লালুয়া', '35', 8600, 0, 0, 0, NULL, NULL),
(1677, 1, 5, 29, '', '', '', 'LATA CHAPLI', 'লতাচাপলী', '47', 8600, 0, 0, 0, NULL, NULL),
(1678, 1, 5, 29, '', '', '', 'DHANKHALI', 'ধানখালী', '55', 8600, 0, 0, 0, NULL, NULL),
(1679, 1, 5, 29, '', '', '', 'MITHAGANJ', 'মিঠাগঞ্জ', '59', 8600, 0, 0, 0, NULL, NULL),
(1680, 1, 5, 29, '', '', '', 'NILGANJ', 'নীলগঞ্জ', '71', 8600, 0, 0, 0, NULL, NULL),
(1681, 1, 5, 29, '', '', '', 'TIAKHALI', 'টিয়াখালী', '83', 8600, 0, 0, 0, NULL, NULL),
(1682, 1, 5, 29, '', '', '', ' BALIATOLI', 'বালিয়াতলী', '', NULL, 0, 0, 0, NULL, NULL),
(1683, 1, 5, 30, '', '', '', 'AMRAGACHHIA', 'আমড়াগাছিয়া', '13', 8560, 0, 0, 0, NULL, NULL),
(1684, 1, 5, 30, '', '', '', 'DEULI SUBIDKHALI', 'দেউলী সুবিদখালী', '27', 8600, 0, 0, 0, NULL, NULL),
(1685, 1, 5, 30, '', '', '', 'KAKRABUNIA', 'কাকড়াবুনিয়া', '40', 8600, 0, 0, 0, NULL, NULL),
(1686, 1, 5, 30, '', '', '', 'MADHABKHALI', 'মাধবখালী', '54', 8600, 0, 0, 0, NULL, NULL),
(1687, 1, 5, 30, '', '', '', 'MAJIDBARI', 'মসজিদবাড়ীয়া', '67', NULL, 0, 0, 0, NULL, NULL),
(1688, 1, 5, 30, '', '', '', 'MIRZAGANJ', 'মির্জাগঞ্জ', '81', 8600, 0, 0, 0, NULL, NULL),
(1689, 1, 5, 31, '', '', '', 'AULIAPUR', 'আউলিয়াপুর', '10', 5100, 0, 0, 0, NULL, NULL),
(1690, 1, 5, 31, '', '', '', 'BADARPUR', 'বদরপুর', '11', 8330, 0, 0, 0, NULL, NULL),
(1691, 1, 5, 31, '', '', '', 'CHHOTA BIGHAI', 'ছোট বিঘাই', '13', 8600, 0, 0, 0, NULL, NULL),
(1692, 1, 5, 31, '', '', '', 'ITABARIA', 'ইটবাড়ীয়া', '20', 8600, 0, 0, 0, NULL, NULL),
(1693, 1, 5, 31, '', '', '', 'JAINKATI', 'জৈনকাঠী', '27', NULL, 0, 0, 0, NULL, NULL),
(1694, 1, 5, 31, '', '', '', 'BARA BIGHAI', 'বড় বিঘাই', '31', 8600, 0, 0, 0, NULL, NULL),
(1695, 1, 5, 31, '', '', '', 'KALIKAPUR', 'কালিকাপুর', '33', 8600, 0, 0, 0, NULL, NULL),
(1696, 1, 5, 31, '', '', '', 'KAMALAPUR', 'কমলাপুর', '40', 8600, 0, 0, 0, NULL, NULL),
(1697, 1, 5, 31, '', '', '', 'LOHALIA', 'লোহালিয়া', '54', 8600, 0, 0, 0, NULL, NULL),
(1698, 1, 5, 31, '', '', '', 'LAUKATI', 'লাউকাঠী', '61', NULL, 0, 0, 0, NULL, NULL),
(1699, 1, 5, 31, '', '', '', 'MADARBUNIA', 'মাদারবুনিয়া', '67', 8600, 0, 0, 0, NULL, NULL),
(1700, 1, 5, 31, '', '', '', 'MARICHBUNIA', 'মরিচবুনিয়া', '74', 8600, 0, 0, 0, NULL, NULL),
(1701, 1, 5, 32, '', '', '', 'BARA BAISDIA', 'বড়বাইশদিয়া', '27', 8640, 0, 0, 0, NULL, NULL),
(1702, 1, 5, 32, '', '', '', 'CHALITABUNIA', 'চালিতাবুনিয়া', '32', 8640, 0, 0, 0, NULL, NULL),
(1703, 1, 5, 32, '', '', '', 'CHAR MONTAZ', 'চরমোন্তাজ', '34', NULL, 0, 0, 0, NULL, NULL),
(1704, 1, 5, 32, '', '', '', 'CHHOTA BAISDIA', 'ছোটবাইশদিয়া', '44', 8640, 0, 0, 0, NULL, NULL),
(1705, 1, 5, 32, '', '', '', 'RANGABALI', 'রাঙ্গাবালী ', '83', 8640, 0, 0, 0, NULL, NULL),
(1706, 1, 6, 33, '', '', '', 'BHANDARIA', 'ভান্ডারিয়া ', '11', 8550, 0, 0, 0, NULL, NULL),
(1707, 1, 6, 33, '', '', '', 'BHITABARIA', 'ভিটাবাড়িয়া ', '23', 8550, 0, 0, 0, NULL, NULL),
(1708, 1, 6, 33, '', '', '', 'DHAOA', 'ধাওয়া ', '35', 8550, 0, 0, 0, NULL, NULL);
INSERT INTO `geo_unions` (`id`, `geo_division_id`, `geo_district_id`, `geo_upazila_id`, `division_bbs_code`, `district_bbs_code`, `upazila_bbs_code`, `union_name_eng`, `union_name_bng`, `bbs_code`, `postcode`, `status`, `created_by`, `modified_by`, `created_at`, `updated_at`) VALUES
(1709, 1, 6, 33, '', '', '', 'GAURIPUR', 'গৌরীপুর ', '47', 8550, 0, 0, 0, NULL, NULL),
(1710, 1, 6, 33, '', '', '', 'IKRI', 'ইকড়ী ', '59', NULL, 0, 0, 0, NULL, NULL),
(1711, 1, 6, 33, '', '', '', 'NUDMULLA', 'নদমূলা', '71', NULL, 0, 0, 0, NULL, NULL),
(1712, 1, 6, 33, '', '', '', 'TELIKHALI', 'তেলিখালী ', '83', 8550, 0, 0, 0, NULL, NULL),
(1713, 1, 6, 34, '', '', '', 'AMRAJURI', 'আমরািজুড়ী', '15', NULL, 0, 0, 0, NULL, NULL),
(1714, 1, 6, 34, '', '', '', 'CHIRA PARA PARSATURIA', 'চিরাপাড়া', '31', 8510, 0, 0, 0, NULL, NULL),
(1715, 1, 6, 34, '', '', '', 'KAWKHALI', 'কাউখালী ', '47', 8510, 0, 0, 0, NULL, NULL),
(1716, 1, 6, 34, '', '', '', 'SAYNA RAGHUNATHPUR', 'সয়না রঘুনাথপুর', '63', 8510, 0, 0, 0, NULL, NULL),
(1717, 1, 6, 34, '', '', '', 'SHIALKATI', 'শিয়ালকাঠী', '79', NULL, 0, 0, 0, NULL, NULL),
(1718, 1, 6, 35, '', '', '', 'TUSKHALI', 'তুষখালী', '94', NULL, 0, 0, 0, NULL, NULL),
(1719, 1, 6, 35, '', '', '', 'DHANISAFA', 'ধানীসাফা', '43', NULL, 0, 0, 0, NULL, NULL),
(1720, 1, 6, 35, '', '', '', 'MIRKHALI', 'মিরুখালী', '69', NULL, 0, 0, 0, NULL, NULL),
(1721, 1, 6, 35, '', '', '', 'TIKIKATA', 'টিকিকাটা', '86', 8560, 0, 0, 0, NULL, NULL),
(1722, 1, 6, 35, '', '', '', 'BETMOR RAJPARA', 'বেতমোর রাজপাড়া', '25', NULL, 0, 0, 0, NULL, NULL),
(1723, 1, 6, 35, '', '', '', 'AMRAGACHIA', 'আমড়াগাছিয়া', '15', NULL, 0, 0, 0, NULL, NULL),
(1724, 1, 6, 35, '', '', '', 'SAPLEJA', 'শাপলেজা', '77', NULL, 0, 0, 0, NULL, NULL),
(1725, 1, 6, 35, '', '', '', 'DAUDKHALI', 'দাউদখালী', '34', 8560, 0, 0, 0, NULL, NULL),
(1726, 1, 6, 35, '', '', '', 'MOTBARIA', 'মঠবাড়িয়া', '60', NULL, 0, 0, 0, NULL, NULL),
(1727, 1, 6, 35, '', '', '', 'BOROMASUA', 'বড়মাছুয়া', '17', NULL, 0, 0, 0, NULL, NULL),
(1728, 1, 6, 35, '', '', '', 'HOLTA GULISHAKHALI', 'হলতাগুলিশাখালী', '51', NULL, 0, 0, 0, NULL, NULL),
(1729, 1, 6, 36, '', '', '', 'MATIVANGA', 'মাটিভাংগা', '42', NULL, 0, 0, 0, NULL, NULL),
(1730, 1, 6, 36, '', '', '', 'MALIKHALI', 'মালিখালী', '31', 8540, 0, 0, 0, NULL, NULL),
(1731, 1, 6, 36, '', '', '', 'DEULBARI DOBRA', 'দেউলবাড়ী দোবড়া', '21', NULL, 0, 0, 0, NULL, NULL),
(1732, 1, 6, 36, '', '', '', 'DIRGHA', 'দীর্ঘা', '10', 8540, 0, 0, 0, NULL, NULL),
(1733, 1, 6, 36, '', '', '', 'KOLAR DOANIA', 'কলারদোয়ানিয়া', '25', NULL, 0, 0, 0, NULL, NULL),
(1734, 1, 6, 36, '', '', '', 'SRIRAMKATTI', 'শ্রীরামকাঠী', '84', NULL, 0, 0, 0, NULL, NULL),
(1735, 1, 6, 36, '', '', '', 'SEKHMATIA', 'সেখমাটিয়া', '63', 8540, 0, 0, 0, NULL, NULL),
(1736, 1, 6, 36, '', '', '', 'NAJIRPUR SADAR', 'নাজিরপুর সদর', '52', NULL, 0, 0, 0, NULL, NULL),
(1737, 1, 6, 36, '', '', '', 'SHAKHARIKATHI', 'শাখারীকাঠী', '73', NULL, 0, 0, 0, NULL, NULL),
(1738, 1, 6, 37, '', '', '', 'SIKHDAR MALLIK', 'শিকদার মল্লিক', '86', NULL, 0, 0, 0, NULL, NULL),
(1739, 1, 6, 37, '', '', '', 'KODORTOLA', 'কদমতলা', '25', NULL, 0, 0, 0, NULL, NULL),
(1740, 1, 6, 37, '', '', '', 'SANGKARPASHA', 'শংকরপাশা', '69', NULL, 0, 0, 0, NULL, NULL),
(1741, 1, 6, 37, '', '', '', 'SORIKTOLA', 'শরিকতলা', '77', NULL, 0, 0, 0, NULL, NULL),
(1742, 1, 6, 37, '', '', '', 'TONA', 'টোনা', '94', NULL, 0, 0, 0, NULL, NULL),
(1743, 1, 6, 37, '', '', '', 'KOLAKHALI', 'কলাখালী', '34', NULL, 0, 0, 0, NULL, NULL),
(1744, 1, 6, 37, '', '', '', 'DURGAPUR', 'দূর্গাপুর', '17', 5460, 0, 0, 0, NULL, NULL),
(1745, 1, 6, 38, '', '', '', 'ATGHAR KURIANA UNION', 'আটঘর কুড়িয়ানা ইউনিয়ন', '17', NULL, 0, 0, 0, NULL, NULL),
(1746, 1, 6, 38, '', '', '', 'BALDIA', 'বলদিয়া', '19', 8520, 0, 0, 0, NULL, NULL),
(1747, 1, 6, 38, '', '', '', 'DAIHARI', 'দৈহারী', '28', 8520, 0, 0, 0, NULL, NULL),
(1748, 1, 6, 38, '', '', '', 'GUAREKHA UNION', 'গুয়ারেখা ইউনিয়ন', '38', NULL, 0, 0, 0, NULL, NULL),
(1749, 1, 6, 38, '', '', '', 'JALABARI', 'জলাবাড়ী', '47', 8520, 0, 0, 0, NULL, NULL),
(1750, 1, 6, 38, '', '', '', 'SAMUDAYKATI', 'সমুদয়কাঠী', '57', 8520, 0, 0, 0, NULL, NULL),
(1751, 1, 6, 38, '', '', '', 'SARENGKATI', 'সারেংকাঠী', '66', 8520, 0, 0, 0, NULL, NULL),
(1752, 1, 6, 38, '', '', '', 'SOHAGDAL', 'সোহাগদল', '76', 8520, 0, 0, 0, NULL, NULL),
(1753, 1, 6, 38, '', '', '', 'SUTIAKATI', 'সুটিয়াকাঠী', '85', NULL, 0, 0, 0, NULL, NULL),
(1754, 1, 6, 38, '', '', '', 'NESARABAD (SWARUPKATI)', 'নেছারাবা ( স্বরুপকাঠী)', '95', NULL, 0, 0, 0, NULL, NULL),
(1755, 1, 6, 39, '', '', '', 'BALI PARA', 'বালিপাড়া', '15', 8500, 0, 0, 0, NULL, NULL),
(1756, 1, 6, 39, '', '', '', 'PARERHAT', 'পাড়েরহাট', '43', 8500, 0, 0, 0, NULL, NULL),
(1757, 1, 6, 39, '', '', '', 'PATTASHI', 'পত্তাশী', '51', 8500, 0, 0, 0, NULL, NULL),
(1758, 4, 35, 270, '', '', '', 'BARAI PARA', 'বারুইপাড়া ', '17', NULL, 0, 0, 0, NULL, NULL),
(1759, 4, 35, 270, '', '', '', 'BEMARTA', 'বেমরতা ', '25', 9300, 0, 0, 0, NULL, NULL),
(1760, 4, 35, 270, '', '', '', 'BISHNUPUR', 'বিষ্ণুপুর', '34', 9440, 0, 0, 0, NULL, NULL),
(1761, 4, 35, 270, '', '', '', 'DEMA', 'ডেমা ', '35', 9300, 0, 0, 0, NULL, NULL),
(1762, 4, 35, 270, '', '', '', 'GOTA PARA', 'গোটাপাড়া ', '51', NULL, 0, 0, 0, NULL, NULL),
(1763, 4, 35, 270, '', '', '', 'JATRAPUR', 'যাত্রাপুর', '60', 9300, 0, 0, 0, NULL, NULL),
(1764, 4, 35, 270, '', '', '', 'KARA PARA', 'কাড়াপাড়া ', '69', NULL, 0, 0, 0, NULL, NULL),
(1765, 4, 35, 270, '', '', '', 'KHANPUR', 'খানপুর ', '77', 7440, 0, 0, 0, NULL, NULL),
(1766, 4, 35, 270, '', '', '', 'RAKHALGACHHI', 'রাখালগাছি ', '86', 7350, 0, 0, 0, NULL, NULL),
(1767, 4, 35, 270, '', '', '', 'SHAT GAMBUJ', 'ষাটগুম্বজ', '94', NULL, 0, 0, 0, NULL, NULL),
(1768, 4, 35, 271, '', '', '', 'CHAR BANIARI', 'চরবানিয়ারী', '15', NULL, 0, 0, 0, NULL, NULL),
(1769, 4, 35, 271, '', '', '', 'BARA BARIA', 'বড়বাড়িয়া ', '19', NULL, 0, 0, 0, NULL, NULL),
(1770, 4, 35, 271, '', '', '', 'CHITALMARI', 'চিতলমারী', '31', 9360, 0, 0, 0, NULL, NULL),
(1771, 4, 35, 271, '', '', '', 'HIZLA', 'হিজলা ', '47', 9360, 0, 0, 0, NULL, NULL),
(1772, 4, 35, 271, '', '', '', 'SANTOSHPUR', 'সন্তোষপুর', '63', 9360, 0, 0, 0, NULL, NULL),
(1773, 4, 35, 271, '', '', '', 'KALATALA', 'কলাতলা ', '66', 9360, 0, 0, 0, NULL, NULL),
(1774, 4, 35, 271, '', '', '', 'SHIBPUR', 'শিবপুর ', '79', 9400, 0, 0, 0, NULL, NULL),
(1775, 4, 35, 272, '', '', '', 'BAHIRDIA MANSA', 'বাহিরদিয়া-মানসা ', '10', NULL, 0, 0, 0, NULL, NULL),
(1776, 4, 35, 272, '', '', '', 'BETAGA', 'বেতাগা ', '21', 9370, 0, 0, 0, NULL, NULL),
(1777, 4, 35, 272, '', '', '', 'FAKIRHAT', 'ফকিরহাট ', '31', 9370, 0, 0, 0, NULL, NULL),
(1778, 4, 35, 272, '', '', '', 'LAKHPUR', 'লখপুর ', '42', 9370, 0, 0, 0, NULL, NULL),
(1779, 4, 35, 272, '', '', '', 'MULGHAR', 'মূলঘর ', '52', 9370, 0, 0, 0, NULL, NULL),
(1780, 4, 35, 272, '', '', '', 'NALDHA MAUBHOG', 'নলধা-মৌভোগ ', '63', NULL, 0, 0, 0, NULL, NULL),
(1781, 4, 35, 272, '', '', '', 'PILJANGA', 'পিলজংগ ', '73', 9370, 0, 0, 0, NULL, NULL),
(1782, 4, 35, 272, '', '', '', 'SUBHADIA', 'শুভদিয়া ', '84', 9370, 0, 0, 0, NULL, NULL),
(1783, 4, 35, 273, '', '', '', 'BADHAL', 'বাধাল ', '15', 9310, 0, 0, 0, NULL, NULL),
(1784, 4, 35, 273, '', '', '', 'DHOPAKHALI', 'ধোপাখালী ', '28', 9310, 0, 0, 0, NULL, NULL),
(1785, 4, 35, 273, '', '', '', 'GAZALIA', 'গজালিয়া ', '38', 9310, 0, 0, 0, NULL, NULL),
(1786, 4, 35, 273, '', '', '', 'GOPALPUR', 'গোপালপুর ', '47', 9310, 0, 0, 0, NULL, NULL),
(1787, 4, 35, 273, '', '', '', 'KACHUA', 'কচুয়া ', '57', 7400, 0, 0, 0, NULL, NULL),
(1788, 4, 35, 273, '', '', '', 'MAGHIA', 'মঘিয়া', '66', NULL, 0, 0, 0, NULL, NULL),
(1789, 4, 35, 273, '', '', '', 'RARI PARA', 'রাড়ীপাড়া ', '76', NULL, 0, 0, 0, NULL, NULL),
(1790, 4, 35, 274, '', '', '', 'ATJURI', 'আটজুড়ী ', '17', 9380, 0, 0, 0, NULL, NULL),
(1791, 4, 35, 274, '', '', '', 'CHUNKHOLA', 'চুনখোলা ', '28', 9380, 0, 0, 0, NULL, NULL),
(1792, 4, 35, 274, '', '', '', 'GANGNI', 'গাংনী', '38', 7210, 0, 0, 0, NULL, NULL),
(1793, 4, 35, 274, '', '', '', 'GAOLA', 'গাওলা ', '47', 9380, 0, 0, 0, NULL, NULL),
(1794, 4, 35, 274, '', '', '', 'KODALIA', 'কোদালিয়া ', '76', 9380, 0, 0, 0, NULL, NULL),
(1795, 4, 35, 274, '', '', '', 'KULIA', 'কুলিয়া', '85', 9430, 0, 0, 0, NULL, NULL),
(1796, 4, 35, 274, '', '', '', 'UDAYPUR', 'উদয়পুর ', '95', 9380, 0, 0, 0, NULL, NULL),
(1797, 4, 35, 275, '', '', '', 'CHANDPI', 'চাঁদপাই', '23', NULL, 0, 0, 0, NULL, NULL),
(1798, 4, 35, 275, '', '', '', 'BURIRDANGA', 'বুড়িরডাঙ্গা', '27', 9351, 0, 0, 0, NULL, NULL),
(1799, 4, 35, 275, '', '', '', 'CHILA', 'চিলা', '29', 9351, 0, 0, 0, NULL, NULL),
(1800, 4, 35, 275, '', '', '', 'MITHAKHALI', 'মিঠাখালী', '59', 9351, 0, 0, 0, NULL, NULL),
(1801, 4, 35, 275, '', '', '', 'SUNILTALA', 'সোনাইলতলা', '83', NULL, 0, 0, 0, NULL, NULL),
(1802, 4, 35, 275, '', '', '', 'CHANDPAI RANGE', 'চাঁদপাই', '97', NULL, 0, 0, 0, NULL, NULL),
(1803, 4, 35, 275, '', '', '', 'SUNDARBAN', 'সুন্দরবন', '89', 9351, 0, 0, 0, NULL, NULL),
(1804, 4, 35, 276, '', '', '', 'BAHARBUNIA', 'বহরবুনিয়া', '10', NULL, 0, 0, 0, NULL, NULL),
(1805, 4, 35, 276, '', '', '', 'BALAIBUNIA', 'বলইবুনিয়া', '11', NULL, 0, 0, 0, NULL, NULL),
(1806, 4, 35, 276, '', '', '', 'BANAGRAM', 'বনগ্রাম', '17', 9320, 0, 0, 0, NULL, NULL),
(1807, 4, 35, 276, '', '', '', 'BARAIKHALI', 'বারইখালী', '23', 1550, 0, 0, 0, NULL, NULL),
(1808, 4, 35, 276, '', '', '', 'CHINGRAKHALI', 'চিংড়াখালী', '29', 9320, 0, 0, 0, NULL, NULL),
(1809, 4, 35, 276, '', '', '', 'DAIBAGNYAHATI', 'দৈবজ্ঞহাটী', '35', NULL, 0, 0, 0, NULL, NULL),
(1810, 4, 35, 276, '', '', '', 'HOGLABUNIA', 'হোগলাবুনিয়া', '41', 9320, 0, 0, 0, NULL, NULL),
(1811, 4, 35, 276, '', '', '', 'HOGLA PASHA', 'হোগলাপাশা', '47', NULL, 0, 0, 0, NULL, NULL),
(1812, 4, 35, 276, '', '', '', 'JIUDHARA', 'জিউধরা', '53', 9320, 0, 0, 0, NULL, NULL),
(1813, 4, 35, 276, '', '', '', 'KHUOLIA', 'খাউলিয়া', '59', NULL, 0, 0, 0, NULL, NULL),
(1814, 4, 35, 276, '', '', '', 'MORRELGANJ', 'মোরেলগঞ্জ', '65', 9320, 0, 0, 0, NULL, NULL),
(1815, 4, 35, 276, '', '', '', 'NISHANBARIA', 'নিশানবাড়ীয়া', '71', 9320, 0, 0, 0, NULL, NULL),
(1816, 4, 35, 276, '', '', '', 'PANCHAKARAN', 'পঞ্চকরণ', '77', 9320, 0, 0, 0, NULL, NULL),
(1817, 4, 35, 276, '', '', '', 'PUTIKHALI', 'পুটিখালী', '83', 9320, 0, 0, 0, NULL, NULL),
(1818, 4, 35, 276, '', '', '', 'RAMCHANDRAPUR', 'রামচন্দ্রপুর', '89', 9320, 0, 0, 0, NULL, NULL),
(1819, 4, 35, 276, '', '', '', 'TELIGATI', 'তেলিগাতী', '95', 9320, 0, 0, 0, NULL, NULL),
(1820, 4, 35, 277, '', '', '', 'BAINTALA', 'বাইনতলা', '10', NULL, 0, 0, 0, NULL, NULL),
(1821, 4, 35, 277, '', '', '', 'BANSHTALI', 'বাশঁতলী', '11', 9340, 0, 0, 0, NULL, NULL),
(1822, 4, 35, 277, '', '', '', 'BHOJPATIA', 'ভোজপাতিয়া', '17', 9340, 0, 0, 0, NULL, NULL),
(1823, 4, 35, 277, '', '', '', 'GAURAMBHA', 'গৌরম্ভা', '41', NULL, 0, 0, 0, NULL, NULL),
(1824, 4, 35, 277, '', '', '', 'HURKA', 'হুড়কা', '47', 9340, 0, 0, 0, NULL, NULL),
(1825, 4, 35, 277, '', '', '', 'UJALKUR', 'উজলকুড়', '94', 9340, 0, 0, 0, NULL, NULL),
(1826, 4, 35, 277, '', '', '', 'MALLIKER BER', 'মল্লিকেরবেড়', '53', NULL, 0, 0, 0, NULL, NULL),
(1827, 4, 35, 277, '', '', '', 'PERIKHALI', 'পেড়িখালী', '71', 9340, 0, 0, 0, NULL, NULL),
(1828, 4, 35, 277, '', '', '', 'RAJNAGAR', 'রাজনগর', '77', 9340, 0, 0, 0, NULL, NULL),
(1829, 4, 35, 277, '', '', '', 'RAMPAL', 'রামপাল ', '83', 9340, 0, 0, 0, NULL, NULL),
(1830, 4, 35, 277, '', '', '', 'SHARANKHOLA RANGE', 'শরণখোলা রেঞ্জ ', '97', NULL, 0, 0, 0, NULL, NULL),
(1831, 4, 35, 278, '', '', '', 'DHANSAGAR', 'ধানসাগর', '19', 9330, 0, 0, 0, NULL, NULL),
(1832, 4, 35, 278, '', '', '', 'KHONTAKATA', 'খোন্তাকাটা', '38', 9330, 0, 0, 0, NULL, NULL),
(1833, 4, 35, 278, '', '', '', 'ROYENDA', 'রায়েন্দা', '57', NULL, 0, 0, 0, NULL, NULL),
(1834, 4, 35, 278, '', '', '', 'DAKHIN KHALI', 'দক্ষিনখালী', '76', NULL, 0, 0, 0, NULL, NULL),
(1835, 4, 36, 279, '', '', '', 'AILHAS', 'আইলহাঁস', '11', NULL, 0, 0, 0, NULL, NULL),
(1836, 4, 36, 279, '', '', '', 'BELGACHHI', 'বেলগাছি', '13', NULL, 0, 0, 0, NULL, NULL),
(1837, 4, 36, 279, '', '', '', 'BARADI', 'বাড়াদী', '15', 7210, 0, 0, 0, NULL, NULL),
(1838, 4, 36, 279, '', '', '', 'BHANGABARIA', 'ভাংবাড়ীয়া', '23', NULL, 0, 0, 0, NULL, NULL),
(1839, 4, 36, 279, '', '', '', 'CHITLA', 'চিৎলা', '27', NULL, 0, 0, 0, NULL, NULL),
(1840, 4, 36, 279, '', '', '', 'DAUKI', 'ডাউকী', '31', 7210, 0, 0, 0, NULL, NULL),
(1841, 4, 36, 279, '', '', '', 'GANGNI', 'গাংনী', '39', 7210, 0, 0, 0, NULL, NULL),
(1842, 4, 36, 279, '', '', '', 'HARDI', 'হারদী', '47', 7210, 0, 0, 0, NULL, NULL),
(1843, 4, 36, 279, '', '', '', 'KALIDASHPUR', 'কালিদাসপুর', '51', 7210, 0, 0, 0, NULL, NULL),
(1844, 4, 36, 279, '', '', '', 'JAMJAMI', 'জামজামী', '55', 7210, 0, 0, 0, NULL, NULL),
(1845, 4, 36, 279, '', '', '', 'JEHALA', 'জেহালা', '63', 7210, 0, 0, 0, NULL, NULL),
(1846, 4, 36, 279, '', '', '', 'KHADIMPUR', 'খাদিমপুর', '71', 7210, 0, 0, 0, NULL, NULL),
(1847, 4, 36, 279, '', '', '', 'KHASKARA', 'খাসকররা', '79', NULL, 0, 0, 0, NULL, NULL),
(1848, 4, 36, 279, '', '', '', 'KUMARI', 'কুমারী', '87', 7210, 0, 0, 0, NULL, NULL),
(1849, 4, 36, 279, '', '', '', 'NAGDAHA', 'নাগদাহ', '94', 7210, 0, 0, 0, NULL, NULL),
(1850, 4, 36, 280, '', '', '', 'ALOKDIA', 'আলোকদিয়া', '11', 1940, 0, 0, 0, NULL, NULL),
(1851, 4, 36, 280, '', '', '', 'BEGAMPUR', 'বেগমপুর', '23', 7200, 0, 0, 0, NULL, NULL),
(1852, 4, 36, 280, '', '', '', 'KUTUBPUR', 'কুতুবপুর', '47', 7100, 0, 0, 0, NULL, NULL),
(1853, 4, 36, 280, '', '', '', 'MOMINPUR', 'মোমিনপুর', '59', 7200, 0, 0, 0, NULL, NULL),
(1854, 4, 36, 280, '', '', '', 'PADMABILA', 'পদ্মবিলা', '62', 7200, 0, 0, 0, NULL, NULL),
(1855, 4, 36, 280, '', '', '', 'SHANKAR CHANDRA', 'শংকরচন্দ্র', '71', NULL, 0, 0, 0, NULL, NULL),
(1856, 4, 36, 280, '', '', '', 'TITUDAHA', 'তিতুদহ', '83', 7200, 0, 0, 0, NULL, NULL),
(1857, 4, 36, 281, '', '', '', 'DAMURHUDA', 'দামুড়হুদা ', '11', 7220, 0, 0, 0, NULL, NULL),
(1858, 4, 36, 281, '', '', '', 'PERKRISHNAPUR MADNA', 'পারকৃষ্ণপুর মদনা', '23', NULL, 0, 0, 0, NULL, NULL),
(1859, 4, 36, 281, '', '', '', 'HOWLI', 'হাউলী', '35', 7220, 0, 0, 0, NULL, NULL),
(1860, 4, 36, 281, '', '', '', 'NATODAHA', 'নতিপোতা', '88', NULL, 0, 0, 0, NULL, NULL),
(1861, 4, 36, 281, '', '', '', 'JURANPUR', 'জুড়ানপুর', '47', 7220, 0, 0, 0, NULL, NULL),
(1862, 4, 36, 281, '', '', '', 'KAPASADANGA', 'কার্পাসডাঙ্গা', '59', NULL, 0, 0, 0, NULL, NULL),
(1863, 4, 36, 281, '', '', '', 'KURALGACHHI', 'কুড়ুলগাছি', '71', 7220, 0, 0, 0, NULL, NULL),
(1864, 4, 36, 281, '', '', '', 'NATIPOTA', 'নতিপোতা', '83', 7220, 0, 0, 0, NULL, NULL),
(1865, 4, 36, 282, '', '', '', 'ANDULBARIA', 'আন্দুলবাড়ীয়া ', '19', 7230, 0, 0, 0, NULL, NULL),
(1866, 4, 36, 282, '', '', '', 'BANKA', 'বাঁকা ', '38', 7230, 0, 0, 0, NULL, NULL),
(1867, 4, 36, 282, '', '', '', 'HASADAH', 'হাসাদাহ  ', '42', NULL, 0, 0, 0, NULL, NULL),
(1868, 4, 36, 282, '', '', '', 'ROYPUR', 'রায়পুর ', '50', 7110, 0, 0, 0, NULL, NULL),
(1869, 4, 36, 282, '', '', '', 'SIMANTA', 'সীমান্ত ', '57', 7230, 0, 0, 0, NULL, NULL),
(1870, 4, 36, 282, '', '', '', 'UTHALI', 'উথলী', '76', 7230, 0, 0, 0, NULL, NULL),
(1871, 4, 37, 283, '', '', '', 'BAGHUTIA', 'বাঘুটিয়া', '10', 7460, 0, 0, 0, NULL, NULL),
(1872, 4, 37, 283, '', '', '', 'PRAMBAG', 'প্রেমবাগ', '21', NULL, 0, 0, 0, NULL, NULL),
(1873, 4, 37, 283, '', '', '', 'SUNDOLI', 'সুন্দলী', '27', 7460, 0, 0, 0, NULL, NULL),
(1874, 4, 37, 283, '', '', '', 'PAYRA', 'পায়রা', '42', 7460, 0, 0, 0, NULL, NULL),
(1875, 4, 37, 283, '', '', '', 'CHALISHIA', 'চলিশিয়া', '52', 7460, 0, 0, 0, NULL, NULL),
(1876, 4, 37, 283, '', '', '', 'SIDDHIPASHA', 'সিদ্ধিপাশা', '63', 7460, 0, 0, 0, NULL, NULL),
(1877, 4, 37, 283, '', '', '', 'SREEDHARPUR', 'শ্রীধরপুর', '73', 7460, 0, 0, 0, NULL, NULL),
(1878, 4, 37, 283, '', '', '', 'SUBHA PARA', 'শুভরাড়া', '84', NULL, 0, 0, 0, NULL, NULL),
(1879, 4, 37, 284, '', '', '', 'BASUARI', 'বাসুয়াড়ি', '15', 7470, 0, 0, 0, NULL, NULL),
(1880, 4, 37, 284, '', '', '', 'BANDABILLA', 'বন্দবিলা', '19', NULL, 0, 0, 0, NULL, NULL),
(1881, 4, 37, 284, '', '', '', 'DARAJHAT', 'দরাজহাট', '28', 7470, 0, 0, 0, NULL, NULL),
(1882, 4, 37, 284, '', '', '', 'DHALGRAM', 'ধলগ্রাম', '38', 7470, 0, 0, 0, NULL, NULL),
(1883, 4, 37, 284, '', '', '', 'DOHAKULA', 'দোহাকুলা', '47', 7470, 0, 0, 0, NULL, NULL),
(1884, 4, 37, 284, '', '', '', 'JAMDIA', 'জামদিয়া', '57', 7470, 0, 0, 0, NULL, NULL),
(1885, 4, 37, 284, '', '', '', 'JAHARPUR', 'জহুরপুর', '66', NULL, 0, 0, 0, NULL, NULL),
(1886, 4, 37, 284, '', '', '', 'NARIKELBARIA', 'নারিকেলবাড়িয়া', '76', 7470, 0, 0, 0, NULL, NULL),
(1887, 4, 37, 284, '', '', '', 'ROYPUR', 'রায়পুর', '85', 7110, 0, 0, 0, NULL, NULL),
(1888, 4, 37, 285, '', '', '', 'CHAUGACHHA', 'চৌগাছা', '14', NULL, 0, 0, 0, NULL, NULL),
(1889, 4, 37, 285, '', '', '', 'DHULIANI', 'ধুলিয়ানী', '17', 7410, 0, 0, 0, NULL, NULL),
(1890, 4, 37, 285, '', '', '', 'HAKIMPUR', 'হাকিমপুর', '25', 7320, 0, 0, 0, NULL, NULL),
(1891, 4, 37, 285, '', '', '', 'JAGADISHPUR', 'জগদিশপুর', '34', 7410, 0, 0, 0, NULL, NULL),
(1892, 4, 37, 285, '', '', '', 'SWARUPDAHA', 'স্বরূপদাহ', '43', 7410, 0, 0, 0, NULL, NULL),
(1893, 4, 37, 285, '', '', '', 'NARAYANPUR', 'নারায়নপুর', '51', 7410, 0, 0, 0, NULL, NULL),
(1894, 4, 37, 285, '', '', '', 'PASHAPOLE', 'পাশাপোল', '60', 7410, 0, 0, 0, NULL, NULL),
(1895, 4, 37, 285, '', '', '', 'PATIBILA', 'পাতিবিলা', '69', 7410, 0, 0, 0, NULL, NULL),
(1896, 4, 37, 285, '', '', '', 'PHULSARA', 'ফুলসারা', '77', 7410, 0, 0, 0, NULL, NULL),
(1897, 4, 37, 285, '', '', '', 'SINGHAJHULI', 'সিংহঝুলী', '86', 7410, 0, 0, 0, NULL, NULL),
(1898, 4, 37, 285, '', '', '', 'SUKPUKHURIA', 'সুখপুকুরিয়া', '94', NULL, 0, 0, 0, NULL, NULL),
(1899, 4, 37, 286, '', '', '', 'BANKRA UNION', 'বাঁকড়া', '25', NULL, 0, 0, 0, NULL, NULL),
(1900, 4, 37, 286, '', '', '', 'GANGANANDAPUR', 'গঙ্গানন্দপুর ', '29', 7420, 0, 0, 0, NULL, NULL),
(1901, 4, 37, 286, '', '', '', 'GADKHALI', 'গদখালী', '35', 7420, 0, 0, 0, NULL, NULL),
(1902, 4, 37, 286, '', '', '', 'HAJIRBAGH', 'হাজিরবাগ', '41', NULL, 0, 0, 0, NULL, NULL),
(1903, 4, 37, 286, '', '', '', 'JHIKARGACHHA', 'ঝিকরগাছা', '47', 7420, 0, 0, 0, NULL, NULL),
(1904, 4, 37, 286, '', '', '', 'MAGURA', 'মাগুরা', '53', 9420, 0, 0, 0, NULL, NULL),
(1905, 4, 37, 286, '', '', '', 'NABHARAN', 'নাভারণ', '59', NULL, 0, 0, 0, NULL, NULL),
(1906, 4, 37, 286, '', '', '', 'NIBASKHOLA', 'নির্বাসখোলা', '65', NULL, 0, 0, 0, NULL, NULL),
(1907, 4, 37, 286, '', '', '', 'PANISARA', 'পানিসারা', '71', 7420, 0, 0, 0, NULL, NULL),
(1908, 4, 37, 286, '', '', '', 'SHANKARPUR', 'শংকরপুর', '83', 7420, 0, 0, 0, NULL, NULL),
(1909, 4, 37, 286, '', '', '', 'SHIMULIA', 'শিমুলিয়া', '89', 7021, 0, 0, 0, NULL, NULL),
(1910, 4, 37, 287, '', '', '', 'BIDYANANDAKATI', ' বিদ্যানন্দকাটি', '17', 7450, 0, 0, 0, NULL, NULL),
(1911, 4, 37, 287, '', '', '', 'GAURIGHONA', 'গেীরিঘানা', '19', NULL, 0, 0, 0, NULL, NULL),
(1912, 4, 37, 287, '', '', '', 'KESHABPUR', 'কেশবপুর', '28', 7450, 0, 0, 0, NULL, NULL),
(1913, 4, 37, 287, '', '', '', 'MAJIDPUR', ' মজিদপুর', '38', 7450, 0, 0, 0, NULL, NULL),
(1914, 4, 37, 287, '', '', '', 'MANGALKOT', ' মঙ্গলকোট', '47', 7450, 0, 0, 0, NULL, NULL),
(1915, 4, 37, 287, '', '', '', 'PANJIA', 'পাজিয়া', '57', 7450, 0, 0, 0, NULL, NULL),
(1916, 4, 37, 287, '', '', '', 'SAGARDARI', 'সাগরদাড়ী', '66', 7450, 0, 0, 0, NULL, NULL),
(1917, 4, 37, 287, '', '', '', 'SUFALAKATI', 'সুফলাকাটি', '76', 7450, 0, 0, 0, NULL, NULL),
(1918, 4, 37, 287, '', '', '', 'TRIMOHINI', 'ত্রিমোহিনী', '85', 7450, 0, 0, 0, NULL, NULL),
(1919, 4, 37, 288, '', '', '', 'ARABPUR', 'আরবপুর', '10', 7400, 0, 0, 0, NULL, NULL),
(1920, 4, 37, 288, '', '', '', 'BASUNDIA', 'বসুন্দিয়া', '11', 7400, 0, 0, 0, NULL, NULL),
(1921, 4, 37, 288, '', '', '', 'CHANCHRA', ' চাচড়া', '23', 7400, 0, 0, 0, NULL, NULL),
(1922, 4, 37, 288, '', '', '', 'CHURAMANKATI', 'চুড়ামনকাটি', '29', NULL, 0, 0, 0, NULL, NULL),
(1923, 4, 37, 288, '', '', '', 'DIARA', 'দেয়াড়া', '35', NULL, 0, 0, 0, NULL, NULL),
(1924, 4, 37, 288, '', '', '', 'FATHEHPUR', 'ফতেপুর', '41', NULL, 0, 0, 0, NULL, NULL),
(1925, 4, 37, 288, '', '', '', 'HAIBATPUR', 'হৈবতপুর', '47', NULL, 0, 0, 0, NULL, NULL),
(1926, 4, 37, 288, '', '', '', 'ICHHALI', 'ইছালী', '53', NULL, 0, 0, 0, NULL, NULL),
(1927, 4, 37, 288, '', '', '', 'KASHIMPUR', 'কাশিমপুর', '65', 7400, 0, 0, 0, NULL, NULL),
(1928, 4, 37, 288, '', '', '', 'KACHUA', 'কচুয়া', '71', 7400, 0, 0, 0, NULL, NULL),
(1929, 4, 37, 288, '', '', '', 'LEBUTALA', ' লেবুতলা', '77', 7400, 0, 0, 0, NULL, NULL),
(1930, 4, 37, 288, '', '', '', 'NARENDRAPUR', 'নরেন্দ্রপুর', '83', 7400, 0, 0, 0, NULL, NULL),
(1931, 4, 37, 288, '', '', '', 'NOAPARA', 'নওয়াপাড়া', '89', 9430, 0, 0, 0, NULL, NULL),
(1932, 4, 37, 288, '', '', '', 'RAMNAGAR', 'রামনগর', '92', 7400, 0, 0, 0, NULL, NULL),
(1933, 4, 37, 288, '', '', '', 'UPASAHAR', 'উপশহর', '95', NULL, 0, 0, 0, NULL, NULL),
(1934, 4, 37, 288, '', '', '', 'JESSORE CANTONMENT', 'যশোর সেনানিবাস', '98', NULL, 0, 0, 0, NULL, NULL),
(1935, 4, 37, 289, '', '', '', 'BHOJGATI', 'ভোজগাতী', '10', 7440, 0, 0, 0, NULL, NULL),
(1936, 4, 37, 289, '', '', '', 'CHALUAHATI', ' চালুয়াহাটি', '11', 7440, 0, 0, 0, NULL, NULL),
(1937, 4, 37, 289, '', '', '', 'DHAKURIA', 'ঢাকুরিয়া', '16', 7440, 0, 0, 0, NULL, NULL),
(1938, 4, 37, 289, '', '', '', 'DURBADANGA', 'দূর্বাডাংগা', '22', 7440, 0, 0, 0, NULL, NULL),
(1939, 4, 37, 289, '', '', '', 'HARIDASKATI', 'হরিদাসকাটি', '27', 7440, 0, 0, 0, NULL, NULL),
(1940, 4, 37, 289, '', '', '', 'HARIHARNAGAR', 'হরিহরনগর', '33', 7440, 0, 0, 0, NULL, NULL),
(1941, 4, 37, 289, '', '', '', 'JHANPA', 'ঝাঁপা', '39', NULL, 0, 0, 0, NULL, NULL),
(1942, 4, 37, 289, '', '', '', 'KASHIMNAGAR', 'কাশিমনগর', '44', 7440, 0, 0, 0, NULL, NULL),
(1943, 4, 37, 289, '', '', '', 'KHANPUR', 'খানপুর', '50', 7440, 0, 0, 0, NULL, NULL),
(1944, 4, 37, 289, '', '', '', 'KHEDA PARA', 'খেদাপাড়া', '55', NULL, 0, 0, 0, NULL, NULL),
(1945, 4, 37, 289, '', '', '', 'KULTIA', 'কুলটিয়া', '61', 7440, 0, 0, 0, NULL, NULL),
(1946, 4, 37, 289, '', '', '', 'MANIRAMPUR', 'মণিরামপুর', '67', NULL, 0, 0, 0, NULL, NULL),
(1947, 4, 37, 289, '', '', '', 'MANOHARPUR', 'মনোহরপুর', '72', 7440, 0, 0, 0, NULL, NULL),
(1948, 4, 37, 289, '', '', '', 'MASWIMNAGAR', 'মশ্বিমনগর', '78', 7440, 0, 0, 0, NULL, NULL),
(1949, 4, 37, 289, '', '', '', 'NEHALPUR', 'মশ্বিমনগর', '83', 7440, 0, 0, 0, NULL, NULL),
(1950, 4, 37, 289, '', '', '', 'ROHITA', 'রোহিতা', '89', 7440, 0, 0, 0, NULL, NULL),
(1951, 4, 37, 289, '', '', '', 'SHYAMKUR', 'শয়াম্পূড়', '94', 7340, 0, 0, 0, NULL, NULL),
(1952, 4, 37, 290, '', '', '', 'BAGACHRA', 'বাগআঁচড়া', '13', 7430, 0, 0, 0, NULL, NULL),
(1953, 4, 37, 290, '', '', '', 'BAHADURPUR', 'বাহাদুরপুর', '17', 7040, 0, 0, 0, NULL, NULL),
(1954, 4, 37, 290, '', '', '', 'BENAPOLE', 'বেনাপোল', '25', 7430, 0, 0, 0, NULL, NULL),
(1955, 4, 37, 290, '', '', '', 'DIHI', 'ডিহি', '34', 7430, 0, 0, 0, NULL, NULL),
(1956, 4, 37, 290, '', '', '', 'GOGA', 'গোগা', '43', 7430, 0, 0, 0, NULL, NULL),
(1957, 4, 37, 290, '', '', '', 'KAYBA', 'কায়বা', '51', 7430, 0, 0, 0, NULL, NULL),
(1958, 4, 37, 290, '', '', '', 'LAKSHMANPUR', 'লক্ষণপুর', '60', NULL, 0, 0, 0, NULL, NULL),
(1959, 4, 37, 290, '', '', '', 'NIZAMPUR', 'নিজামপুর', '69', 7430, 0, 0, 0, NULL, NULL),
(1960, 4, 37, 290, '', '', '', 'PUTKHALI', 'পুটখালী', '77', 7430, 0, 0, 0, NULL, NULL),
(1961, 4, 37, 290, '', '', '', 'SHARSHA', 'শার্শা ', '86', 7430, 0, 0, 0, NULL, NULL),
(1962, 4, 37, 290, '', '', '', 'ULASHI', 'উলাশী', '94', NULL, 0, 0, 0, NULL, NULL),
(1963, 4, 38, 291, '', '', '', 'BHAYNA', 'ভায়না', '10', 7310, 0, 0, 0, NULL, NULL),
(1964, 4, 38, 291, '', '', '', 'CHANDPUR', 'চাঁদপুর', '21', 7010, 0, 0, 0, NULL, NULL),
(1965, 4, 38, 291, '', '', '', 'DAULATPUR', ' দৌলতপুর', '31', 7050, 0, 0, 0, NULL, NULL),
(1966, 4, 38, 291, '', '', '', 'PHALSI', ' ফলসী', '42', NULL, 0, 0, 0, NULL, NULL),
(1967, 4, 38, 291, '', '', '', 'JORADAHA', ' জোড়াদহ', '52', 7310, 0, 0, 0, NULL, NULL),
(1968, 4, 38, 291, '', '', '', 'KAPASHATI', ' কাপাসহাটিয়া', '63', NULL, 0, 0, 0, NULL, NULL),
(1969, 4, 38, 291, '', '', '', 'RAGHUNATHPUR', ' রঘুনাথপুর', '73', 7310, 0, 0, 0, NULL, NULL),
(1970, 4, 38, 291, '', '', '', 'TAHERHUDA', ' তাহেরহুদা ', '84', 7310, 0, 0, 0, NULL, NULL),
(1971, 4, 38, 292, '', '', '', 'DOGACHHI', 'দোগাছি', '11', 7300, 0, 0, 0, NULL, NULL),
(1972, 4, 38, 292, '', '', '', 'FURSANDI', 'ফুরসন্দি', '13', NULL, 0, 0, 0, NULL, NULL),
(1973, 4, 38, 292, '', '', '', 'GANNA', 'গান্না', '15', 7300, 0, 0, 0, NULL, NULL),
(1974, 4, 38, 292, '', '', '', 'GHORSHAL', 'ঘোড়শাল', '21', NULL, 0, 0, 0, NULL, NULL),
(1975, 4, 38, 292, '', '', '', 'HALIDHANI', 'হলিধানী', '26', 7300, 0, 0, 0, NULL, NULL),
(1976, 4, 38, 292, '', '', '', 'HARISHANKARPUR', 'হরিশংকরপুর', '31', 7300, 0, 0, 0, NULL, NULL),
(1977, 4, 38, 292, '', '', '', 'KALICHARANPUR', 'কালীচরণপুর', '42', 7300, 0, 0, 0, NULL, NULL),
(1978, 4, 38, 292, '', '', '', 'KUMRABARIA', 'কুমড়াবাড়ীয়া', '47', 7300, 0, 0, 0, NULL, NULL),
(1979, 4, 38, 292, '', '', '', 'MADHUHATI', 'মধুহাটী', '52', 7300, 0, 0, 0, NULL, NULL),
(1980, 4, 38, 292, '', '', '', 'MOHARAJPUR', 'মহারাজপুর', '58', 7300, 0, 0, 0, NULL, NULL),
(1981, 4, 38, 292, '', '', '', 'NALDANGA', 'নলডাঙ্গা', '63', 7300, 0, 0, 0, NULL, NULL),
(1982, 4, 38, 292, '', '', '', 'PADMAKAR', 'পদ্মাকর', '68', 7300, 0, 0, 0, NULL, NULL),
(1983, 4, 38, 292, '', '', '', 'PAGLAKANAI', 'পাগলাকানাই', '73', 7300, 0, 0, 0, NULL, NULL),
(1984, 4, 38, 292, '', '', '', 'PORAHATI', 'পোড়াহাটী', '79', 7300, 0, 0, 0, NULL, NULL),
(1985, 4, 38, 292, '', '', '', 'SAGANNA', 'সাগান্না', '84', 7300, 0, 0, 0, NULL, NULL),
(1986, 4, 38, 292, '', '', '', 'SADHUHATI', 'সাধুহাটী', '89', 7300, 0, 0, 0, NULL, NULL),
(1987, 4, 38, 292, '', '', '', 'SURAT', 'সুরাট', '94', 7300, 0, 0, 0, NULL, NULL),
(1988, 4, 38, 293, '', '', '', 'BARA BAZAR', ' বারবাজার ', '10', NULL, 0, 0, 0, NULL, NULL),
(1989, 4, 38, 293, '', '', '', 'JAMAL', ' জামাল ', '20', 7350, 0, 0, 0, NULL, NULL),
(1990, 4, 38, 293, '', '', '', 'SUNDARPUR DURGAPUR', 'সুন্দরপুর দুর্গাপুর ', '33', 7350, 0, 0, 0, NULL, NULL),
(1991, 4, 38, 293, '', '', '', 'KASHTABHANGA', 'কাষ্ঠভাঙ্গা ', '40', NULL, 0, 0, 0, NULL, NULL),
(1992, 4, 38, 293, '', '', '', 'KOLA', 'কোলা ', '47', 7350, 0, 0, 0, NULL, NULL),
(1993, 4, 38, 293, '', '', '', 'MALIAT', 'মালিয়াট ', '54', 7350, 0, 0, 0, NULL, NULL),
(1994, 4, 38, 293, '', '', '', 'NIAMATPUR', 'নিয়াসতপুর ', '61', 7350, 0, 0, 0, NULL, NULL),
(1995, 4, 38, 293, '', '', '', 'ROYGRAM', 'রায়গ্রাম ', '74', 7350, 0, 0, 0, NULL, NULL),
(1996, 4, 38, 293, '', '', '', 'RAKHALGACHHI', 'রাখালগাছি ', '81', 7350, 0, 0, 0, NULL, NULL),
(1997, 4, 38, 293, '', '', '', 'SIMLA ROKONPUR', 'সিমলা রোকনপুর ', '88', NULL, 0, 0, 0, NULL, NULL),
(1998, 4, 38, 293, '', '', '', 'TRILOCHANPUR', 'ত্রিলোচনপুর ', '94', 7350, 0, 0, 0, NULL, NULL),
(1999, 4, 38, 294, '', '', '', 'BALUHAR', 'বলুহর', '13', NULL, 0, 0, 0, NULL, NULL),
(2000, 4, 38, 294, '', '', '', 'DORA', 'দোড়া', '27', 7330, 0, 0, 0, NULL, NULL),
(2001, 4, 38, 294, '', '', '', 'ELANGI', 'এলাঙ্গী', '40', 7330, 0, 0, 0, NULL, NULL),
(2002, 4, 38, 294, '', '', '', 'KUSHNA', 'কুশনা', '67', 7330, 0, 0, 0, NULL, NULL),
(2003, 4, 38, 294, '', '', '', 'SABDALPUR', 'সাফদারপুর', '81', 7330, 0, 0, 0, NULL, NULL),
(2004, 4, 38, 295, '', '', '', 'AZAMPUR', 'আজমপুর', '10', 7340, 0, 0, 0, NULL, NULL),
(2005, 4, 38, 295, '', '', '', 'BANSHBARIA', 'বাঁশবাড়ীয়া', '11', 7340, 0, 0, 0, NULL, NULL),
(2006, 4, 38, 295, '', '', '', 'FATEHPUR', 'ফতেপুর', '17', 3010, 0, 0, 0, NULL, NULL),
(2007, 4, 38, 295, '', '', '', 'JADABPUR', 'যাদবপুর', '23', 7340, 0, 0, 0, NULL, NULL),
(2008, 4, 38, 295, '', '', '', 'KAZIRBER', 'কাজিরবেড়', '29', 7340, 0, 0, 0, NULL, NULL),
(2009, 4, 38, 295, '', '', '', 'MANDERBARI', 'মান্দারবাড়ীয়া', '35', NULL, 0, 0, 0, NULL, NULL),
(2010, 4, 38, 295, '', '', '', 'NATIMA', 'নাটিমা', '53', 7340, 0, 0, 0, NULL, NULL),
(2011, 4, 38, 295, '', '', '', 'NEPA', 'নেপা', '59', 7340, 0, 0, 0, NULL, NULL),
(2012, 4, 38, 295, '', '', '', 'PANTHA PARA', 'পান্তাপাড়া', '65', NULL, 0, 0, 0, NULL, NULL),
(2013, 4, 38, 295, '', '', '', 'SHYAMKUR', 'শ্যামকুড়', '77', 7340, 0, 0, 0, NULL, NULL),
(2014, 4, 38, 295, '', '', '', 'S.K.B.', 'এসবিকে', '83', NULL, 0, 0, 0, NULL, NULL),
(2015, 4, 38, 295, '', '', '', 'SWARUPPUR', 'স্বরুপপুর', '89', 7340, 0, 0, 0, NULL, NULL),
(2016, 4, 38, 296, '', '', '', 'ABAIPUR', ' আবাইপুর ', '10', 7320, 0, 0, 0, NULL, NULL),
(2017, 4, 38, 296, '', '', '', 'BAGURA', 'বগুড়া ', '12', NULL, 0, 0, 0, NULL, NULL),
(2018, 4, 38, 296, '', '', '', 'DHALHARA CHANDRA', 'ধলহরাচন্দ্র ', '18', NULL, 0, 0, 0, NULL, NULL),
(2019, 4, 38, 296, '', '', '', 'DIGNAGAR', 'দিগনগর ', '25', 7320, 0, 0, 0, NULL, NULL),
(2020, 4, 38, 296, '', '', '', 'DUDHSAR', 'দুধসর ', '31', NULL, 0, 0, 0, NULL, NULL),
(2021, 4, 38, 296, '', '', '', 'MANOHARPUR', 'মনোহরপুর ', '37', 7440, 0, 0, 0, NULL, NULL),
(2022, 4, 38, 296, '', '', '', 'FULHARI', 'ফুলহরি ', '44', NULL, 0, 0, 0, NULL, NULL),
(2023, 4, 38, 296, '', '', '', 'HAKIMPUR', 'হাকিমপুর ', '50', 7320, 0, 0, 0, NULL, NULL),
(2024, 4, 38, 296, '', '', '', 'KANCHERKOL', 'কাঁচেরকোল ', '56', NULL, 0, 0, 0, NULL, NULL),
(2025, 4, 38, 296, '', '', '', 'MIRZAPUR', ' মির্জাপুর ', '63', 7320, 0, 0, 0, NULL, NULL),
(2026, 4, 38, 296, '', '', '', 'NITYANANDAPUR', 'নিত্যানন্দপুর ', '69', 7320, 0, 0, 0, NULL, NULL),
(2027, 4, 38, 296, '', '', '', 'SARUTIA', 'সারুটিয়া ', '75', 7320, 0, 0, 0, NULL, NULL),
(2028, 4, 38, 296, '', '', '', 'TRIBENI', ' ত্রিবেনী ', '88', 7320, 0, 0, 0, NULL, NULL),
(2029, 4, 38, 296, '', '', '', 'UMEDPUR', 'উমেদপুর ', '94', 7320, 0, 0, 0, NULL, NULL),
(2030, 4, 39, 297, '', '', '', 'AMIRPUR', 'আমিরপুর', '11', 9260, 0, 0, 0, NULL, NULL),
(2031, 4, 39, 297, '', '', '', 'BALIADANGA', 'বালিয়াডাংগা', '23', 9260, 0, 0, 0, NULL, NULL),
(2032, 4, 39, 297, '', '', '', 'BATIAGHATA', 'বটিয়াঘাটা', '35', 9260, 0, 0, 0, NULL, NULL),
(2033, 4, 39, 297, '', '', '', 'BHANDERKOTE', ' ভান্ডারকোট', '47', NULL, 0, 0, 0, NULL, NULL),
(2034, 4, 39, 297, '', '', '', 'GANGARAMPUR', 'গংগারামপুর', '59', 6620, 0, 0, 0, NULL, NULL),
(2035, 4, 39, 297, '', '', '', 'JALMA', ' জলমা', '71', 9260, 0, 0, 0, NULL, NULL),
(2036, 4, 39, 297, '', '', '', 'SURKHALI', ' সুরখালী', '83', 9260, 0, 0, 0, NULL, NULL),
(2037, 4, 39, 298, '', '', '', 'BAJUA', 'বাজুয়া', '10', 9271, 0, 0, 0, NULL, NULL),
(2038, 4, 39, 298, '', '', '', 'BANISHANTA', 'বানীশান্তাা', '13', 9271, 0, 0, 0, NULL, NULL),
(2039, 4, 39, 298, '', '', '', 'LAUDUBI', 'লাউডোব', '21', NULL, 0, 0, 0, NULL, NULL),
(2040, 4, 39, 298, '', '', '', 'DACOPE', 'দাকোপ ', '42', 9271, 0, 0, 0, NULL, NULL),
(2041, 4, 39, 298, '', '', '', 'KAILASGANJ', 'কৈলাশগঞ্জ', '52', NULL, 0, 0, 0, NULL, NULL),
(2042, 4, 39, 298, '', '', '', 'KAMARKHOLA', 'কামারখোলা', '63', 9271, 0, 0, 0, NULL, NULL),
(2043, 4, 39, 298, '', '', '', 'PANKHALI', 'পানখালী', '69', NULL, 0, 0, 0, NULL, NULL),
(2044, 4, 39, 298, '', '', '', 'SUTARKHALI', 'সুতারখালী', '73', 9271, 0, 0, 0, NULL, NULL),
(2045, 4, 39, 298, '', '', '', 'TILDANGA', 'তিলডাংগা', '84', 9271, 0, 0, 0, NULL, NULL),
(2046, 4, 39, 299, '', '', '', 'ATLIA ', 'আটলিয়া ', '11', NULL, 0, 0, 0, NULL, NULL),
(2047, 4, 39, 299, '', '', '', 'BHANDAR PARA', 'ভান্ডারপাড়া ', '13', NULL, 0, 0, 0, NULL, NULL),
(2048, 4, 39, 299, '', '', '', 'DHAMALIA', 'ধামালিয়া ', '20', 9240, 0, 0, 0, NULL, NULL),
(2049, 4, 39, 299, '', '', '', 'DUMURIA', 'ডুমুরিয়া ', '27', 9240, 0, 0, 0, NULL, NULL),
(2050, 4, 39, 299, '', '', '', 'GUTUDIA', 'গুটুদিয়া ', '33', 9240, 0, 0, 0, NULL, NULL),
(2051, 4, 39, 299, '', '', '', 'KHARNIA', 'খর্ণিয়া ', '40', 9240, 0, 0, 0, NULL, NULL),
(2052, 4, 39, 299, '', '', '', 'MAGURKHALI', 'মাগুরখালী ', '47', 9240, 0, 0, 0, NULL, NULL),
(2053, 4, 39, 299, '', '', '', 'MAGURAGHONA', 'মাগুরাঘোনা ', '54', 9240, 0, 0, 0, NULL, NULL),
(2054, 4, 39, 299, '', '', '', 'RAGHUNATHPUR', 'মাগুরাঘোনা ', '61', 7310, 0, 0, 0, NULL, NULL),
(2055, 4, 39, 299, '', '', '', 'RANGPUR', 'রংপুর ', '67', 9240, 0, 0, 0, NULL, NULL),
(2056, 4, 39, 299, '', '', '', 'RUDAGHARA', 'রুদাঘরা ', '74', NULL, 0, 0, 0, NULL, NULL),
(2057, 4, 39, 299, '', '', '', 'SAHAS', ' সাহস ', '81', NULL, 0, 0, 0, NULL, NULL),
(2058, 4, 39, 299, '', '', '', 'SARAPPUR', ' শরাফপুর ', '88', NULL, 0, 0, 0, NULL, NULL),
(2059, 4, 39, 299, '', '', '', 'SOBHANA', 'শোভনা ', '94', NULL, 0, 0, 0, NULL, NULL),
(2060, 4, 39, 300, '', '', '', 'AMADI', 'আমাদী', '10', 9000, 0, 0, 0, NULL, NULL),
(2061, 4, 39, 300, '', '', '', 'BAGALI', 'বাগালী', '11', 9000, 0, 0, 0, NULL, NULL),
(2062, 4, 39, 300, '', '', '', 'DAKSHIN BEDKASHI', 'দক্ষিণে বেদকাশি।', '22', NULL, 0, 0, 0, NULL, NULL),
(2063, 4, 39, 300, '', '', '', 'KOYRA', 'কয়রা ', '55', 9000, 0, 0, 0, NULL, NULL),
(2064, 4, 39, 300, '', '', '', 'MAHARAJPUR', 'মহারাজপুর', '72', 9000, 0, 0, 0, NULL, NULL),
(2065, 4, 39, 300, '', '', '', 'MAHESHWARIPUR', 'মহেশ্বরীপুর', '78', 9000, 0, 0, 0, NULL, NULL),
(2066, 4, 39, 300, '', '', '', 'UTTAR BEDKASHI', 'উত্তর বেদকাশি', '94', NULL, 0, 0, 0, NULL, NULL),
(2067, 4, 39, 301, '', '', '', 'CHANDKHALI', 'চাঁদখালীঁ', '16', 9280, 0, 0, 0, NULL, NULL),
(2068, 4, 39, 301, '', '', '', 'DELUTI', 'দেলুটি', '27', NULL, 0, 0, 0, NULL, NULL),
(2069, 4, 39, 301, '', '', '', 'GADAIPUR', 'গদাইপুর', '33', 9280, 0, 0, 0, NULL, NULL),
(2070, 4, 39, 301, '', '', '', 'GARUIKHALI', 'গড়ুইখালী', '39', NULL, 0, 0, 0, NULL, NULL),
(2071, 4, 39, 301, '', '', '', 'HARIDHALI', 'হরিঢালী', '44', 9280, 0, 0, 0, NULL, NULL),
(2072, 4, 39, 301, '', '', '', 'KAPILMUNI', 'কপিলমুনি', '50', 9280, 0, 0, 0, NULL, NULL),
(2073, 4, 39, 301, '', '', '', 'LASKAR', 'লস্কর', '61', 9280, 0, 0, 0, NULL, NULL),
(2074, 4, 39, 301, '', '', '', 'LATA', 'লতা', '67', 9280, 0, 0, 0, NULL, NULL),
(2075, 4, 39, 301, '', '', '', 'RARULI', 'লাড়ুলি', '83', NULL, 0, 0, 0, NULL, NULL),
(2076, 4, 39, 301, '', '', '', 'SHOLADANA', 'সোলাদানা', '89', 9280, 0, 0, 0, NULL, NULL),
(2077, 4, 39, 302, '', '', '', 'DAMODAR', 'দামোদর', '38', NULL, 0, 0, 0, NULL, NULL),
(2078, 4, 39, 302, '', '', '', 'JAMIRA', 'জামিরা', '57', 9210, 0, 0, 0, NULL, NULL),
(2079, 4, 39, 302, '', '', '', 'PHULTALA', 'ফুলতলা ', '76', NULL, 0, 0, 0, NULL, NULL),
(2080, 4, 39, 302, '', '', '', 'ATRAGILATOLA', 'আটরা গিলাতলা', '', 9210, 0, 0, 0, NULL, NULL),
(2081, 4, 39, 303, '', '', '', 'AIJGANTI', 'আইচগাতী', '13', NULL, 0, 0, 0, NULL, NULL),
(2082, 4, 39, 303, '', '', '', 'GHATBHOGH', 'ঘাটভোগ', '27', NULL, 0, 0, 0, NULL, NULL),
(2083, 4, 39, 303, '', '', '', 'NAIHATI', 'নৈহাটি', '54', NULL, 0, 0, 0, NULL, NULL),
(2084, 4, 39, 303, '', '', '', 'SREEFALTALA', 'শ্রীফলতলা', '67', 9000, 0, 0, 0, NULL, NULL),
(2085, 4, 39, 303, '', '', '', 'T. S. BAHIRDIA', 'টি এস বাহিরদিয়া', '81', NULL, 0, 0, 0, NULL, NULL),
(2086, 4, 39, 304, '', '', '', 'AJUGARA', 'আজগড়া', '13', NULL, 0, 0, 0, NULL, NULL),
(2087, 4, 39, 304, '', '', '', 'BARASAT', 'বারাসাত', '27', 9230, 0, 0, 0, NULL, NULL),
(2088, 4, 39, 304, '', '', '', 'MADHUPUR', 'মধুপুর', '40', 9230, 0, 0, 0, NULL, NULL),
(2089, 4, 39, 304, '', '', '', 'SACHIADAH', 'সাচিয়াদহ', '54', NULL, 0, 0, 0, NULL, NULL),
(2090, 4, 39, 304, '', '', '', 'SAGLADAH', 'ছাগলাদাহ', '67', NULL, 0, 0, 0, NULL, NULL),
(2091, 4, 39, 304, '', '', '', 'TEROKHADA', 'তেরখাদা', '81', 9230, 0, 0, 0, NULL, NULL),
(2092, 4, 39, 305, '', '', '', 'BARAKPUR', 'বারাকপুর ', '17', 9220, 0, 0, 0, NULL, NULL),
(2093, 4, 39, 305, '', '', '', 'ARONG GHATA', 'আড়ংঘাটা', '', NULL, 0, 0, 0, NULL, NULL),
(2094, 4, 39, 305, '', '', '', 'JOGIPOL', 'যোগীপোল', '', NULL, 0, 0, 0, NULL, NULL),
(2095, 4, 39, 305, '', '', '', 'DIGHALIA', 'দিঘলিয়া', '57', 7511, 0, 0, 0, NULL, NULL),
(2096, 4, 39, 305, '', '', '', 'GAZIR HAT', 'গাজীরহাট ', '66', NULL, 0, 0, 0, NULL, NULL),
(2097, 4, 39, 305, '', '', '', 'SENHATI', 'সেনহাটি ', '85', 9220, 0, 0, 0, NULL, NULL),
(2098, 4, 40, 306, '', '', '', 'BAHADURPUR', 'বাহাদুরপুর', '13', 7040, 0, 0, 0, NULL, NULL),
(2099, 4, 40, 306, '', '', '', 'BAHIR CHAR', 'বাহিরচর', '27', NULL, 0, 0, 0, NULL, NULL),
(2100, 4, 40, 306, '', '', '', 'CHANDGRAM', 'চাঁদগ্রাম', '40', 7040, 0, 0, 0, NULL, NULL),
(2101, 4, 40, 306, '', '', '', 'DHARAMPUR', 'ধরমপুর', '54', 7040, 0, 0, 0, NULL, NULL),
(2102, 4, 40, 306, '', '', '', 'JUNIADAHA', 'জুনিয়াদহ', '67', 7040, 0, 0, 0, NULL, NULL),
(2103, 4, 40, 306, '', '', '', 'MOKARIMPUR', 'মোকারিমপুর', '81', 7040, 0, 0, 0, NULL, NULL),
(2104, 4, 40, 307, '', '', '', 'ADABARIA', 'আদাবাড়ীয়া', '11', 7050, 0, 0, 0, NULL, NULL),
(2105, 4, 40, 307, '', '', '', 'ARIA', 'আড়িয়া', '13', 7050, 0, 0, 0, NULL, NULL),
(2106, 4, 40, 307, '', '', '', 'BOALIA', 'বোয়ালিয়া', '20', 7050, 0, 0, 0, NULL, NULL),
(2107, 4, 40, 307, '', '', '', 'CHILMARI', 'চিলমারী', '27', 7050, 0, 0, 0, NULL, NULL),
(2108, 4, 40, 307, '', '', '', 'DAULATPUR', 'দৌলতপুর ', '33', 7050, 0, 0, 0, NULL, NULL),
(2109, 4, 40, 307, '', '', '', 'HOGALBARIA', 'হোগলবাড়ীয়া', '40', 7050, 0, 0, 0, NULL, NULL),
(2110, 4, 40, 307, '', '', '', 'KHALISHAKUNDI', 'খলিষাকুন্ডি', '47', NULL, 0, 0, 0, NULL, NULL),
(2111, 4, 40, 307, '', '', '', 'MARICHA', 'মরিচা', '54', 7050, 0, 0, 0, NULL, NULL),
(2112, 4, 40, 307, '', '', '', 'MATHURAPUR', 'মথুরাপুর', '61', 7050, 0, 0, 0, NULL, NULL),
(2113, 4, 40, 307, '', '', '', 'PEARPUR', 'পিয়ারপুর', '67', 7050, 0, 0, 0, NULL, NULL),
(2114, 4, 40, 307, '', '', '', 'PHILIPNAGAR', 'ফিলিপনগর', '74', 7050, 0, 0, 0, NULL, NULL),
(2115, 4, 40, 307, '', '', '', 'PRAYAGPUR', 'প্রাপুর', '81', NULL, 0, 0, 0, NULL, NULL),
(2116, 4, 40, 307, '', '', '', 'RAMKRISHNAPUR', 'রামকৃষ্ণপুর', '88', 7050, 0, 0, 0, NULL, NULL),
(2117, 4, 40, 307, '', '', '', 'REFAYETPUR', 'রেফাইতপুর', '94', 7050, 0, 0, 0, NULL, NULL),
(2118, 4, 40, 308, '', '', '', 'AMBARIA', 'আমবাড়ীয়া', '17', 7021, 0, 0, 0, NULL, NULL),
(2119, 4, 40, 308, '', '', '', 'BETBARIA', 'বেতবাড়ীয়া', '25', 7021, 0, 0, 0, NULL, NULL),
(2120, 4, 40, 308, '', '', '', 'GOPAGRAM', 'গোপগ্রাম', '31', NULL, 0, 0, 0, NULL, NULL),
(2121, 4, 40, 308, '', '', '', 'JANIPUR', 'জানিপুর', '37', 7021, 0, 0, 0, NULL, NULL),
(2122, 4, 40, 308, '', '', '', 'JAYANTI HAJRA', 'জয়নীহাজড়া', '43', NULL, 0, 0, 0, NULL, NULL),
(2123, 4, 40, 308, '', '', '', 'KHOKSA', 'খোকসা', '47', 7021, 0, 0, 0, NULL, NULL),
(2124, 4, 40, 308, '', '', '', 'OSMANPUR', 'ওসমানপুর', '57', 7021, 0, 0, 0, NULL, NULL),
(2125, 4, 40, 308, '', '', '', 'SAMASPUR', 'শোমসপুর', '71', NULL, 0, 0, 0, NULL, NULL),
(2126, 4, 40, 308, '', '', '', 'SHIMULIA', 'শিমুলিয়া', '77', 7021, 0, 0, 0, NULL, NULL),
(2127, 4, 40, 309, '', '', '', 'BAGULAT', 'বাগুলাট', '16', 7010, 0, 0, 0, NULL, NULL),
(2128, 4, 40, 309, '', '', '', 'CHANDPUR', 'চাঁদপুর', '17', 7010, 0, 0, 0, NULL, NULL),
(2129, 4, 40, 309, '', '', '', 'CHAPRA', 'চাপড়া', '25', 7010, 0, 0, 0, NULL, NULL),
(2130, 4, 40, 309, '', '', '', 'JADU BOYRA', 'যদুবয়রা', '34', NULL, 0, 0, 0, NULL, NULL),
(2131, 4, 40, 309, '', '', '', 'JAGANNATHPUR', 'জগন্নাথপুর', '43', 7010, 0, 0, 0, NULL, NULL),
(2132, 4, 40, 309, '', '', '', 'KAYA', 'কয়া', '51', 7010, 0, 0, 0, NULL, NULL),
(2133, 4, 40, 309, '', '', '', 'NANDALALPUR', 'নন্দলালপুর', '69', 7010, 0, 0, 0, NULL, NULL),
(2134, 4, 40, 309, '', '', '', 'PANTI', 'পান্টি', '77', 7010, 0, 0, 0, NULL, NULL),
(2135, 4, 40, 309, '', '', '', 'SADAKI', 'সদকী', '86', 7010, 0, 0, 0, NULL, NULL),
(2136, 4, 40, 309, '', '', '', 'SADIPUR', 'সাদীপুর', '90', 3120, 0, 0, 0, NULL, NULL),
(2137, 4, 40, 309, '', '', '', 'SHELAIDAHA', 'শিলাইদহ', '94', 7010, 0, 0, 0, NULL, NULL),
(2138, 4, 40, 310, '', '', '', 'ABDULPUR', 'আবদালপুর', '16', 5240, 0, 0, 0, NULL, NULL),
(2139, 4, 40, 310, '', '', '', 'AILCHARA', 'আইলচারা', '17', NULL, 0, 0, 0, NULL, NULL),
(2140, 4, 40, 310, '', '', '', 'ALAMPUR', 'আলামপুর', '18', 7000, 0, 0, 0, NULL, NULL),
(2141, 4, 40, 310, '', '', '', 'BARAKHADA', 'বারখাদা', '25', 7000, 0, 0, 0, NULL, NULL),
(2142, 4, 40, 310, '', '', '', 'GOSIND DURGAPUR', 'গোস্বামীদূর্গাপুর', '31', NULL, 0, 0, 0, NULL, NULL),
(2143, 4, 40, 310, '', '', '', 'HARINARAYANPUR', 'হরিনারায়ণপুর', '37', 7000, 0, 0, 0, NULL, NULL),
(2144, 4, 40, 310, '', '', '', 'HATAS HARIPUR', 'হাটশ হরিপুর', '44', NULL, 0, 0, 0, NULL, NULL),
(2145, 4, 40, 310, '', '', '', 'JAGATI', 'জাগাট', '50', 7000, 0, 0, 0, NULL, NULL),
(2146, 4, 40, 310, '', '', '', 'JIARAKHI', 'জিয়ারখি', '56', NULL, 0, 0, 0, NULL, NULL),
(2147, 4, 40, 310, '', '', '', 'JHAUDIA', 'ঝাউদিয়া', '63', 7000, 0, 0, 0, NULL, NULL),
(2148, 4, 40, 310, '', '', '', 'MAZAMPUR', 'মজমপুর', '75', 7000, 0, 0, 0, NULL, NULL),
(2149, 4, 40, 310, '', '', '', 'MANOHARDIA', 'মনোহরদিয়া', '82', 7000, 0, 0, 0, NULL, NULL),
(2150, 4, 40, 310, '', '', '', 'PAITKABARI', 'পাটিকাবাড়ী', '88', NULL, 0, 0, 0, NULL, NULL),
(2151, 4, 40, 310, '', '', '', 'UJANGRAM', 'উজানগ্রাম', '94', 7000, 0, 0, 0, NULL, NULL),
(2152, 4, 40, 311, '', '', '', 'AMBARIA', 'আমবাড়ীয়া', '13', 7021, 0, 0, 0, NULL, NULL),
(2153, 4, 40, 311, '', '', '', 'AMLA', 'আমলা', '14', 7030, 0, 0, 0, NULL, NULL),
(2154, 4, 40, 311, '', '', '', 'BAHALBARIA', 'বহলবাড়ীয়া', '21', 7030, 0, 0, 0, NULL, NULL),
(2155, 4, 40, 311, '', '', '', 'BARUI PARA', 'বারুইপাড়া', '29', NULL, 0, 0, 0, NULL, NULL),
(2156, 4, 40, 311, '', '', '', 'CHHATIAN', 'ছাতিয়ান', '36', 7030, 0, 0, 0, NULL, NULL),
(2157, 4, 40, 311, '', '', '', 'CHITHULIA', 'চিথলিয়া', '43', NULL, 0, 0, 0, NULL, NULL),
(2158, 4, 40, 311, '', '', '', 'DUBAIL', 'ধুবইল', '50', 1910, 0, 0, 0, NULL, NULL),
(2159, 4, 40, 311, '', '', '', 'KURSHA', 'কুর্শা', '58', 5420, 0, 0, 0, NULL, NULL),
(2160, 4, 40, 311, '', '', '', 'MALIHAD', 'মালিহাদ', '65', NULL, 0, 0, 0, NULL, NULL),
(2161, 4, 40, 311, '', '', '', 'FULBARIA', 'ফুলবাড়ীয়া', '73', 7030, 0, 0, 0, NULL, NULL),
(2162, 4, 40, 311, '', '', '', 'PORADAHA', 'পোড়াদহ', '80', 7030, 0, 0, 0, NULL, NULL),
(2163, 4, 40, 311, '', '', '', 'SARDARPUR', 'সদরপুর', '87', 7030, 0, 0, 0, NULL, NULL),
(2164, 4, 40, 311, '', '', '', 'TALBARIA', 'তালবাড়ীয়া', '', 7030, 0, 0, 0, NULL, NULL),
(2165, 4, 41, 312, '', '', '', 'ATHARAKHADA', 'আঠার খাদা', '21', NULL, 0, 0, 0, NULL, NULL),
(2166, 4, 41, 312, '', '', '', 'BIRAIL PALITA', 'বেরইল পলিতা', '23', NULL, 0, 0, 0, NULL, NULL),
(2167, 4, 41, 312, '', '', '', 'BAGIA', 'বগিয়া', '25', NULL, 0, 0, 0, NULL, NULL),
(2168, 4, 41, 312, '', '', '', 'CHAULIA', 'চাউলিয়া', '27', 7600, 0, 0, 0, NULL, NULL),
(2169, 4, 41, 312, '', '', '', 'GOPALGRAM', 'গোপালগ্রাম', '33', NULL, 0, 0, 0, NULL, NULL),
(2170, 4, 41, 312, '', '', '', 'HAZIPUR', 'হাজিপুর', '40', 7600, 0, 0, 0, NULL, NULL),
(2171, 4, 41, 312, '', '', '', 'HAZRAPUR', 'হাজরাপুর', '47', 7600, 0, 0, 0, NULL, NULL),
(2172, 4, 41, 312, '', '', '', 'JAGDAL', 'জগদল', '54', 7600, 0, 0, 0, NULL, NULL),
(2173, 4, 41, 312, '', '', '', 'KASUNDI', 'কছুন্দী', '61', NULL, 0, 0, 0, NULL, NULL),
(2174, 4, 41, 312, '', '', '', 'KUCHIAMORA', 'কুচিয়ামোড়া', '67', 7600, 0, 0, 0, NULL, NULL),
(2175, 4, 41, 312, '', '', '', 'MAGHI', 'মঘী', '74', NULL, 0, 0, 0, NULL, NULL),
(2176, 4, 41, 312, '', '', '', 'RAGHAB DAIR', 'রাঘব দাইড়', '88', NULL, 0, 0, 0, NULL, NULL),
(2177, 4, 41, 312, '', '', '', 'SATRUJITPUR', 'শত্রুজিতপুর', '94', 7600, 0, 0, 0, NULL, NULL),
(2178, 4, 41, 313, '', '', '', 'BABUKHALI', 'বাবু খালী', '10', 7630, 0, 0, 0, NULL, NULL),
(2179, 4, 41, 313, '', '', '', 'BALIDIA', 'বালিদিয়া', '21', 7630, 0, 0, 0, NULL, NULL),
(2180, 4, 41, 313, '', '', '', 'BINODEPUR', 'বিনোদপুর', '31', 7630, 0, 0, 0, NULL, NULL),
(2181, 4, 41, 313, '', '', '', 'DIGHA', 'দীঘা', '42', 7630, 0, 0, 0, NULL, NULL),
(2182, 4, 41, 313, '', '', '', 'MOHAMMADPUR', 'মহম্মদপুর ', '52', 7630, 0, 0, 0, NULL, NULL),
(2183, 4, 41, 313, '', '', '', 'NAHATA', 'নহাটা', '63', 7630, 0, 0, 0, NULL, NULL),
(2184, 4, 41, 313, '', '', '', 'PALASHBARIA', 'পলাশবাড়িয়া', '73', 7630, 0, 0, 0, NULL, NULL),
(2185, 4, 41, 313, '', '', '', 'RAJAPUR', 'রাজাপুর', '84', 7630, 0, 0, 0, NULL, NULL),
(2186, 4, 41, 314, '', '', '', 'ARPARA', 'আড়পাড়া', '11', 6620, 0, 0, 0, NULL, NULL),
(2187, 4, 41, 314, '', '', '', 'BUNAGATI', 'বুনাগাতী', '23', 6620, 0, 0, 0, NULL, NULL),
(2188, 4, 41, 314, '', '', '', 'DHANESHWARGATI', 'ধনেশ্বরগাতী', '35', 6620, 0, 0, 0, NULL, NULL),
(2189, 4, 41, 314, '', '', '', 'GANGARAMPUR', 'গংগারামপুর', '47', 6620, 0, 0, 0, NULL, NULL),
(2190, 4, 41, 314, '', '', '', 'SHALIKHA', 'শালিখা', '59', 6620, 0, 0, 0, NULL, NULL),
(2191, 4, 41, 314, '', '', '', 'SHATAKHALI', 'শতখালী', '71', 6620, 0, 0, 0, NULL, NULL),
(2192, 4, 41, 314, '', '', '', 'TALKHARI', 'তালখড়ি', '83', 6620, 0, 0, 0, NULL, NULL),
(2193, 4, 41, 315, '', '', '', 'AMALSAR', 'আমলসার', '10', NULL, 0, 0, 0, NULL, NULL),
(2194, 4, 41, 315, '', '', '', 'DARIAPUR', 'দ্বারিয়াপুর', '21', 7102, 0, 0, 0, NULL, NULL),
(2195, 4, 41, 315, '', '', '', 'GAYESHPUR', 'গয়েশপুর', '31', 7610, 0, 0, 0, NULL, NULL),
(2196, 4, 41, 315, '', '', '', 'KADIR PARA', 'কাদিরপাড়া', '42', NULL, 0, 0, 0, NULL, NULL),
(2197, 4, 41, 315, '', '', '', 'NAKOL', 'নাকোল', '52', 7610, 0, 0, 0, NULL, NULL),
(2198, 4, 41, 315, '', '', '', 'SABDALPUR', 'সব্দালপুর', '63', 7330, 0, 0, 0, NULL, NULL),
(2199, 4, 41, 315, '', '', '', 'SREEKOL', 'শ্রীকোল', '73', 7610, 0, 0, 0, NULL, NULL),
(2200, 4, 41, 315, '', '', '', 'SREEPUR', 'শ্রীপুর ', '84', 7610, 0, 0, 0, NULL, NULL),
(2201, 4, 42, 316, '', '', '', 'BAMANDI', 'বামন্দী', '10', NULL, 0, 0, 0, NULL, NULL),
(2202, 4, 42, 316, '', '', '', 'DHANKHOLA', 'ধানখোলা', '21', 7110, 0, 0, 0, NULL, NULL),
(2203, 4, 42, 316, '', '', '', 'KATHULI', 'কাথুলী', '42', 7110, 0, 0, 0, NULL, NULL),
(2204, 4, 42, 316, '', '', '', 'KAZIPUR', 'কাজিপুর', '52', 7110, 0, 0, 0, NULL, NULL),
(2205, 4, 42, 316, '', '', '', 'MATMURA', 'মটমুড়া', '63', NULL, 0, 0, 0, NULL, NULL),
(2206, 4, 42, 316, '', '', '', 'ROYPUR', 'রায়পুর', '69', 7110, 0, 0, 0, NULL, NULL),
(2207, 4, 42, 316, '', '', '', 'SHAHARBATI', 'সাহারবাটী', '73', 7110, 0, 0, 0, NULL, NULL),
(2208, 4, 42, 316, '', '', '', 'SHOLA TAKA', 'ষোলটাকা', '84', NULL, 0, 0, 0, NULL, NULL),
(2209, 4, 42, 316, '', '', '', 'TENTULBARIA', 'তেঁতুলবাড়ীয়া', '94', 7110, 0, 0, 0, NULL, NULL),
(2210, 4, 42, 317, '', '', '', 'BAGOAN', 'বাগোয়ান', '28', 7102, 0, 0, 0, NULL, NULL),
(2211, 4, 42, 317, '', '', '', 'DARIAPUR', 'দারিয়াপুর', '47', 7102, 0, 0, 0, NULL, NULL),
(2212, 4, 42, 317, '', '', '', 'MAHAJANPUR', 'মহাজনপুর', '76', NULL, 0, 0, 0, NULL, NULL),
(2213, 4, 42, 317, '', '', '', 'MONAKHALI', 'মোনাখালী', '85', 7102, 0, 0, 0, NULL, NULL),
(2214, 4, 42, 318, '', '', '', 'AMDA', 'আমদহ', '14', NULL, 0, 0, 0, NULL, NULL),
(2215, 4, 42, 318, '', '', '', 'AMJHUPI', 'আমঝুপি', '19', 7100, 0, 0, 0, NULL, NULL),
(2216, 4, 42, 318, '', '', '', 'BURIPOTA', 'বুড়িপোতা', '38', 7100, 0, 0, 0, NULL, NULL),
(2217, 4, 42, 318, '', '', '', 'KUTUBPUR', 'কুতবপুর', '57', 7100, 0, 0, 0, NULL, NULL),
(2218, 4, 42, 318, '', '', '', 'PIROJPUR', 'পিরোজপুর', '95', 7100, 0, 0, 0, NULL, NULL),
(2219, 4, 43, 319, '', '', '', 'BABRA HACHLA', 'বাবরা হাচলা', '13', NULL, 0, 0, 0, NULL, NULL),
(2220, 4, 43, 319, '', '', '', 'BORANAL ELIASABAD', 'বড়নাল ইলিয়াছাবাদ', '14', NULL, 0, 0, 0, NULL, NULL),
(2221, 4, 43, 319, '', '', '', 'BAUISENA', 'বাঐসোনা', '15', NULL, 0, 0, 0, NULL, NULL),
(2222, 4, 43, 319, '', '', '', 'HAMIDPUR', 'হামিদপুর', '23', 7520, 0, 0, 0, NULL, NULL),
(2223, 4, 43, 319, '', '', '', 'CHANCHARI', 'চাঁচুড়ী', '31', NULL, 0, 0, 0, NULL, NULL),
(2224, 4, 43, 319, '', '', '', 'JOYNAGAR', 'জয়নগর', '39', 9410, 0, 0, 0, NULL, NULL),
(2225, 4, 43, 319, '', '', '', 'KALABARIA', 'কলাবাড়ীয়া', '47', 7520, 0, 0, 0, NULL, NULL),
(2226, 4, 43, 319, '', '', '', 'KHASIAL', 'খাশিয়াল', '63', 7520, 0, 0, 0, NULL, NULL),
(2227, 4, 43, 319, '', '', '', 'MAULI', 'মাউলী', '71', 7520, 0, 0, 0, NULL, NULL),
(2228, 4, 43, 319, '', '', '', 'PAHARDANGA', 'পহরডাঙ্গা', '79', NULL, 0, 0, 0, NULL, NULL),
(2229, 4, 43, 319, '', '', '', 'PATCHGRAM', 'পাঁচগ্রাম', '83', NULL, 0, 0, 0, NULL, NULL),
(2230, 4, 43, 319, '', '', '', 'PERULI', 'পেড়লী', '87', NULL, 0, 0, 0, NULL, NULL),
(2231, 4, 43, 319, '', '', '', 'PURULIA', 'পুরুলিয়া', '94', 7520, 0, 0, 0, NULL, NULL),
(2232, 4, 43, 319, '', '', '', 'SALAMABAD', 'সালামাবাদ', '95', 7520, 0, 0, 0, NULL, NULL),
(2233, 4, 43, 320, '', '', '', 'DIGHALIA', 'দিঘলিয়া', '15', 7511, 0, 0, 0, NULL, NULL),
(2234, 4, 43, 320, '', '', '', 'ITNA', 'ইতনা', '18', 7511, 0, 0, 0, NULL, NULL),
(2235, 4, 43, 320, '', '', '', 'JOYPUR', 'জয়পুর', '23', 7511, 0, 0, 0, NULL, NULL),
(2236, 4, 43, 320, '', '', '', 'KASHIPUR', 'কাশিপুর', '31', 7511, 0, 0, 0, NULL, NULL),
(2237, 4, 43, 320, '', '', '', 'KOTAKUL', 'কোটাকোল', '39', NULL, 0, 0, 0, NULL, NULL),
(2238, 4, 43, 320, '', '', '', 'LAHURIA', 'লাহুড়িয়া', '47', NULL, 0, 0, 0, NULL, NULL),
(2239, 4, 43, 320, '', '', '', 'LAKSHMIPASHA', 'লক্ষীপাশা', '55', NULL, 0, 0, 0, NULL, NULL),
(2240, 4, 43, 320, '', '', '', 'LOHAGARA', 'লোহাগড়া', '63', 7511, 0, 0, 0, NULL, NULL),
(2241, 4, 43, 320, '', '', '', 'MALLIKPUR', 'মল্লিকপুর', '71', 7511, 0, 0, 0, NULL, NULL),
(2242, 4, 43, 320, '', '', '', 'NALDI', 'নলদী', '79', 7511, 0, 0, 0, NULL, NULL),
(2243, 4, 43, 320, '', '', '', 'NOAGRAM', 'নোয়াগ্রাম', '87', 7511, 0, 0, 0, NULL, NULL),
(2244, 4, 43, 320, '', '', '', 'SHALNAGAR', 'শালনগর', '94', 7511, 0, 0, 0, NULL, NULL),
(2245, 4, 43, 321, '', '', '', 'AURIA', 'আউড়িয়া', '11', 7500, 0, 0, 0, NULL, NULL),
(2246, 4, 43, 321, '', '', '', 'BANSHGRAM', 'বাঁশগ্রাম', '13', 7500, 0, 0, 0, NULL, NULL),
(2247, 4, 43, 321, '', '', '', 'BHADRABILA', 'ভদ্রবিলা', '20', 7500, 0, 0, 0, NULL, NULL),
(2248, 4, 43, 321, '', '', '', 'BICHHALI', 'বিছালী', '27', 7500, 0, 0, 0, NULL, NULL),
(2249, 4, 43, 321, '', '', '', 'CHANDIBARPUR', 'চন্ডিবরপুর', '33', 7500, 0, 0, 0, NULL, NULL),
(2250, 4, 43, 321, '', '', '', 'HABAKHALI', 'হবখালি', '40', 7500, 0, 0, 0, NULL, NULL),
(2251, 4, 43, 321, '', '', '', 'KALORA', 'কলোড়া', '47', 7500, 0, 0, 0, NULL, NULL),
(2252, 4, 43, 321, '', '', '', 'MAIJ PARA', 'মাইজপাড়া', '54', NULL, 0, 0, 0, NULL, NULL),
(2253, 4, 43, 321, '', '', '', 'MULIA', 'মুলিয়া', '61', 7500, 0, 0, 0, NULL, NULL),
(2254, 4, 43, 321, '', '', '', 'SAHABAD', 'শাহাবাদ', '74', 7500, 0, 0, 0, NULL, NULL),
(2255, 4, 43, 321, '', '', '', 'SHAIKHATI', 'শেখহাটি', '81', NULL, 0, 0, 0, NULL, NULL),
(2256, 4, 43, 321, '', '', '', 'SINGASOLPUR', 'সিঙ্গাশোলপুর', '88', NULL, 0, 0, 0, NULL, NULL),
(2257, 4, 43, 321, '', '', '', 'TULARAMPUR', 'তুলারামপুর', '94', 7500, 0, 0, 0, NULL, NULL),
(2258, 4, 44, 322, '', '', '', 'ANULIA', 'আনুলিয়া', '15', 9460, 0, 0, 0, NULL, NULL),
(2259, 4, 44, 322, '', '', '', 'ASSASUNI', 'আশাশুনি ', '17', 9460, 0, 0, 0, NULL, NULL),
(2260, 4, 44, 322, '', '', '', 'BARADAL', 'বড়দল', '25', 9460, 0, 0, 0, NULL, NULL),
(2261, 4, 44, 322, '', '', '', 'BUDHHATA', 'বুধহাটা', '34', NULL, 0, 0, 0, NULL, NULL),
(2262, 4, 44, 322, '', '', '', 'DURGAPUR', 'দরগাহপুর', '43', 5460, 0, 0, 0, NULL, NULL),
(2263, 4, 44, 322, '', '', '', 'KADAKATI', 'কাদাকাটি', '56', 9460, 0, 0, 0, NULL, NULL),
(2264, 4, 44, 322, '', '', '', 'KHAJRA', 'খাজরা', '60', 9460, 0, 0, 0, NULL, NULL),
(2265, 4, 44, 322, '', '', '', 'KULLA', 'কুল্যা', '69', 9460, 0, 0, 0, NULL, NULL),
(2266, 4, 44, 322, '', '', '', 'PRATAP NAGAR', 'প্রতাপনগর', '77', NULL, 0, 0, 0, NULL, NULL),
(2267, 4, 44, 322, '', '', '', 'SOBHNALI', 'শোভনালী', '86', 9460, 0, 0, 0, NULL, NULL),
(2268, 4, 44, 322, '', '', '', 'SREEULA', 'শ্রীউলা', '94', 9460, 0, 0, 0, NULL, NULL),
(2269, 4, 44, 323, '', '', '', 'DEBHATA', 'দেবহাটা ', '15', 9430, 0, 0, 0, NULL, NULL),
(2270, 4, 44, 323, '', '', '', 'KULIA', 'কুলিয়া', '31', 9430, 0, 0, 0, NULL, NULL),
(2271, 4, 44, 323, '', '', '', 'NOAPARA', 'নওয়াপাড়া', '47', 9430, 0, 0, 0, NULL, NULL),
(2272, 4, 44, 323, '', '', '', 'PARULIA', 'পারুলিয়া', '63', 9430, 0, 0, 0, NULL, NULL),
(2273, 4, 44, 323, '', '', '', 'SAKHIPUR', 'সখিপুর', '79', 9430, 0, 0, 0, NULL, NULL),
(2274, 4, 44, 324, '', '', '', 'CHANDANPUR', 'চন্দনপুর', '13', 9410, 0, 0, 0, NULL, NULL),
(2275, 4, 44, 324, '', '', '', 'DIARA', 'দেয়াড়া', '15', NULL, 0, 0, 0, NULL, NULL),
(2276, 4, 44, 324, '', '', '', 'LANGALJHARA', 'লাঙ্গলঝাড়া', '23', NULL, 0, 0, 0, NULL, NULL);
INSERT INTO `geo_unions` (`id`, `geo_division_id`, `geo_district_id`, `geo_upazila_id`, `division_bbs_code`, `district_bbs_code`, `upazila_bbs_code`, `union_name_eng`, `union_name_bng`, `bbs_code`, `postcode`, `status`, `created_by`, `modified_by`, `created_at`, `updated_at`) VALUES
(2277, 4, 44, 324, '', '', '', 'HELATALA', 'হেলাতলা', '31', NULL, 0, 0, 0, NULL, NULL),
(2278, 4, 44, 324, '', '', '', 'JALLABAD', 'জালালাবাদ', '39', NULL, 0, 0, 0, NULL, NULL),
(2279, 4, 44, 324, '', '', '', 'JOYNAGAR', 'জয়নগর', '47', 9410, 0, 0, 0, NULL, NULL),
(2280, 4, 44, 324, '', '', '', 'JOGIKHALI', 'যোগিখালী', '55', NULL, 0, 0, 0, NULL, NULL),
(2281, 4, 44, 324, '', '', '', 'KERAGACHHI', 'কেঁড়াগাছি', '63', NULL, 0, 0, 0, NULL, NULL),
(2282, 4, 44, 324, '', '', '', 'KERALKATA', 'কেরালকাতা', '71', 9410, 0, 0, 0, NULL, NULL),
(2283, 4, 44, 324, '', '', '', 'KUSHADANGA', 'কুশোডাঙ্গা', '79', 9410, 0, 0, 0, NULL, NULL),
(2284, 4, 44, 324, '', '', '', 'KAILA', 'কয়লা', '87', NULL, 0, 0, 0, NULL, NULL),
(2285, 4, 44, 324, '', '', '', 'SONABARIA', 'সোনাবাড়ীয়া', '94', 9410, 0, 0, 0, NULL, NULL),
(2286, 4, 44, 325, '', '', '', 'BHARA SIMLA', 'ভাড়াশিমলা', '13', NULL, 0, 0, 0, NULL, NULL),
(2287, 4, 44, 325, '', '', '', 'BISHNUPUR', 'বিষ্ণুপুর', '15', 9440, 0, 0, 0, NULL, NULL),
(2288, 4, 44, 325, '', '', '', 'CHAMPAPHUL', 'চাম্পাফুল', '23', 9440, 0, 0, 0, NULL, NULL),
(2289, 4, 44, 325, '', '', '', 'DAKSHIN SREEPUR', 'দক্ষিণ শ্রীপুর', '31', 3030, 0, 0, 0, NULL, NULL),
(2290, 4, 44, 325, '', '', '', 'DHALBARIA', 'ধলবাড়িয়া', '39', 9440, 0, 0, 0, NULL, NULL),
(2291, 4, 44, 325, '', '', '', 'KRISHNANAGAR', 'কৃষ্ণনগর', '47', 9440, 0, 0, 0, NULL, NULL),
(2292, 4, 44, 325, '', '', '', 'KUSHLIA', 'কুশুলিয়া', '55', 9440, 0, 0, 0, NULL, NULL),
(2293, 4, 44, 325, '', '', '', 'MATHURESHPUR', 'মথুরেশপুর', '63', 9440, 0, 0, 0, NULL, NULL),
(2294, 4, 44, 325, '', '', '', 'MAUTALA', 'মৌতলা', '71', NULL, 0, 0, 0, NULL, NULL),
(2295, 4, 44, 325, '', '', '', 'NALTA', 'নলতা', '79', 9440, 0, 0, 0, NULL, NULL),
(2296, 4, 44, 325, '', '', '', 'RATANPUR', 'রতনপুর', '87', 9440, 0, 0, 0, NULL, NULL),
(2297, 4, 44, 325, '', '', '', 'TARALI', 'তারালী', '94', 9440, 0, 0, 0, NULL, NULL),
(2298, 4, 44, 326, '', '', '', 'AGARDARI', 'আগরদাড়ী ', '13', NULL, 0, 0, 0, NULL, NULL),
(2299, 4, 44, 326, '', '', '', 'ALIPUR', 'আলিপুর ', '16', 9400, 0, 0, 0, NULL, NULL),
(2300, 4, 44, 326, '', '', '', 'BAIKARI', 'বৈকারী ', '20', NULL, 0, 0, 0, NULL, NULL),
(2301, 4, 44, 326, '', '', '', 'BALLI', 'বল্লী ', '27', NULL, 0, 0, 0, NULL, NULL),
(2302, 4, 44, 326, '', '', '', 'BANSHDAHA', 'বাঁশদহা ', '33', 9400, 0, 0, 0, NULL, NULL),
(2303, 4, 44, 326, '', '', '', 'BHOMRA', 'ভোমরা ', '40', 9400, 0, 0, 0, NULL, NULL),
(2304, 4, 44, 326, '', '', '', 'BRAHMA RAJPUR', 'ব্রক্ষ্মরাজপুর ', '47', NULL, 0, 0, 0, NULL, NULL),
(2305, 4, 44, 326, '', '', '', 'FINGRI', 'ফিংড়ী ', '51', 9400, 0, 0, 0, NULL, NULL),
(2306, 4, 44, 326, '', '', '', 'DHULIHAR', 'ধুলিহর ', '54', 9400, 0, 0, 0, NULL, NULL),
(2307, 4, 44, 326, '', '', '', 'GHONA', 'ঘোনা ', '61', 9400, 0, 0, 0, NULL, NULL),
(2308, 4, 44, 326, '', '', '', 'JHAUDANGA', 'ঝাউডাংগা ', '67', 9400, 0, 0, 0, NULL, NULL),
(2309, 4, 44, 326, '', '', '', 'KUSKHALI', 'কুশখালি ', '74', 9400, 0, 0, 0, NULL, NULL),
(2310, 4, 44, 326, '', '', '', 'LABSA', 'লাবসা ', '81', 9400, 0, 0, 0, NULL, NULL),
(2311, 4, 44, 326, '', '', '', 'SHIBPUR', 'শিবপুর ', '94', 9400, 0, 0, 0, NULL, NULL),
(2312, 4, 44, 327, '', '', '', 'ATULIA', 'আটুলিযা', '11', 9450, 0, 0, 0, NULL, NULL),
(2313, 4, 44, 327, '', '', '', 'BHURULIA', 'ভুরুলিয়া', '15', NULL, 0, 0, 0, NULL, NULL),
(2314, 4, 44, 327, '', '', '', 'BURI GOALINI', 'বুড়িগোয়ালিনী', '23', NULL, 0, 0, 0, NULL, NULL),
(2315, 4, 44, 327, '', '', '', 'GABURA', 'গাবুরা', '31', 9450, 0, 0, 0, NULL, NULL),
(2316, 4, 44, 327, '', '', '', 'ISHWARIPUR', 'ইশ্বরীপুর', '39', 9450, 0, 0, 0, NULL, NULL),
(2317, 4, 44, 327, '', '', '', 'KAIKHALI', 'কৈখালী', '47', NULL, 0, 0, 0, NULL, NULL),
(2318, 4, 44, 327, '', '', '', 'SATKHIRA RANGE (FLOATIN)', 'সাতক্ষীরা ', '97', NULL, 0, 0, 0, NULL, NULL),
(2319, 4, 44, 327, '', '', '', 'KASHIMARI', 'কাশিমাড়ী', '55', 9450, 0, 0, 0, NULL, NULL),
(2320, 4, 44, 327, '', '', '', 'MUNSHIGANJ', 'মুন্সিগঞ্জ', '63', 9450, 0, 0, 0, NULL, NULL),
(2321, 4, 44, 327, '', '', '', 'NURNAGAR', 'নূরনগর', '71', 9450, 0, 0, 0, NULL, NULL),
(2322, 4, 44, 327, '', '', '', 'PADMA PUKUR', 'পদ্মপুকুর', '79', NULL, 0, 0, 0, NULL, NULL),
(2323, 4, 44, 327, '', '', '', 'RAMJAN NAGAR', 'রমজাননগর', '87', NULL, 0, 0, 0, NULL, NULL),
(2324, 4, 44, 327, '', '', '', 'SHYAMNAGAR', 'শ্যামনগর ', '94', 9450, 0, 0, 0, NULL, NULL),
(2325, 4, 44, 328, '', '', '', 'DHANDIA', 'ধানদিয়া', '11', 9420, 0, 0, 0, NULL, NULL),
(2326, 4, 44, 328, '', '', '', 'ISLAMKATI', 'ইসলামকাটি', '15', 9420, 0, 0, 0, NULL, NULL),
(2327, 4, 44, 328, '', '', '', 'JALALPUR', 'জালালপুর', '23', 9420, 0, 0, 0, NULL, NULL),
(2328, 4, 44, 328, '', '', '', 'KHALILNAGAR', 'খলিলনগর', '31', 9420, 0, 0, 0, NULL, NULL),
(2329, 4, 44, 328, '', '', '', 'KHALISHKHALI', 'খলিশখালী', '39', NULL, 0, 0, 0, NULL, NULL),
(2330, 4, 44, 328, '', '', '', 'KHESRA', 'খেশরা', '47', 9420, 0, 0, 0, NULL, NULL),
(2331, 4, 44, 328, '', '', '', 'KUMIRA', 'কুমিরা', '55', 9420, 0, 0, 0, NULL, NULL),
(2332, 4, 44, 328, '', '', '', 'MAGURA', 'মাগুরা', '63', 9420, 0, 0, 0, NULL, NULL),
(2333, 4, 44, 328, '', '', '', 'NAGARGHATA', 'নগরঘাটা', '71', 9420, 0, 0, 0, NULL, NULL),
(2334, 4, 44, 328, '', '', '', 'SARULIA', 'সরুলিয়া', '79', 9420, 0, 0, 0, NULL, NULL),
(2335, 4, 44, 328, '', '', '', 'TALA', 'তালা ', '87', 9420, 0, 0, 0, NULL, NULL),
(2336, 4, 44, 328, '', '', '', 'TENTULIA', 'তেতুলিয়া', '94', 9420, 0, 0, 0, NULL, NULL),
(2337, 2, 7, 40, '', '', '', 'ALIKADAM', 'আলীকদম ', '31', 4650, 0, 0, 0, NULL, NULL),
(2338, 2, 7, 40, '', '', '', 'CHOKHYONG', 'চৈক্ষ্যং', '63', 4650, 0, 0, 0, NULL, NULL),
(2339, 2, 7, 41, '', '', '', 'BANDARBAN', 'বান্দরবান', '15', 4600, 0, 0, 0, NULL, NULL),
(2340, 2, 7, 41, '', '', '', 'KUHALONG', 'কুহালং', '31', 4600, 0, 0, 0, NULL, NULL),
(2341, 2, 7, 41, '', '', '', 'RAJBILA', 'রাজবিলা', '47', NULL, 0, 0, 0, NULL, NULL),
(2342, 2, 7, 41, '', '', '', 'SUWALAK', 'সুয়ালক', '63', NULL, 0, 0, 0, NULL, NULL),
(2343, 2, 7, 41, '', '', '', 'TANKABATI', 'টংকাবতী', '79', 4600, 0, 0, 0, NULL, NULL),
(2344, 2, 7, 42, '', '', '', 'AZIZNAGAR', 'আজিজনগর', '15', 4640, 0, 0, 0, NULL, NULL),
(2345, 2, 7, 42, '', '', '', 'FAITANG', 'ফাইতং', '27', NULL, 0, 0, 0, NULL, NULL),
(2346, 2, 7, 42, '', '', '', 'FASYAKHALI', 'ফাসিঁয়াখালী', '31', 4640, 0, 0, 0, NULL, NULL),
(2347, 2, 7, 42, '', '', '', 'GAJALIA', 'গজালিয়া', '47', 4640, 0, 0, 0, NULL, NULL),
(2348, 2, 7, 42, '', '', '', 'LAMA', 'লামা', '63', 4640, 0, 0, 0, NULL, NULL),
(2349, 2, 7, 42, '', '', '', 'RUPSHIPARA', 'রুপসীপাড়া', '68', NULL, 0, 0, 0, NULL, NULL),
(2350, 2, 7, 42, '', '', '', 'SARAI', 'সরই', '79', 5440, 0, 0, 0, NULL, NULL),
(2351, 2, 7, 43, '', '', '', 'BAISHARI', 'বাইশরী', '19', 4660, 0, 0, 0, NULL, NULL),
(2352, 2, 7, 43, '', '', '', 'DOCHHARI', 'দোছড়ী', '38', 4660, 0, 0, 0, NULL, NULL),
(2353, 2, 7, 43, '', '', '', 'GHUMDUM', 'ঘুমধুম', '57', NULL, 0, 0, 0, NULL, NULL),
(2354, 2, 7, 43, '', '', '', 'NAIKHONGCHHARI', 'নাইক্ষ্যংছড়ি', '76', 4660, 0, 0, 0, NULL, NULL),
(2355, 2, 7, 43, '', '', '', 'SONAICHHARI', 'সোনাইছড়ি', '87', 4310, 0, 0, 0, NULL, NULL),
(2356, 2, 7, 44, '', '', '', 'ALIKHONG', 'আলেক্ষ্যং', '19', 4610, 0, 0, 0, NULL, NULL),
(2357, 2, 7, 44, '', '', '', 'NOWA PATANG', 'নয়াপতং', '38', 4610, 0, 0, 0, NULL, NULL),
(2358, 2, 7, 44, '', '', '', 'ROWANGCHHARI', 'রোয়াংছড়ি', '57', 4610, 0, 0, 0, NULL, NULL),
(2359, 2, 7, 44, '', '', '', 'TARACHHA', 'তারাছা', '76', 4610, 0, 0, 0, NULL, NULL),
(2360, 2, 7, 45, '', '', '', 'GHALANGYA', 'গালেংগ্যা', '19', NULL, 0, 0, 0, NULL, NULL),
(2361, 2, 7, 45, '', '', '', 'PAINDU', 'পাইন্দু', '38', 4620, 0, 0, 0, NULL, NULL),
(2362, 2, 7, 45, '', '', '', 'REMAKRI PRANSA', 'রেমাক্রী প্রাংসা', '57', NULL, 0, 0, 0, NULL, NULL),
(2363, 2, 7, 45, '', '', '', 'RUMA', 'রুমা ', '76', 4620, 0, 0, 0, NULL, NULL),
(2364, 2, 7, 46, '', '', '', 'BALIPARA', 'বলিপাড়া', '19', NULL, 0, 0, 0, NULL, NULL),
(2365, 2, 7, 46, '', '', '', 'REMAKRY', 'রেমাক্রী', '38', NULL, 0, 0, 0, NULL, NULL),
(2366, 2, 7, 46, '', '', '', 'THANCHI', 'থানচি', '57', 4630, 0, 0, 0, NULL, NULL),
(2367, 2, 7, 46, '', '', '', 'TINDU', 'তিন্দু', '76', 4630, 0, 0, 0, NULL, NULL),
(2368, 2, 8, 47, '', '', '', 'DAKSHIN AKHAURA', 'আখাউড়া দক্ষিণ', '19', 3450, 0, 0, 0, NULL, NULL),
(2369, 2, 8, 47, '', '', '', 'DHARKHAR', 'ধরখার', '57', 3450, 0, 0, 0, NULL, NULL),
(2370, 2, 8, 47, '', '', '', 'MANIAND', 'মনিয়ন্ধ', '76', 3450, 0, 0, 0, NULL, NULL),
(2371, 2, 8, 47, '', '', '', 'MOGRA', 'মোগড়া', '85', 3450, 0, 0, 0, NULL, NULL),
(2372, 2, 8, 47, '', '', '', 'UTTAR AKHAURA', 'আখাউড়া উত্তর', '90', 3450, 0, 0, 0, NULL, NULL),
(2373, 2, 8, 48, '', '', '', 'AYUBPUR', 'আইযুবপুর', '14', 1620, 0, 0, 0, NULL, NULL),
(2374, 2, 8, 48, '', '', '', 'DARIADAULAT', 'দরিয়াদৌলত', '23', 3420, 0, 0, 0, NULL, NULL),
(2375, 2, 8, 48, '', '', '', 'PAHARIAKANDI', 'পাহাড়িয়াকান্দি', '30', 3420, 0, 0, 0, NULL, NULL),
(2376, 2, 8, 48, '', '', '', 'SAIFULLAKANDI', 'ছয়ফুল্লাকান্দি(পঃ)', '36', NULL, 0, 0, 0, NULL, NULL),
(2377, 2, 8, 48, '', '', '', 'RUPASDI', 'রূপসদী', '45', NULL, 0, 0, 0, NULL, NULL),
(2378, 2, 8, 48, '', '', '', 'MANIKPUR', 'মানিকপুর', '54', 3190, 0, 0, 0, NULL, NULL),
(2379, 2, 8, 48, '', '', '', 'DARIKANDI', 'দরিকান্দি', '59', NULL, 0, 0, 0, NULL, NULL),
(2380, 2, 8, 48, '', '', '', 'FARDABAD', 'ফরদাবাদ', '68', NULL, 0, 0, 0, NULL, NULL),
(2381, 2, 8, 48, '', '', '', 'UJAN CHAR', 'উজানচর', '77', NULL, 0, 0, 0, NULL, NULL),
(2382, 2, 8, 48, '', '', '', 'SALIMABAD', 'ছলিমাবাদ', '81', 3420, 0, 0, 0, NULL, NULL),
(2383, 2, 8, 48, '', '', '', 'SONARAMPUR', 'সোনারামপুর', '83', 3420, 0, 0, 0, NULL, NULL),
(2384, 2, 8, 48, '', '', '', 'TEZKHALI', 'তেজখালি', '88', 3420, 0, 0, 0, NULL, NULL),
(2385, 2, 8, 48, '', '', '', 'BANCHHARAMPUR', 'বাঞ্ছারামপুর ', '94', NULL, 0, 0, 0, NULL, NULL),
(2386, 2, 8, 49, '', '', '', 'BUDHANTI', 'বৃধমিত্ম', '28', 3400, 0, 0, 0, NULL, NULL),
(2387, 2, 8, 49, '', '', '', 'CHANDURA', 'চান্দুরা', '32', 3400, 0, 0, 0, NULL, NULL),
(2388, 2, 8, 49, '', '', '', 'CHAR ISLMAPUR', 'চর ইসলামপুর', '36', NULL, 0, 0, 0, NULL, NULL),
(2389, 2, 8, 49, '', '', '', 'CHAMPAKNAGAR', 'চম্পকনগর', '43', NULL, 0, 0, 0, NULL, NULL),
(2390, 2, 8, 49, '', '', '', 'DAKSHIN SINGERBIL', 'সিঙ্গারবিল (দঃ)', '52', 3400, 0, 0, 0, NULL, NULL),
(2391, 2, 8, 49, '', '', '', 'HARASHPUR', 'হরষপুর', '56', 3400, 0, 0, 0, NULL, NULL),
(2392, 2, 8, 49, '', '', '', 'PAHARPUR', 'পাহাড়পুর', '66', 3400, 0, 0, 0, NULL, NULL),
(2393, 2, 8, 49, '', '', '', 'PATTAN', 'পত্তন', '72', 3400, 0, 0, 0, NULL, NULL),
(2394, 2, 8, 49, '', '', '', 'UTTAR ICHHAPUR', 'ইছাপুরা (উঃ)', '91', 3400, 0, 0, 0, NULL, NULL),
(2395, 2, 8, 49, '', '', '', 'BISHNUPUR', 'বিষ্ণুপুর', '96', 9440, 0, 0, 0, NULL, NULL),
(2396, 2, 8, 50, '', '', '', 'BASUDEB', ' বাসুদেব', '17', 3400, 0, 0, 0, NULL, NULL),
(2397, 2, 8, 50, '', '', '', 'DAKSHIN NATAI', 'নাটাই (দক্ষিণ', '48', 3400, 0, 0, 0, NULL, NULL),
(2398, 2, 8, 50, '', '', '', 'SHUHILPUR', 'সুহিলপুর', '50', NULL, 0, 0, 0, NULL, NULL),
(2399, 2, 8, 50, '', '', '', 'MACHHIHATA', 'মাছিহাতা', '59', 3400, 0, 0, 0, NULL, NULL),
(2400, 2, 8, 50, '', '', '', 'MAJLISHPUR', 'মজলিশপুর', '61', 3400, 0, 0, 0, NULL, NULL),
(2401, 2, 8, 50, '', '', '', 'PURBA TALSAHAR', 'তালশহর(পূর্ব)', '81', 3400, 0, 0, 0, NULL, NULL),
(2402, 2, 8, 50, '', '', '', 'RAMRAIL', 'রামরাইল ', '83', 3400, 0, 0, 0, NULL, NULL),
(2403, 2, 8, 50, '', '', '', 'SADEKPUR', 'সাদেকপুর', '86', 3400, 0, 0, 0, NULL, NULL),
(2404, 2, 8, 50, '', '', '', 'SULTANPUR', 'সুলতানপুর', '88', 3190, 0, 0, 0, NULL, NULL),
(2405, 2, 8, 50, '', '', '', 'UTTAR NATAI', 'নাটাই (উত্তর)', '93', 3400, 0, 0, 0, NULL, NULL),
(2406, 2, 8, 50, '', '', '', 'BUDHAL', 'বুধল', '94', 3400, 0, 0, 0, NULL, NULL),
(2407, 2, 8, 51, '', '', '', 'ARAISIDHA', 'আড়াইসিধা', '12', 3400, 0, 0, 0, NULL, NULL),
(2408, 2, 8, 51, '', '', '', 'ASHUGANG', 'আশুগঞ্জ', '14', NULL, 0, 0, 0, NULL, NULL),
(2409, 2, 8, 51, '', '', '', 'CHAR CHARTALA', 'চরচারতলা', '26', 3400, 0, 0, 0, NULL, NULL),
(2410, 2, 8, 51, '', '', '', 'DURGAPUR', 'দূর্গাপুর', '38', 5460, 0, 0, 0, NULL, NULL),
(2411, 2, 8, 51, '', '', '', 'LALPUR', 'লালপুর', '42', 3400, 0, 0, 0, NULL, NULL),
(2412, 2, 8, 51, '', '', '', 'PASCHIM TALSAHAR', 'পশ্চিম তালশহর ', '74', NULL, 0, 0, 0, NULL, NULL),
(2413, 2, 8, 51, '', '', '', 'SHARIFPUR', 'শরিফপুর', '77', 3230, 0, 0, 0, NULL, NULL),
(2414, 2, 8, 51, '', '', '', 'TARUA', 'তারুয়া', '83', NULL, 0, 0, 0, NULL, NULL),
(2415, 2, 8, 52, '', '', '', 'BADAIR', 'বাদৈর ', '18', 3460, 0, 0, 0, NULL, NULL),
(2416, 2, 8, 52, '', '', '', 'BAYEK', 'বায়েক', '31', 3460, 0, 0, 0, NULL, NULL),
(2417, 2, 8, 52, '', '', '', 'BINAUTI', 'বিনাউটি  ', '37', 3460, 0, 0, 0, NULL, NULL),
(2418, 2, 8, 52, '', '', '', 'GOPINATHPUR', 'গোপীনাথপুর', '50', 3460, 0, 0, 0, NULL, NULL),
(2419, 2, 8, 52, '', '', '', 'KAIMPUR', 'কায়েমপুর', '56', NULL, 0, 0, 0, NULL, NULL),
(2420, 2, 8, 52, '', '', '', 'KASBA PASCHIM', 'কসবা পশ্চিম', '63', NULL, 0, 0, 0, NULL, NULL),
(2421, 2, 8, 52, '', '', '', 'KHERERA', 'খাড়েরা  ', '65', NULL, 0, 0, 0, NULL, NULL),
(2422, 2, 8, 52, '', '', '', 'KUTI', 'কুটি', '69', 3460, 0, 0, 0, NULL, NULL),
(2423, 2, 8, 52, '', '', '', 'MEHARI', 'মেহারী', '82', 3460, 0, 0, 0, NULL, NULL),
(2424, 2, 8, 52, '', '', '', 'MULGRAM', 'মূলগ্রাম', '94', 3460, 0, 0, 0, NULL, NULL),
(2425, 2, 8, 53, '', '', '', 'BARIKANDI', 'বড়িকান্দি', '12', 3410, 0, 0, 0, NULL, NULL),
(2426, 2, 8, 53, '', '', '', 'BIDDYAKUT', 'বিদ্যাকুট', '13', 3410, 0, 0, 0, NULL, NULL),
(2427, 2, 8, 53, '', '', '', 'BIRGAON', 'বীরগাঁও', '18', 3410, 0, 0, 0, NULL, NULL),
(2428, 2, 8, 53, '', '', '', 'BITGHAR (TIARA)', 'বিটঘর', '22', NULL, 0, 0, 0, NULL, NULL),
(2429, 2, 8, 53, '', '', '', 'IBRAHIMPUR', 'ইব্রাহিমপুর', '27', 3410, 0, 0, 0, NULL, NULL),
(2430, 2, 8, 53, '', '', '', 'JUNEDPUR', 'জিনোদপুর', '36', NULL, 0, 0, 0, NULL, NULL),
(2431, 2, 8, 53, '', '', '', 'KAITALA DAKSHIN', 'কাইতলা দক্ষিন', '40', NULL, 0, 0, 0, NULL, NULL),
(2432, 2, 8, 53, '', '', '', 'KAITALA UTTAR', 'কাইতলা উত্তর', '42', NULL, 0, 0, 0, NULL, NULL),
(2433, 2, 8, 53, '', '', '', 'KRISHNANAGAR', 'কৃষ্ণনগর', '45', 9440, 0, 0, 0, NULL, NULL),
(2434, 2, 8, 53, '', '', '', 'LAUR FATEHPUR', 'লাউর ফতেপুর', '47', 3410, 0, 0, 0, NULL, NULL),
(2435, 2, 8, 53, '', '', '', 'NATGHAR', 'নাটঘর', '58', 3410, 0, 0, 0, NULL, NULL),
(2436, 2, 8, 53, '', '', '', 'PASCHIM NABINAGAR', 'পশ্চিম নবীনগর', '60', 3410, 0, 0, 0, NULL, NULL),
(2437, 2, 8, 53, '', '', '', 'PURBA NABINAGAR', 'পূর্ব নবীনগর', '62', 3410, 0, 0, 0, NULL, NULL),
(2438, 2, 8, 53, '', '', '', 'RASULLABAD', 'রাসুল্লাবাদ', '67', 3410, 0, 0, 0, NULL, NULL),
(2439, 2, 8, 53, '', '', '', 'RATANPUR', 'রতনপুর', '72', 9440, 0, 0, 0, NULL, NULL),
(2440, 2, 8, 53, '', '', '', 'SALIMGANJ', 'ছলিমগঞ্জ', '75', 3410, 0, 0, 0, NULL, NULL),
(2441, 2, 8, 53, '', '', '', 'BARAIL', 'বড়াইল', '81', 3410, 0, 0, 0, NULL, NULL),
(2442, 2, 8, 53, '', '', '', 'SATMURA', 'সাতমোড়া', '83', 3410, 0, 0, 0, NULL, NULL),
(2443, 2, 8, 53, '', '', '', 'SHIBPUR', 'শিবপুর', '86', 9400, 0, 0, 0, NULL, NULL),
(2444, 2, 8, 53, '', '', '', 'SHYAMGRAM', 'শ্যামগ্রাম', '88', 3410, 0, 0, 0, NULL, NULL),
(2445, 2, 8, 53, '', '', '', 'SREERAMPUR', 'শ্রীরামপুর', '90', 3410, 0, 0, 0, NULL, NULL),
(2446, 2, 8, 54, '', '', '', 'BURISHWAR', 'বুড়িশ্বর', '14', 3410, 0, 0, 0, NULL, NULL),
(2447, 2, 8, 54, '', '', '', 'BOLAKOT', 'ভলাকুট', '17', 3410, 0, 0, 0, NULL, NULL),
(2448, 2, 8, 54, '', '', '', 'CHAPARTALA', 'চাপরতলা', '21', 3410, 0, 0, 0, NULL, NULL),
(2449, 2, 8, 54, '', '', '', 'CHATALPAR', 'চাতলপাড়', '29', 3410, 0, 0, 0, NULL, NULL),
(2450, 2, 8, 54, '', '', '', 'DHAR MANDAL', 'ধরমন্ডল', '36', 3410, 0, 0, 0, NULL, NULL),
(2451, 2, 8, 54, '', '', '', 'FANDAUK', 'ফান্দাউক', '43', 3410, 0, 0, 0, NULL, NULL),
(2452, 2, 8, 54, '', '', '', 'GOALNAGAR', 'গোয়ালনগর', '51', 3410, 0, 0, 0, NULL, NULL),
(2453, 2, 8, 54, '', '', '', 'GOKARNA', 'গোকর্ণ', '58', 3410, 0, 0, 0, NULL, NULL),
(2454, 2, 8, 54, '', '', '', 'GUNIAK', 'গুনিয়াউক', '65', NULL, 0, 0, 0, NULL, NULL),
(2455, 2, 8, 54, '', '', '', 'HARIPUR', 'হরিপুর', '73', 5130, 0, 0, 0, NULL, NULL),
(2456, 2, 8, 54, '', '', '', 'KUNDA', 'কুন্ডা', '80', 3410, 0, 0, 0, NULL, NULL),
(2457, 2, 8, 54, '', '', '', 'NASIRNAGAR', 'নাসিরনগর', '87', 3410, 0, 0, 0, NULL, NULL),
(2458, 2, 8, 54, '', '', '', 'PURBABAGH', 'পূর্বভাগ', '94', 3410, 0, 0, 0, NULL, NULL),
(2459, 2, 8, 55, '', '', '', 'AORAIL', 'অরুয়াইল', '13', NULL, 0, 0, 0, NULL, NULL),
(2460, 2, 8, 55, '', '', '', 'CHUNTA', 'চুন্টা ', '19', 3430, 0, 0, 0, NULL, NULL),
(2461, 2, 8, 55, '', '', '', 'KALIKACHCHHA', 'কালীকচ্ছ', '28', 3430, 0, 0, 0, NULL, NULL),
(2462, 2, 8, 55, '', '', '', 'NOAGAON', 'নোয়াগাো', '38', 3430, 0, 0, 0, NULL, NULL),
(2463, 2, 8, 55, '', '', '', 'PAK SHIMUL', 'পাকশিমূল', '47', NULL, 0, 0, 0, NULL, NULL),
(2464, 2, 8, 55, '', '', '', 'SARAIL', 'সরাইল', '76', 3430, 0, 0, 0, NULL, NULL),
(2465, 2, 8, 55, '', '', '', 'SHAHBAZPUR', 'শাহবাজপুর', '85', 3430, 0, 0, 0, NULL, NULL),
(2466, 2, 8, 55, '', '', '', 'SHAHJADAPUR', 'শাহজাদাপুর', '90', 3430, 0, 0, 0, NULL, NULL),
(2467, 2, 8, 55, '', '', '', 'UTTAR PANISAR', 'পানিশ্বর', '94', NULL, 0, 0, 0, NULL, NULL),
(2468, 2, 9, 56, '', '', '', 'ASHIKATI', 'আশিকাটি', '18', 3600, 0, 0, 0, NULL, NULL),
(2469, 2, 9, 56, '', '', '', 'KALYANPUR', 'কল্যানপুর', '20', 3600, 0, 0, 0, NULL, NULL),
(2470, 2, 9, 56, '', '', '', 'BAGHADI', 'বাগাদী', '22', 3600, 0, 0, 0, NULL, NULL),
(2471, 2, 9, 56, '', '', '', 'BALIA', 'বালিয়া', '27', 5100, 0, 0, 0, NULL, NULL),
(2472, 2, 9, 56, '', '', '', 'BISHNUPUR', 'বিষ্ণুপুর', '31', 9440, 0, 0, 0, NULL, NULL),
(2473, 2, 9, 56, '', '', '', 'CHANDRA', 'চান্দ্রা', '54', 7830, 0, 0, 0, NULL, NULL),
(2474, 2, 9, 56, '', '', '', 'HANAR CHAR', 'হানারচর', '58', 3600, 0, 0, 0, NULL, NULL),
(2475, 2, 9, 56, '', '', '', 'IBRAHIMPUR', 'ইব্রাহীমপুর', '63', 3410, 0, 0, 0, NULL, NULL),
(2476, 2, 9, 56, '', '', '', 'MAISHADI', 'মৈশাদী', '67', 3600, 0, 0, 0, NULL, NULL),
(2477, 2, 9, 56, '', '', '', 'RAJRAJESHWAR', 'রাজরাজেশ্বর', '76', 3600, 0, 0, 0, NULL, NULL),
(2478, 2, 9, 56, '', '', '', 'SHAH MAHMUDPUR', 'শাহমাহমুদপুর', '81', 3600, 0, 0, 0, NULL, NULL),
(2479, 2, 9, 56, '', '', '', 'RAMPUR', 'রামপুর', '85', 5250, 0, 0, 0, NULL, NULL),
(2480, 2, 9, 56, '', '', '', 'LAKSHMIPUR MODEL', 'লক্ষ্মীপুর মডেল', '90', NULL, 0, 0, 0, NULL, NULL),
(2481, 2, 9, 56, '', '', '', 'TARPUR CHANDI', 'তরপুরচন্ডী', '94', 3600, 0, 0, 0, NULL, NULL),
(2482, 2, 9, 57, '', '', '', 'PASCHIM BALUTHUPA', 'বালিথুবা(পঃ)', '11', NULL, 0, 0, 0, NULL, NULL),
(2483, 2, 9, 57, '', '', '', 'PURBA BALUTHUPA', 'বালিথুবা(পূর্ব)', '13', NULL, 0, 0, 0, NULL, NULL),
(2484, 2, 9, 57, '', '', '', 'PURBA CHAR DUKHIA', ' চরদুঃখিয়া(পূর্ব)', '17', 3650, 0, 0, 0, NULL, NULL),
(2485, 2, 9, 57, '', '', '', 'PASCHIM CHAR DUKHIA', 'চরদুঃখিয়া(পঃ)', '23', 3650, 0, 0, 0, NULL, NULL),
(2486, 2, 9, 57, '', '', '', 'DAKSHIN FARIDGANJ', 'ফরিদগঞ্জ (দঃ)', '35', 3650, 0, 0, 0, NULL, NULL),
(2487, 2, 9, 57, '', '', '', 'UTTAR GOBINDAPUR', 'গোবিন্দপুর(উঃ)', '41', 3650, 0, 0, 0, NULL, NULL),
(2488, 2, 9, 57, '', '', '', 'DAKSHIN GOBINDAPUR', 'গোবিন্দপুর(দঃ)', '47', 3650, 0, 0, 0, NULL, NULL),
(2489, 2, 9, 57, '', '', '', 'PURBA GUPTI', 'গুপ্টি(পূর্ব)', '53', 3650, 0, 0, 0, NULL, NULL),
(2490, 2, 9, 57, '', '', '', 'PASCHIM GUPTI', 'গুপ্টি(পঃ)', '59', 3650, 0, 0, 0, NULL, NULL),
(2491, 2, 9, 57, '', '', '', 'UTTAR PAIKPARA', 'পাইকপাড়া(উঃ)', '65', 3650, 0, 0, 0, NULL, NULL),
(2492, 2, 9, 57, '', '', '', 'DAKSHIN PAIK PARA', 'পাইকপাড়া(দঃ)', '71', 3650, 0, 0, 0, NULL, NULL),
(2493, 2, 9, 57, '', '', '', 'UTTAR RUPSA', 'রূপসা (উঃ)', '77', 3650, 0, 0, 0, NULL, NULL),
(2494, 2, 9, 57, '', '', '', 'DAKSHIN RUPSA', 'রূপসা(দঃ)', '83', 3650, 0, 0, 0, NULL, NULL),
(2495, 2, 9, 57, '', '', '', 'PURBA SUBIDPUR', 'সুবিদপুর(পূর্ব)', '89', 3650, 0, 0, 0, NULL, NULL),
(2496, 2, 9, 57, '', '', '', 'PASCHIM SUBIDPUR', 'সুবিদপুর(পঃ)', '95', 3650, 0, 0, 0, NULL, NULL),
(2497, 2, 9, 58, '', '', '', 'UTTAR ALGI DURGAPUR', 'আলগী দূর্গাপুর (উঃ)', '11', 3660, 0, 0, 0, NULL, NULL),
(2498, 2, 9, 58, '', '', '', 'DAKSHIN ALGI DURGAPUR', 'আলগী দূর্গাপুর (দঃ)', '23', 3660, 0, 0, 0, NULL, NULL),
(2499, 2, 9, 58, '', '', '', 'CHAR BHAIRABI', 'চরভৈরবী', '35', 3660, 0, 0, 0, NULL, NULL),
(2500, 2, 9, 58, '', '', '', 'HAIM CHAR', 'হাইমচর', '47', 3660, 0, 0, 0, NULL, NULL),
(2501, 2, 9, 58, '', '', '', 'GAZIPUR', 'গাজীপুর', '59', 3320, 0, 0, 0, NULL, NULL),
(2502, 2, 9, 58, '', '', '', 'NILKAMAL', 'নীলকমল', '71', 8340, 0, 0, 0, NULL, NULL),
(2503, 2, 9, 59, '', '', '', 'PURBA BARKUL', 'বড়কুল পূর্ব', '18', NULL, 0, 0, 0, NULL, NULL),
(2504, 2, 9, 59, '', '', '', 'PASCHIM BARKUL', 'বড়কুল পশ্চিম', '20', NULL, 0, 0, 0, NULL, NULL),
(2505, 2, 9, 59, '', '', '', 'UTTAR GANDHARABPUR', 'গর্ন্ধব্যপুর উত্তর', '25', 3610, 0, 0, 0, NULL, NULL),
(2506, 2, 9, 59, '', '', '', 'DAKSHIN GANDHARBAPUR', 'গর্ন্ধব্যপুর দক্ষিন ', '30', 3610, 0, 0, 0, NULL, NULL),
(2507, 2, 9, 59, '', '', '', 'HAJIGANJ', 'হাজীগঞ্জ', '35', 3610, 0, 0, 0, NULL, NULL),
(2508, 2, 9, 59, '', '', '', 'UTTAR KALOCHO', 'কালচোঁ উত্তর', '50', 3610, 0, 0, 0, NULL, NULL),
(2509, 2, 9, 59, '', '', '', 'DADOSH', ' দ্বাদশ', '28', NULL, 0, 0, 0, NULL, NULL),
(2510, 2, 9, 59, '', '', '', 'DAKSHIN KALOCHO', 'কালচোঁ দক্ষিন', '55', 3610, 0, 0, 0, NULL, NULL),
(2511, 2, 9, 59, '', '', '', 'PACHIM HATILA', 'হাটিলা পশ্চিম', '60', NULL, 0, 0, 0, NULL, NULL),
(2512, 2, 9, 59, '', '', '', 'HATILA PURBA', 'হাটিলা পূর্ব', '65', 3610, 0, 0, 0, NULL, NULL),
(2513, 2, 9, 59, '', '', '', 'UTTAR RAJARGAON', 'রাজারগাঁও উত্তর', '70', NULL, 0, 0, 0, NULL, NULL),
(2514, 2, 9, 59, '', '', '', 'BAKILA', 'বাকিলা', '75', NULL, 0, 0, 0, NULL, NULL),
(2515, 2, 9, 60, '', '', '', 'ASHRAFPUR', 'আশ্রাফপুর', '13', 3630, 0, 0, 0, NULL, NULL),
(2516, 2, 9, 60, '', '', '', 'BITARA', 'বিতারা', '15', 3630, 0, 0, 0, NULL, NULL),
(2517, 2, 9, 60, '', '', '', 'UTTAR GOHAT', 'গোহট (উত্তর)', '23', 3630, 0, 0, 0, NULL, NULL),
(2518, 2, 9, 60, '', '', '', 'DAKSHIN GOHAT', 'গোহট(দক্ষিণ)', '31', 3630, 0, 0, 0, NULL, NULL),
(2519, 2, 9, 60, '', '', '', 'UTTAR KACHUA', 'কচুয়া (উত্তর)', '39', 3630, 0, 0, 0, NULL, NULL),
(2520, 2, 9, 60, '', '', '', 'DAKSHIN KACHUA', 'কচুয়া (দক্ষিণ)', '47', 3630, 0, 0, 0, NULL, NULL),
(2521, 2, 9, 60, '', '', '', 'KADLA', 'কাদলা', '55', 3630, 0, 0, 0, NULL, NULL),
(2522, 2, 9, 60, '', '', '', 'KARAIA', 'কড়ইয়া', '63', NULL, 0, 0, 0, NULL, NULL),
(2523, 2, 9, 60, '', '', '', 'SACHAR', 'সাচার', '71', 3630, 0, 0, 0, NULL, NULL),
(2524, 2, 9, 60, '', '', '', 'PATHAIR', 'পাথৈর', '79', 3630, 0, 0, 0, NULL, NULL),
(2525, 2, 9, 60, '', '', '', 'PURBA SAHADEBPUR', 'সহদেবপুর (পূর্ব)', '87', 3630, 0, 0, 0, NULL, NULL),
(2526, 2, 9, 60, '', '', '', 'PASCHIM SAHADEBPUR', 'সহদেবপুর (পশ্চিম)', '94', 3630, 0, 0, 0, NULL, NULL),
(2527, 2, 9, 61, '', '', '', 'KHADERGAON', 'খাদের গাঁও', '34', 3643, 0, 0, 0, NULL, NULL),
(2528, 2, 9, 61, '', '', '', 'NARAYANPUR', 'নারায়নপুর', '43', 7410, 0, 0, 0, NULL, NULL),
(2529, 2, 9, 61, '', '', '', 'UTTAR NAYERGAON', 'নায়ের গাঁও উত্তর', '56', 3643, 0, 0, 0, NULL, NULL),
(2530, 2, 9, 61, '', '', '', 'UTTAR UPADI', 'উপাদি উত্তর', '60', 3643, 0, 0, 0, NULL, NULL),
(2531, 2, 9, 61, '', '', '', 'DAKHSIN NAYERGAON', 'নায়ের গাঁও দক্ষিণ', '82', 3643, 0, 0, 0, NULL, NULL),
(2532, 2, 9, 61, '', '', '', 'DAKSHIN UPADI', 'উপাদি দক্ষিণ', '86', 3643, 0, 0, 0, NULL, NULL),
(2533, 2, 9, 62, '', '', '', 'BAGANBARI', 'বাগানবাড়ী', '11', 3643, 0, 0, 0, NULL, NULL),
(2534, 2, 9, 62, '', '', '', 'FARAJIKANDI', 'ফরাজি কান্দি', '13', 3643, 0, 0, 0, NULL, NULL),
(2535, 2, 9, 62, '', '', '', 'DURGAPUR', 'দূর্গাপুর', '15', 5460, 0, 0, 0, NULL, NULL),
(2536, 2, 9, 62, '', '', '', 'PURBA FATEHPUR', 'পূর্ব ফতেপুর', '17', 3643, 0, 0, 0, NULL, NULL),
(2537, 2, 9, 62, '', '', '', 'EKLASPUR', 'এখলাছপুর', '21', 3643, 0, 0, 0, NULL, NULL),
(2538, 2, 9, 62, '', '', '', 'GAJRA', 'গজরা', '23', NULL, 0, 0, 0, NULL, NULL),
(2539, 2, 9, 62, '', '', '', 'ISLAMABAD', 'ইসলামাবাদ', '25', 3643, 0, 0, 0, NULL, NULL),
(2540, 2, 9, 62, '', '', '', 'JAHIRABAD', 'জহিরাবাদ', '30', 3643, 0, 0, 0, NULL, NULL),
(2541, 2, 9, 62, '', '', '', 'KALAKANDA', 'কলাকান্দা', '32', 3643, 0, 0, 0, NULL, NULL),
(2542, 2, 9, 62, '', '', '', 'MOHANPUR', 'মোহনপুর', '38', 5220, 0, 0, 0, NULL, NULL),
(2543, 2, 9, 62, '', '', '', 'SADULLAPUR', 'সাদুল্লাপুর', '64', 8110, 0, 0, 0, NULL, NULL),
(2544, 2, 9, 62, '', '', '', 'SATNAL', 'ষাটনল', '73', 3643, 0, 0, 0, NULL, NULL),
(2545, 2, 9, 62, '', '', '', 'SULTANABAD', 'সুলতানাবাদ', '90', 3643, 0, 0, 0, NULL, NULL),
(2546, 2, 9, 62, '', '', '', 'PASCHIM FATEHPUR', 'পশ্চিম ফতেপুর', '94', 3643, 0, 0, 0, NULL, NULL),
(2547, 2, 9, 63, '', '', '', 'EAST CHITASI', 'চিতোষী পূর্ব', '15', NULL, 0, 0, 0, NULL, NULL),
(2548, 2, 9, 63, '', '', '', 'WEST CHITASI', 'চিতোষী পশ্চিম ', '20', NULL, 0, 0, 0, NULL, NULL),
(2549, 2, 9, 63, '', '', '', 'UTTAR MEHER', 'মেহের উত্তর', '60', 3620, 0, 0, 0, NULL, NULL),
(2550, 2, 9, 63, '', '', '', 'DAKSHIN MEHER', 'মেহের দক্ষিণ', '65', 3620, 0, 0, 0, NULL, NULL),
(2551, 2, 9, 63, '', '', '', 'UTTAR ROYSREE', 'রায়শ্রী উত্তর', '80', 3620, 0, 0, 0, NULL, NULL),
(2552, 2, 9, 63, '', '', '', 'DAKSHIN ROYSREE', 'রায়শ্রী দক্ষিণ', '82', 3620, 0, 0, 0, NULL, NULL),
(2553, 2, 9, 63, '', '', '', 'UTTAR SUCHI PARA', 'সুচিপাড়া উত্তর', '85', 3620, 0, 0, 0, NULL, NULL),
(2554, 2, 9, 63, '', '', '', 'DAKSHIN SUCHI PARA', 'সুচিপাড়া দক্ষিণ', '90', 3620, 0, 0, 0, NULL, NULL),
(2555, 2, 9, 63, '', '', '', 'TAMTA DAKSHIN', 'টামটা দক্ষিণ', '95', NULL, 0, 0, 0, NULL, NULL),
(2556, 2, 9, 63, '', '', '', 'TAMTA UTTAR', 'টামটা উত্তর', '96', NULL, 0, 0, 0, NULL, NULL),
(2557, 2, 10, 64, '', '', '', 'ANOWARA', 'আনোয়ারা', '15', 4376, 0, 0, 0, NULL, NULL),
(2558, 2, 10, 64, '', '', '', 'BAIRAG (PART)', 'বৈরাগ', '19', NULL, 0, 0, 0, NULL, NULL),
(2559, 2, 10, 64, '', '', '', 'BARAKHAIN', 'বারখাইন', '28', 4376, 0, 0, 0, NULL, NULL),
(2560, 2, 10, 64, '', '', '', 'BARASAT', 'বারশত', '38', 9230, 0, 0, 0, NULL, NULL),
(2561, 2, 10, 64, '', '', '', 'BURUMCHHARA', 'বরুমছড়া', '47', NULL, 0, 0, 0, NULL, NULL),
(2562, 2, 10, 64, '', '', '', 'BATTALI', 'বটতলী', '57', 4376, 0, 0, 0, NULL, NULL),
(2563, 2, 10, 64, '', '', '', 'CHATARI', 'চাতরী', '66', 4376, 0, 0, 0, NULL, NULL),
(2564, 2, 10, 64, '', '', '', 'HAILDHAR', 'হাইলধর', '76', 4376, 0, 0, 0, NULL, NULL),
(2565, 2, 10, 64, '', '', '', 'JUIDANDI', 'জুইদন্ডী', '81', NULL, 0, 0, 0, NULL, NULL),
(2566, 2, 10, 64, '', '', '', 'PARAIKORA', 'পরৈকোড়া', '85', 4376, 0, 0, 0, NULL, NULL),
(2567, 2, 10, 64, '', '', '', 'ROYPUR', 'রায়পুর', '95', 7110, 0, 0, 0, NULL, NULL),
(2568, 2, 10, 65, '', '', '', 'BAHARCHHARA', 'বাহারছড়া', '11', 4390, 0, 0, 0, NULL, NULL),
(2569, 2, 10, 65, '', '', '', 'BAILCHHARI', 'বৈলছড়ি', '12', 4390, 0, 0, 0, NULL, NULL),
(2570, 2, 10, 65, '', '', '', 'CHAMBAL', 'চাম্বল', '18', 4390, 0, 0, 0, NULL, NULL),
(2571, 2, 10, 65, '', '', '', 'CHHANUA', 'ছনুয়া', '25', 4390, 0, 0, 0, NULL, NULL),
(2572, 2, 10, 65, '', '', '', 'GANDAMARA', 'গন্ডামারা', '31', 4390, 0, 0, 0, NULL, NULL),
(2573, 2, 10, 65, '', '', '', 'KALIPUR', 'কালীপুর', '44', 4390, 0, 0, 0, NULL, NULL),
(2574, 2, 10, 65, '', '', '', 'KATHARIA', 'কাথারিয়া', '50', 4390, 0, 0, 0, NULL, NULL),
(2575, 2, 10, 65, '', '', '', 'KHANKHANABAD', 'খানখানাবাদ ', '56', 4390, 0, 0, 0, NULL, NULL),
(2576, 2, 10, 65, '', '', '', 'PUICHHARI', 'পুঁইছড়ি', '63', 4390, 0, 0, 0, NULL, NULL),
(2577, 2, 10, 65, '', '', '', 'PUKURIA', 'পুকুরিয়া', '69', 4390, 0, 0, 0, NULL, NULL),
(2578, 2, 10, 65, '', '', '', 'SADHANPUR', 'সাধনপুর', '75', 4390, 0, 0, 0, NULL, NULL),
(2579, 2, 10, 65, '', '', '', 'SARAL', 'সরল', '82', 4390, 0, 0, 0, NULL, NULL),
(2580, 2, 10, 65, '', '', '', 'SEKHERKHIL', 'শেখেরখীল', '88', 4390, 0, 0, 0, NULL, NULL),
(2581, 2, 10, 65, '', '', '', 'SILKUP', 'শীলকূপ', '94', 4390, 0, 0, 0, NULL, NULL),
(2582, 2, 10, 66, '', '', '', 'AHLA KARALDANGA', 'আহল্লা করলডেঙ্গা', '17', 4366, 0, 0, 0, NULL, NULL),
(2583, 2, 10, 66, '', '', '', 'AMUCHIA', 'আমুচিয়া', '19', 4366, 0, 0, 0, NULL, NULL),
(2584, 2, 10, 66, '', '', '', 'CHARANDWIP', 'চরণদ্বীপ', '28', 4366, 0, 0, 0, NULL, NULL),
(2585, 2, 10, 66, '', '', '', 'PURBA GOMDANDI', 'পূর্বগোমদন্ডী ', '38', 4366, 0, 0, 0, NULL, NULL),
(2586, 2, 10, 66, '', '', '', 'KANDHURKHIL', 'কধুরখীল', '47', NULL, 0, 0, 0, NULL, NULL),
(2587, 2, 10, 66, '', '', '', 'PASCHIM GOMDANDI', 'পশ্চিম গোমদন্ডী', '50', 4366, 0, 0, 0, NULL, NULL),
(2588, 2, 10, 66, '', '', '', 'POPADIA', 'পোপাদিয়া', '57', 4366, 0, 0, 0, NULL, NULL),
(2589, 2, 10, 66, '', '', '', 'SAROATALI', 'সারোয়াতলী', '66', 4366, 0, 0, 0, NULL, NULL),
(2590, 2, 10, 66, '', '', '', 'SAKPURA', 'শাকপুরা', '76', NULL, 0, 0, 0, NULL, NULL),
(2591, 2, 10, 66, '', '', '', 'SREEPUR KHARANDWIP', 'শ্রীপুর-খরণদ্বীপ', '85', 4366, 0, 0, 0, NULL, NULL),
(2592, 2, 10, 67, '', '', '', 'BAILTALI', 'বৈলতলী', '13', 4380, 0, 0, 0, NULL, NULL),
(2593, 2, 10, 67, '', '', '', 'BARKAL', 'বরকল', '19', 4380, 0, 0, 0, NULL, NULL),
(2594, 2, 10, 67, '', '', '', 'BARAMA', 'বরমা', '28', 4380, 0, 0, 0, NULL, NULL),
(2595, 2, 10, 67, '', '', '', 'DHOPACHHARI', 'ধোপাছড়ি', '38', 4380, 0, 0, 0, NULL, NULL),
(2596, 2, 10, 67, '', '', '', 'DOHAZARI', 'দোহাজারী', '47', 4380, 0, 0, 0, NULL, NULL),
(2597, 2, 10, 67, '', '', '', 'HASHIMPUR', 'হাশিমপুর', '66', 4380, 0, 0, 0, NULL, NULL),
(2598, 2, 10, 67, '', '', '', 'JOARA', 'জোয়ারা', '76', 4380, 0, 0, 0, NULL, NULL),
(2599, 2, 10, 67, '', '', '', 'KANCHANABAD', 'কাঞ্চনাবাদ', '85', 4380, 0, 0, 0, NULL, NULL),
(2600, 2, 10, 67, '', '', '', 'SATBARIA', 'সাতবাড়িয়া', '95', 3580, 0, 0, 0, NULL, NULL),
(2601, 2, 10, 68, '', '', '', 'ABDULLAPUR', 'আবদুল্লাহপুর', '11', 4350, 0, 0, 0, NULL, NULL),
(2602, 2, 10, 68, '', '', '', 'BAGAN BAZAR', 'বাগানবাজার', '13', 4350, 0, 0, 0, NULL, NULL),
(2603, 2, 10, 68, '', '', '', 'BAKTAPUR', 'বক্তপুর', '14', 4350, 0, 0, 0, NULL, NULL),
(2604, 2, 10, 68, '', '', '', 'BHUJPUR', 'ভূজপুর', '19', 4350, 0, 0, 0, NULL, NULL),
(2605, 2, 10, 68, '', '', '', 'DANTMARA', 'দাতঁমারা', '23', 4350, 0, 0, 0, NULL, NULL),
(2606, 2, 10, 68, '', '', '', 'DHARMAPUR', 'ধর্মপুর', '28', 5210, 0, 0, 0, NULL, NULL),
(2607, 2, 10, 68, '', '', '', 'DAULATPUR', 'দৌলতপুর', '38', 7050, 0, 0, 0, NULL, NULL),
(2608, 2, 10, 68, '', '', '', 'HARWALCHHARI', 'হারুয়ালছড়ি', '42', 4350, 0, 0, 0, NULL, NULL),
(2609, 2, 10, 68, '', '', '', 'JAFARNAGAR', 'জাফতনগর', '47', 4350, 0, 0, 0, NULL, NULL),
(2610, 2, 10, 68, '', '', '', 'KANCHAN NAGAR', 'কাঞ্চননগর', '52', 4350, 0, 0, 0, NULL, NULL),
(2611, 2, 10, 68, '', '', '', 'KHIRAM', 'খিরাম', '55', NULL, 0, 0, 0, NULL, NULL),
(2612, 2, 10, 68, '', '', '', 'LELANG', 'লেলাং', '57', 4350, 0, 0, 0, NULL, NULL),
(2613, 2, 10, 68, '', '', '', 'NANUPUR', 'নানুপুর', '61', 4350, 0, 0, 0, NULL, NULL),
(2614, 2, 10, 68, '', '', '', 'NARAYANHAT', 'নারায়ণহাট', '66', 4350, 0, 0, 0, NULL, NULL),
(2615, 2, 10, 68, '', '', '', 'PAINDANGA', 'পাইন্দং', '71', NULL, 0, 0, 0, NULL, NULL),
(2616, 2, 10, 68, '', '', '', 'ROUSHANGIRI', 'রোসাংগিরী', '80', 4350, 0, 0, 0, NULL, NULL),
(2617, 2, 10, 68, '', '', '', 'SUABIL', 'সুয়াবিল', '85', 4350, 0, 0, 0, NULL, NULL),
(2618, 2, 10, 68, '', '', '', 'SAMITIRHAT', 'সমিতিরহাট', '90', 4350, 0, 0, 0, NULL, NULL),
(2619, 2, 10, 68, '', '', '', 'SUNDARPUR', 'সুন্দরপুর', '95', 6300, 0, 0, 0, NULL, NULL),
(2620, 2, 10, 69, '', '', '', 'BURISH CHAR', 'বুড়িশ্চর', '10', NULL, 0, 0, 0, NULL, NULL),
(2621, 2, 10, 69, '', '', '', 'CHHIBATALI', 'ছিপাতলী', '11', NULL, 0, 0, 0, NULL, NULL),
(2622, 2, 10, 69, '', '', '', 'CHIKANDANDI', 'চিকনদন্ডী', '17', NULL, 0, 0, 0, NULL, NULL),
(2623, 2, 10, 69, '', '', '', 'DAKSHIN MADARSHA', 'দক্ষিন মাদার্শা', '23', NULL, 0, 0, 0, NULL, NULL),
(2624, 2, 10, 69, '', '', '', 'DHALAI', 'ধলই', '29', 4330, 0, 0, 0, NULL, NULL),
(2625, 2, 10, 69, '', '', '', 'FATEHPUR', 'ফতেপুর', '35', 3010, 0, 0, 0, NULL, NULL),
(2626, 2, 10, 69, '', '', '', 'FORHADABAD', 'ফরহাদাবাদ', '41', 4330, 0, 0, 0, NULL, NULL),
(2627, 2, 10, 69, '', '', '', 'GARDUARA', 'গড়দুয়ারা', '47', 4330, 0, 0, 0, NULL, NULL),
(2628, 2, 10, 69, '', '', '', 'GUMAN MARDAN', 'গুমানমর্দ্দন', '53', 4330, 0, 0, 0, NULL, NULL),
(2629, 2, 10, 69, '', '', '', 'HATHAZARI', 'হাটহাজারী', '59', 4330, 0, 0, 0, NULL, NULL),
(2630, 2, 10, 69, '', '', '', 'MEKHAL', 'মেখল', '65', 4330, 0, 0, 0, NULL, NULL),
(2631, 2, 10, 69, '', '', '', 'MIRZAPUR', 'মির্জাপুর', '71', 7320, 0, 0, 0, NULL, NULL),
(2632, 2, 10, 69, '', '', '', 'NANGALMORA', 'নাঙ্গলমোড়া', '77', 4330, 0, 0, 0, NULL, NULL),
(2633, 2, 10, 69, '', '', '', 'SHIKARPUR', 'শিকারপুর', '89', 6500, 0, 0, 0, NULL, NULL),
(2634, 2, 10, 69, '', '', '', 'UTTAR MADARSA', 'উত্তর মাদার্শা', '95', 4330, 0, 0, 0, NULL, NULL),
(2635, 2, 10, 69, '', '', '', 'CHITTAGANG CNT.', 'চট্টগ্রাম সেনানিবাস', '98', NULL, 0, 0, 0, NULL, NULL),
(2636, 2, 10, 70, '', '', '', 'AMIRABAD', 'আমিরাবাদ', '10', 3930, 0, 0, 0, NULL, NULL),
(2637, 2, 10, 70, '', '', '', 'ADHUNAGAR', 'আধুনগর', '13', 4396, 0, 0, 0, NULL, NULL),
(2638, 2, 10, 70, '', '', '', 'BARAHATIA', 'বড়হাতিয়া', '18', 4396, 0, 0, 0, NULL, NULL),
(2639, 2, 10, 70, '', '', '', 'CHARAMBA', 'চরমবা', '25', 4396, 0, 0, 0, NULL, NULL),
(2640, 2, 10, 70, '', '', '', 'CHUNATI', 'চুনতি', '32', 4396, 0, 0, 0, NULL, NULL),
(2641, 2, 10, 70, '', '', '', 'KALAUZAN', 'কলাউজান', '43', 4396, 0, 0, 0, NULL, NULL),
(2642, 2, 10, 70, '', '', '', 'LOHAGARA', 'লোহাগাড়া', '62', 7511, 0, 0, 0, NULL, NULL),
(2643, 2, 10, 70, '', '', '', 'PADUA', 'পদুয়া', '73', 3516, 0, 0, 0, NULL, NULL),
(2644, 2, 10, 70, '', '', '', 'PUTIBILA', 'পুটিবিলা', '80', 4396, 0, 0, 0, NULL, NULL),
(2645, 2, 10, 71, '', '', '', 'DHUM', 'ধুম', '22', 4320, 0, 0, 0, NULL, NULL),
(2646, 2, 10, 71, '', '', '', 'DURGAPUR', 'দূর্গাপুর', '24', 5460, 0, 0, 0, NULL, NULL),
(2647, 2, 10, 71, '', '', '', 'HAITKANDI', 'হাইতকান্দি', '27', 4320, 0, 0, 0, NULL, NULL),
(2648, 2, 10, 71, '', '', '', 'HINGULI', 'হিংগুলী', '28', 4320, 0, 0, 0, NULL, NULL),
(2649, 2, 10, 71, '', '', '', 'ICHHAKHALI', 'ইছাখালী', '29', 4320, 0, 0, 0, NULL, NULL),
(2650, 2, 10, 71, '', '', '', 'KARERHAT', 'করেরহাট ', '35', 4320, 0, 0, 0, NULL, NULL),
(2651, 2, 10, 71, '', '', '', 'KATACHHARA', 'কাটাছরা ', '41', 4320, 0, 0, 0, NULL, NULL),
(2652, 2, 10, 71, '', '', '', 'KHAIYACHHARA', 'খৈয়াছড়া', '47', 4320, 0, 0, 0, NULL, NULL),
(2653, 2, 10, 71, '', '', '', 'MAYANI', 'মায়ানি', '53', 4320, 0, 0, 0, NULL, NULL),
(2654, 2, 10, 71, '', '', '', 'MIRSHARAI', 'মীরসরাই', '59', 4320, 0, 0, 0, NULL, NULL),
(2655, 2, 10, 71, '', '', '', 'MITHANALA', 'মিঠানালা', '65', 4320, 0, 0, 0, NULL, NULL),
(2656, 2, 10, 71, '', '', '', 'MAGHADIA', 'মঘাদিয়া', '71', 4320, 0, 0, 0, NULL, NULL),
(2657, 2, 10, 71, '', '', '', 'OSMANPUR', 'ওচমানপুর', '77', 7021, 0, 0, 0, NULL, NULL),
(2658, 2, 10, 71, '', '', '', 'SAHERKHALI', 'সাহেরখালী', '83', 4320, 0, 0, 0, NULL, NULL),
(2659, 2, 10, 71, '', '', '', 'WAHEDPUR', 'ওয়াহেদপুর', '89', 4320, 0, 0, 0, NULL, NULL),
(2660, 2, 10, 71, '', '', '', 'ZORWARGANJ', 'জোরারগঞ্জ ', '95', 4320, 0, 0, 0, NULL, NULL),
(2661, 2, 10, 72, '', '', '', 'ASIA', 'আশিয়া', '12', 4370, 0, 0, 0, NULL, NULL),
(2662, 2, 10, 72, '', '', '', 'BARALIA', 'বড়লিয়া', '15', 4370, 0, 0, 0, NULL, NULL),
(2663, 2, 10, 72, '', '', '', 'BARA UTHAN', 'বড়উঠান', '18', 4370, 0, 0, 0, NULL, NULL),
(2664, 2, 10, 72, '', '', '', 'BHATIKHAIN', 'ভাটিখাইন', '19', 4370, 0, 0, 0, NULL, NULL),
(2665, 2, 10, 72, '', '', '', 'CHANHARA', 'ছনহরা', '21', 4370, 0, 0, 0, NULL, NULL),
(2666, 2, 10, 72, '', '', '', 'CHAR LAKSHYA', 'চরলক্ষ্যা ', '24', 4370, 0, 0, 0, NULL, NULL),
(2667, 2, 10, 72, '', '', '', 'CHAR PATHARGHATA', 'চরপাথরঘাটা', '27', 4370, 0, 0, 0, NULL, NULL),
(2668, 2, 10, 72, '', '', '', 'DHALGHAT', 'ধলঘাট', '30', 4370, 0, 0, 0, NULL, NULL),
(2669, 2, 10, 72, '', '', '', 'HABILAS DWIP', 'হাবিলাসদ্বীপ', '39', 4370, 0, 0, 0, NULL, NULL),
(2670, 2, 10, 72, '', '', '', 'HAIDGAON', 'হাইদগাঁও', '42', 4370, 0, 0, 0, NULL, NULL),
(2671, 2, 10, 72, '', '', '', 'JANGLUKHAIN', 'জংগলখাইন', '52', NULL, 0, 0, 0, NULL, NULL),
(2672, 2, 10, 72, '', '', '', 'JULDHA', 'জুলধা', '55', 4370, 0, 0, 0, NULL, NULL),
(2673, 2, 10, 72, '', '', '', 'KACHUAI', 'কচুয়াই', '58', 4370, 0, 0, 0, NULL, NULL),
(2674, 2, 10, 72, '', '', '', 'KASIAIS', 'কাশিয়াইশ', '64', 4370, 0, 0, 0, NULL, NULL),
(2675, 2, 10, 72, '', '', '', 'KELISHAHAR', 'কেলিশহর', '67', 4370, 0, 0, 0, NULL, NULL),
(2676, 2, 10, 72, '', '', '', 'KHARANA', 'খরনা', '', 4370, 0, 0, 0, NULL, NULL),
(2677, 2, 10, 72, '', '', '', 'KOLAGAON', 'কোলাগাঁও', '73', 4370, 0, 0, 0, NULL, NULL),
(2678, 2, 10, 72, '', '', '', 'KUSUMPURA', 'কুসুমপুরা', '76', 4370, 0, 0, 0, NULL, NULL),
(2679, 2, 10, 72, '', '', '', 'SIKALBAHA', 'শিকলবাহা', '85', 4370, 0, 0, 0, NULL, NULL),
(2680, 2, 10, 72, '', '', '', 'SOBHANDANDI', 'শিকলবাহা', '88', 4370, 0, 0, 0, NULL, NULL),
(2681, 2, 10, 72, '', '', '', 'DAKHIN D.BHURSHI', 'দক্ষিণ ভূর্ষি ', '91', NULL, 0, 0, 0, NULL, NULL),
(2682, 2, 10, 72, '', '', '', 'JIRI', 'জিরি', '94', 4370, 0, 0, 0, NULL, NULL),
(2683, 2, 10, 73, '', '', '', 'BETAGI', 'বেতাগী', '15', 8740, 0, 0, 0, NULL, NULL),
(2684, 2, 10, 73, '', '', '', 'CHANDRAGHONA KADAMTALI', 'চন্দ্রঘোনা কদমতলি', '17', NULL, 0, 0, 0, NULL, NULL),
(2685, 2, 10, 73, '', '', '', 'RAJANAGAR', 'রাজানগর', '21', 3040, 0, 0, 0, NULL, NULL),
(2686, 2, 10, 73, '', '', '', 'HOSNABAD', 'হোসনাবাদ', '25', 8740, 0, 0, 0, NULL, NULL),
(2687, 2, 10, 73, '', '', '', 'ISLAMPUR', 'ইসলামপুর', '27', 3080, 0, 0, 0, NULL, NULL),
(2688, 2, 10, 73, '', '', '', 'KODALA', 'কোদালা', '30', 4360, 0, 0, 0, NULL, NULL),
(2689, 2, 10, 73, '', '', '', 'LALANAGAR', 'লালানগর', '32', 4360, 0, 0, 0, NULL, NULL),
(2690, 2, 10, 73, '', '', '', 'PADUA', 'পদুয়া', '43', 3516, 0, 0, 0, NULL, NULL),
(2691, 2, 10, 73, '', '', '', 'MARIAMNAGAR', 'মরিয়মনগর', '34', 4360, 0, 0, 0, NULL, NULL),
(2692, 2, 10, 73, '', '', '', 'PARUA', 'পদুয়া', '51', 4360, 0, 0, 0, NULL, NULL),
(2693, 2, 10, 73, '', '', '', 'POMARA', 'পোমরা', '60', 4360, 0, 0, 0, NULL, NULL),
(2694, 2, 10, 73, '', '', '', 'DAKSHIN RAJANAGAR', 'দ. রাজানগর', '69', 4360, 0, 0, 0, NULL, NULL),
(2695, 2, 10, 73, '', '', '', 'RANGUNIA', 'রাঙ্গুনিয়া', '77', 4360, 0, 0, 0, NULL, NULL),
(2696, 2, 10, 73, '', '', '', 'SARAPBHATA', 'সরফভাটা', '86', 4360, 0, 0, 0, NULL, NULL),
(2697, 2, 10, 73, '', '', '', 'SILOK', 'শিলক', '94', NULL, 0, 0, 0, NULL, NULL),
(2698, 2, 10, 74, '', '', '', 'BAGOAN', 'বাগোয়ান', '11', 7102, 0, 0, 0, NULL, NULL),
(2699, 2, 10, 74, '', '', '', 'BINAJURI', 'বিনাজুরী', '12', 4340, 0, 0, 0, NULL, NULL),
(2700, 2, 10, 74, '', '', '', 'CHIKDAIR', 'চিকদাইর', '18', 4340, 0, 0, 0, NULL, NULL),
(2701, 2, 10, 74, '', '', '', 'DABUA', 'ডাবুয়া', '25', 4340, 0, 0, 0, NULL, NULL),
(2702, 2, 10, 74, '', '', '', 'PURBA GUZARA', 'পূর্ব গুজরা', '31', 4340, 0, 0, 0, NULL, NULL),
(2703, 2, 10, 74, '', '', '', 'GAHIRA', 'পূর্ব গুজরা', '37', 4340, 0, 0, 0, NULL, NULL),
(2704, 2, 10, 74, '', '', '', 'HALADIA', 'হলদিয়া', '44', NULL, 0, 0, 0, NULL, NULL),
(2705, 2, 10, 74, '', '', '', 'KADALPUR', 'কদলপুর', '50', 4340, 0, 0, 0, NULL, NULL),
(2706, 2, 10, 74, '', '', '', 'NOAJISPUR', 'নোয়াজিশপুর', '56', 4340, 0, 0, 0, NULL, NULL),
(2707, 2, 10, 74, '', '', '', 'NOA PARA', 'নোয়াপাড়া', '63', 4340, 0, 0, 0, NULL, NULL),
(2708, 2, 10, 74, '', '', '', 'PAHARTALI', 'পাহাড়তলী', '69', 4340, 0, 0, 0, NULL, NULL),
(2709, 2, 10, 74, '', '', '', 'RAOZAN', 'রাউজান', '75', 4340, 0, 0, 0, NULL, NULL),
(2710, 2, 10, 74, '', '', '', 'URKIRCHAR', 'উরকিরচর', '88', 4340, 0, 0, 0, NULL, NULL),
(2711, 2, 10, 74, '', '', '', 'PASCHIM GUZARA', 'পশ্চিম গুজরা', '94', 4340, 0, 0, 0, NULL, NULL),
(2712, 2, 10, 75, '', '', '', 'AMANULLAH', 'আমানউল্যা ', '11', 4300, 0, 0, 0, NULL, NULL),
(2713, 2, 10, 75, '', '', '', 'AZIMPUR', 'আজিমপুর ', '13', 5210, 0, 0, 0, NULL, NULL),
(2714, 2, 10, 75, '', '', '', 'BAURIA', 'বাউরিয়া ', '20', 4300, 0, 0, 0, NULL, NULL),
(2715, 2, 10, 75, '', '', '', 'GACHHUA', 'গাছুয়া ', '30', 8250, 0, 0, 0, NULL, NULL),
(2716, 2, 10, 75, '', '', '', 'HARAMIA', 'হারামিয়া ', '35', 4300, 0, 0, 0, NULL, NULL),
(2717, 2, 10, 75, '', '', '', 'HARISPUR', 'হরিশপুর ', '40', 4300, 0, 0, 0, NULL, NULL),
(2718, 2, 10, 75, '', '', '', 'KALAPANIA', 'কালাপানিয়া ', '55', 4300, 0, 0, 0, NULL, NULL),
(2719, 2, 10, 75, '', '', '', 'MAGDHARA', 'মগধরা ', '65', 4300, 0, 0, 0, NULL, NULL),
(2720, 2, 10, 75, '', '', '', 'MAITBHANGA', 'মাইটভাঙ্গা ', '70', 4300, 0, 0, 0, NULL, NULL),
(2721, 2, 10, 75, '', '', '', 'MUSAPUR', 'মুছাপুর ', '75', 1410, 0, 0, 0, NULL, NULL),
(2722, 2, 10, 75, '', '', '', 'RAHMATPUR', 'রহমতপুর ', '85', 8210, 0, 0, 0, NULL, NULL),
(2723, 2, 10, 75, '', '', '', 'SANTOSHPUR', 'সন্তোষপুর ', '90', 9360, 0, 0, 0, NULL, NULL),
(2724, 2, 10, 75, '', '', '', 'SARIKAIT', 'সারিকাইত ', '92', 4300, 0, 0, 0, NULL, NULL),
(2725, 2, 10, 75, '', '', '', 'URIRCHAR', 'উড়িরচর', '96', 4300, 0, 0, 0, NULL, NULL),
(2726, 2, 10, 75, '', '', '', 'DIGGHAPAR', 'দীর্ঘাপাড় ', '25', NULL, 0, 0, 0, NULL, NULL),
(2727, 2, 10, 76, '', '', '', 'AMILAIS', 'আমিলাইষ', '12', 4386, 0, 0, 0, NULL, NULL),
(2728, 2, 10, 76, '', '', '', 'EOCHIA', 'এওচিয়া', '14', 4386, 0, 0, 0, NULL, NULL),
(2729, 2, 10, 76, '', '', '', 'BAZALIA', 'বাজালিয়া', '21', 4386, 0, 0, 0, NULL, NULL),
(2730, 2, 10, 76, '', '', '', 'CHARATI', 'চরতী', '29', 4386, 0, 0, 0, NULL, NULL),
(2731, 2, 10, 76, '', '', '', 'DHEMSA', 'ঢেমশা', '36', 4386, 0, 0, 0, NULL, NULL),
(2732, 2, 10, 76, '', '', '', 'DHARMAPUR', 'ধর্মপুর', '40', 5210, 0, 0, 0, NULL, NULL),
(2733, 2, 10, 76, '', '', '', 'KALIAIS', 'কালিয়াইশ', '47', 4386, 0, 0, 0, NULL, NULL),
(2734, 2, 10, 76, '', '', '', 'KANCHANA', 'কাঞ্চনা', '51', 4386, 0, 0, 0, NULL, NULL),
(2735, 2, 10, 76, '', '', '', 'KEOCHIA', 'কেঁওচিয়া', '54', 4386, 0, 0, 0, NULL, NULL),
(2736, 2, 10, 76, '', '', '', 'KHAGARIA', 'খাগরিয়া', '58', 4386, 0, 0, 0, NULL, NULL),
(2737, 2, 10, 76, '', '', '', 'MADARSA', 'মাদার্শা', '65', NULL, 0, 0, 0, NULL, NULL),
(2738, 2, 10, 76, '', '', '', 'NALUA', 'নলুয়া', '69', 8280, 0, 0, 0, NULL, NULL),
(2739, 2, 10, 76, '', '', '', 'PURANAGAR', 'পুরানগড়', '76', NULL, 0, 0, 0, NULL, NULL),
(2740, 2, 10, 76, '', '', '', 'SADAHA', 'ছদাহা', '83', NULL, 0, 0, 0, NULL, NULL),
(2741, 2, 10, 76, '', '', '', 'SATKANIA', 'সাতকানিয়া', '87', 4386, 0, 0, 0, NULL, NULL),
(2742, 2, 10, 76, '', '', '', 'SONAKANIA', 'সোনাকানিয়া', '91', 4386, 0, 0, 0, NULL, NULL),
(2743, 2, 10, 76, '', '', '', 'PASCHIM DHEMSA', 'পশ্চিম ঢেমশা', '94', 4386, 0, 0, 0, NULL, NULL),
(2744, 2, 10, 77, '', '', '', 'BANSHBARIA', 'বাঁশবাড়িয়া', '16', 7340, 0, 0, 0, NULL, NULL),
(2745, 2, 10, 77, '', '', '', 'BARIADYALA', 'বারৈয়াঢালা', '28', NULL, 0, 0, 0, NULL, NULL),
(2746, 2, 10, 77, '', '', '', 'BHATIARI', 'ভাটিয়ারী', '38', 4310, 0, 0, 0, NULL, NULL),
(2747, 2, 10, 77, '', '', '', 'KUMIRA', 'কুমিরা', '47', 9420, 0, 0, 0, NULL, NULL),
(2748, 2, 10, 77, '', '', '', 'BARABKUNDA', 'বাঁশবাড়িয়া', '19', 4310, 0, 0, 0, NULL, NULL),
(2749, 2, 10, 77, '', '', '', 'MURADPUR', 'মুরাদপুর', '57', 3350, 0, 0, 0, NULL, NULL),
(2750, 2, 10, 77, '', '', '', 'SALIMPUR', 'সলিমপুর', '66', 4310, 0, 0, 0, NULL, NULL),
(2751, 2, 10, 77, '', '', '', 'SONAICHHARI', 'সোনাইছড়ি', '85', 4310, 0, 0, 0, NULL, NULL),
(2752, 2, 10, 77, '', '', '', 'SAIDPUR', 'সৈয়দপুর', '95', NULL, 0, 0, 0, NULL, NULL),
(2753, 2, 10, 77, '', '', '', 'BHATIARI CANTONMENT AREA', 'ভাটিয়ারী', '98', NULL, 0, 0, 0, NULL, NULL),
(2754, 2, 11, 78, '', '', '', 'ADDA', 'আড্ডা', '11', 3560, 0, 0, 0, NULL, NULL),
(2755, 2, 11, 78, '', '', '', 'ADRA', 'আদ্রা', '12', 3560, 0, 0, 0, NULL, NULL),
(2756, 2, 11, 78, '', '', '', 'AGANAGAR', 'আগানগর', '18', 3560, 0, 0, 0, NULL, NULL),
(2757, 2, 11, 78, '', '', '', 'BHABANIPUR', 'ভবানীপুর', '25', 8310, 0, 0, 0, NULL, NULL),
(2758, 2, 11, 78, '', '', '', 'BHAUKSAR', 'ভাউকসার', '31', NULL, 0, 0, 0, NULL, NULL),
(2759, 2, 11, 78, '', '', '', 'GALIMPUR', 'গালিমপুর', '44', 3560, 0, 0, 0, NULL, NULL),
(2760, 2, 11, 78, '', '', '', 'CHITADDA', 'চিতড্ডা', '50', NULL, 0, 0, 0, NULL, NULL),
(2761, 2, 11, 78, '', '', '', 'JALAM', 'ঝলম', '56', NULL, 0, 0, 0, NULL, NULL),
(2762, 2, 11, 78, '', '', '', 'UTTAR KHOSBAS', 'খোশবাস (উত্তর)', '63', NULL, 0, 0, 0, NULL, NULL),
(2763, 2, 11, 78, '', '', '', 'DAKSHIN KHOSBAS', 'খোশবাস (দক্ষিণ)', '69', NULL, 0, 0, 0, NULL, NULL),
(2764, 2, 11, 78, '', '', '', 'UTTAR PAYALGACHHA', 'পয়ালগাছা (উত্তর)', '75', NULL, 0, 0, 0, NULL, NULL),
(2765, 2, 11, 78, '', '', '', 'LAKSHMIPUR', 'লক্ষীপুর', '82', 3560, 0, 0, 0, NULL, NULL),
(2766, 2, 11, 78, '', '', '', 'UTTAR SHILMURI', 'শিলমুড়ি (উত্তর)', '88', 3560, 0, 0, 0, NULL, NULL),
(2767, 2, 11, 78, '', '', '', 'SHAKPUR', 'শাকপুর', '91', NULL, 0, 0, 0, NULL, NULL),
(2768, 2, 11, 78, '', '', '', 'DAKSHIN SHILMURI', 'শিলমুড়ি (দক্ষিণ)', '94', 3560, 0, 0, 0, NULL, NULL),
(2769, 2, 11, 79, '', '', '', 'BRAHMAN PARA', 'ব্রাহ্মণপাড়া', '18', 3526, 0, 0, 0, NULL, NULL),
(2770, 2, 11, 79, '', '', '', 'DULALPUR', 'দুলালপুর', '30', 3546, 0, 0, 0, NULL, NULL),
(2771, 2, 11, 79, '', '', '', 'CHANDLA', 'চান্দলা', '44', 3526, 0, 0, 0, NULL, NULL),
(2772, 2, 11, 79, '', '', '', 'SIDLAI', 'শিদলাই', '50', 3526, 0, 0, 0, NULL, NULL),
(2773, 2, 11, 79, '', '', '', 'MADHABPUR', 'মাধবপুর', '56', 3220, 0, 0, 0, NULL, NULL),
(2774, 2, 11, 79, '', '', '', 'MALAPARA', 'মালাপাড়া', '62', 3526, 0, 0, 0, NULL, NULL),
(2775, 2, 11, 79, '', '', '', 'SAHEBABAD', 'সাহেবাবাদ', '82', 3526, 0, 0, 0, NULL, NULL),
(2776, 2, 11, 79, '', '', '', 'SHASHIDAL', 'শশীদল', '88', 3526, 0, 0, 0, NULL, NULL),
(2777, 2, 11, 80, '', '', '', 'BAKSIMAIL', 'বাকশীমূল', '11', NULL, 0, 0, 0, NULL, NULL),
(2778, 2, 11, 80, '', '', '', 'BHARELLA DAKSHIN', 'ভারেল্লা (দক্ষিণ)', '12', NULL, 0, 0, 0, NULL, NULL),
(2779, 2, 11, 80, '', '', '', 'BHARELLA UTTAR', ' ভারেল্লা (উত্তর)', '15', NULL, 0, 0, 0, NULL, NULL),
(2780, 2, 11, 80, '', '', '', 'BURICHANG', 'বুড়িচং', '31', 3520, 0, 0, 0, NULL, NULL),
(2781, 2, 11, 80, '', '', '', 'MAINAMATI', 'ময়নামতি', '63', 3520, 0, 0, 0, NULL, NULL),
(2782, 2, 11, 80, '', '', '', 'MOKAM', 'মোকাম ', '69', 3520, 0, 0, 0, NULL, NULL),
(2783, 2, 11, 80, '', '', '', 'PIR JATRAPUR', 'পীরযাত্রাপূর', '72', 3520, 0, 0, 0, NULL, NULL),
(2784, 2, 11, 80, '', '', '', 'RAJAPUR', 'রাজাপুর', '75', 7630, 0, 0, 0, NULL, NULL),
(2785, 2, 11, 80, '', '', '', 'SHOLANAL', 'ষোলনল', '94', 3520, 0, 0, 0, NULL, NULL),
(2786, 2, 11, 81, '', '', '', 'KERAN KHAL', 'কেরনখাল', '13', NULL, 0, 0, 0, NULL, NULL),
(2787, 2, 11, 81, '', '', '', 'BARERA', 'বাড়েরা', '15', 3510, 0, 0, 0, NULL, NULL),
(2788, 2, 11, 81, '', '', '', 'MAHICHAL', 'মহিচাইল', '20', NULL, 0, 0, 0, NULL, NULL),
(2789, 2, 11, 81, '', '', '', 'BARA KARAI', ' বরকরই', '23', 3510, 0, 0, 0, NULL, NULL),
(2790, 2, 11, 81, '', '', '', 'JOYAG', 'জোয়াগ', '31', NULL, 0, 0, 0, NULL, NULL),
(2791, 2, 11, 81, '', '', '', 'BARKAIT', 'বরকইট ', '39', NULL, 0, 0, 0, NULL, NULL),
(2792, 2, 11, 81, '', '', '', 'ATBAR PUR', 'এতবারপুর', '47', NULL, 0, 0, 0, NULL, NULL),
(2793, 2, 11, 81, '', '', '', 'GALLAI', 'গল্লাই', '55', 3510, 0, 0, 0, NULL, NULL),
(2794, 2, 11, 81, '', '', '', 'DOLLAI NOWABAB PUR', 'দোল্লাই নবাবপুর', '63', NULL, 0, 0, 0, NULL, NULL),
(2795, 2, 11, 81, '', '', '', 'MADHYA', 'মাধাইয়া', '71', 3510, 0, 0, 0, NULL, NULL),
(2796, 2, 11, 81, '', '', '', 'MAIJKHAR', 'মাইজখার', '79', 3510, 0, 0, 0, NULL, NULL),
(2797, 2, 11, 81, '', '', '', 'BATAKASH', 'বাতাঘাসী', '87', NULL, 0, 0, 0, NULL, NULL),
(2798, 2, 11, 81, '', '', '', 'SUHILPUR', 'সুহিলপুর ', '94', 3510, 0, 0, 0, NULL, NULL),
(2799, 2, 11, 82, '', '', '', 'ALKARA', 'আলকরা', '10', 3550, 0, 0, 0, NULL, NULL),
(2800, 2, 11, 82, '', '', '', 'BATISHA', 'বাতিসা', '15', 3550, 0, 0, 0, NULL, NULL),
(2801, 2, 11, 82, '', '', '', 'CHEORA', 'চিওড়া', '19', 3550, 0, 0, 0, NULL, NULL),
(2802, 2, 11, 82, '', '', '', 'GHOLPASHA', 'ঘোলপাশা', '38', 3550, 0, 0, 0, NULL, NULL),
(2803, 2, 11, 82, '', '', '', 'GUNABATI', 'গুনবতী', '42', 3550, 0, 0, 0, NULL, NULL),
(2804, 2, 11, 82, '', '', '', 'JAGANNATH DIGHI', 'জগন্নাথদিঘী', '47', 3550, 0, 0, 0, NULL, NULL),
(2805, 2, 11, 82, '', '', '', 'KALIKAPUR', 'কালিকাপুর', '52', 8600, 0, 0, 0, NULL, NULL),
(2806, 2, 11, 82, '', '', '', 'KANKAPAIT', 'কনকাপৈত', '57', 3550, 0, 0, 0, NULL, NULL),
(2807, 2, 11, 82, '', '', '', 'KASHINAGAR', 'কাশিনগর', '61', 3550, 0, 0, 0, NULL, NULL),
(2808, 2, 11, 82, '', '', '', 'MUNSHIRHAT', 'মুন্সীরহাট', '71', 3550, 0, 0, 0, NULL, NULL),
(2809, 2, 11, 82, '', '', '', 'SHUBHAPUR', 'শুভপুর', '85', 3550, 0, 0, 0, NULL, NULL),
(2810, 2, 11, 82, '', '', '', 'SREEPUR', 'শ্রীপুর', '90', 7610, 0, 0, 0, NULL, NULL),
(2811, 2, 11, 82, '', '', '', 'UJIRPUR', 'উজিরপুর ', '95', 3550, 0, 0, 0, NULL, NULL),
(2812, 2, 11, 83, '', '', '', 'BAGHMARA DAKSHIN', ' বাগমারা দক্ষিন', '12', NULL, 0, 0, 0, NULL, NULL),
(2813, 2, 11, 83, '', '', '', 'BAGHMARA UTTAR', 'বাগমারা উত্তর', '13', NULL, 0, 0, 0, NULL, NULL),
(2814, 2, 11, 83, '', '', '', 'BARA PARA', 'বারপাড়া', '24', 3500, 0, 0, 0, NULL, NULL),
(2815, 2, 11, 83, '', '', '', 'BELGHAR DAKSHIN', 'বেলঘর দক্ষিন', '28', NULL, 0, 0, 0, NULL, NULL),
(2816, 2, 11, 83, '', '', '', 'BELGHAR UTTAR', 'বেলঘর উত্তর', '29', NULL, 0, 0, 0, NULL, NULL),
(2817, 2, 11, 83, '', '', '', 'BHOLAIN (DAKSHIN)', ' ভুলইন দক্ষিন', '31', NULL, 0, 0, 0, NULL, NULL),
(2818, 2, 11, 83, '', '', '', 'BHOLAIN (UTTAR)', 'ভুলইন উত্তর', '33', NULL, 0, 0, 0, NULL, NULL),
(2819, 2, 11, 83, '', '', '', 'BIJOYPUR', 'বিজয়পুর', '35', 3500, 0, 0, 0, NULL, NULL),
(2820, 2, 11, 83, '', '', '', 'CHOUARA', 'চৌয়ারা', '39', 3500, 0, 0, 0, NULL, NULL),
(2821, 2, 11, 83, '', '', '', 'GALIARA', ' গলিয়ারা', '58', 3500, 0, 0, 0, NULL, NULL),
(2822, 2, 11, 83, '', '', '', 'PURBA JOREKARAN', 'পূর্ব জোড়কানন', '73', NULL, 0, 0, 0, NULL, NULL),
(2823, 2, 11, 83, '', '', '', 'PASCHIM JOREKARAN', 'পশ্চিম জোড়কানন', '80', NULL, 0, 0, 0, NULL, NULL),
(2824, 2, 11, 83, '', '', '', 'PERUL (DAKSHIN)', 'পেরুল দক্ষিন', '83', NULL, 0, 0, 0, NULL, NULL),
(2825, 2, 11, 83, '', '', '', 'PERUL (UTTAR)', 'পেরুল উত্তর', '87', NULL, 0, 0, 0, NULL, NULL),
(2826, 2, 11, 84, '', '', '', 'DAUDKANDI UTTAR', 'দাউদকান্দি (উঃ)', '21', NULL, 0, 0, 0, NULL, NULL),
(2827, 2, 11, 84, '', '', '', 'BITESHWAR', 'বিটেশ্বর', '25', NULL, 0, 0, 0, NULL, NULL),
(2828, 2, 11, 84, '', '', '', 'ELLIOTGANJ UTTAR', 'ইলিয়টগঞ্জ (উঃ)', '30', NULL, 0, 0, 0, NULL, NULL),
(2829, 2, 11, 84, '', '', '', 'ELLIOTGANJ DAKSHIN', 'ইলিয়টগঞ্জ (দঃ)', '34', NULL, 0, 0, 0, NULL, NULL),
(2830, 2, 11, 84, '', '', '', 'GOALMARI', 'গোয়ালমারী', '38', 3516, 0, 0, 0, NULL, NULL),
(2831, 2, 11, 84, '', '', '', 'JINGLATALI', 'জিংলাতলী', '47', 3516, 0, 0, 0, NULL, NULL),
(2832, 2, 11, 84, '', '', '', 'GAURIPUR', 'গৌরীপুর', '51', 8550, 0, 0, 0, NULL, NULL),
(2833, 2, 11, 84, '', '', '', 'MARUKA', 'মারুকা ', '64', 3516, 0, 0, 0, NULL, NULL),
(2834, 2, 11, 84, '', '', '', 'MOHAMMADPUR PASCHIM', 'মোহাম্মদপুর (পশ্চিম)', '73', 3516, 0, 0, 0, NULL, NULL),
(2835, 2, 11, 84, '', '', '', 'PANCHGACHHIA)', 'পাঁচগাছিয়া ', '82', NULL, 0, 0, 0, NULL, NULL),
(2836, 2, 11, 84, '', '', '', 'MOHAMMADPUR PURBA', 'মোহাম্মদপুর (পূর্ব)', '84', 3516, 0, 0, 0, NULL, NULL),
(2837, 2, 11, 84, '', '', '', 'PADUA', 'পদুয়া', '85', 3516, 0, 0, 0, NULL, NULL),
(2838, 2, 11, 84, '', '', '', 'PANCHGACHHIA PASCHIM', 'পাঁচগাছিয়া (পশ্চিম', '86', NULL, 0, 0, 0, NULL, NULL),
(2839, 2, 11, 84, '', '', '', 'BARAPARA', 'বারপাড়া', '90', NULL, 0, 0, 0, NULL, NULL),
(2840, 2, 11, 84, '', '', '', 'SUNDALPUR', 'সুন্দলপুর', '94', 3516, 0, 0, 0, NULL, NULL),
(2841, 2, 11, 85, '', '', '', 'BARA SHALGHAR', 'বড়শালঘর ', '10', 3530, 0, 0, 0, NULL, NULL);
INSERT INTO `geo_unions` (`id`, `geo_division_id`, `geo_district_id`, `geo_upazila_id`, `division_bbs_code`, `district_bbs_code`, `upazila_bbs_code`, `union_name_eng`, `union_name_bng`, `bbs_code`, `postcode`, `status`, `created_by`, `modified_by`, `created_at`, `updated_at`) VALUES
(2842, 2, 11, 85, '', '', '', 'ISAB PUR', 'ইউসুফপুর', '11', NULL, 0, 0, 0, NULL, NULL),
(2843, 2, 11, 85, '', '', '', 'MOHAN PUR', 'মোহনপুর', '17', NULL, 0, 0, 0, NULL, NULL),
(2844, 2, 11, 85, '', '', '', 'BARKAMTA', 'বরকামতা', '23', 3530, 0, 0, 0, NULL, NULL),
(2845, 2, 11, 85, '', '', '', 'DHAMTI', 'ধামতী', '35', 3530, 0, 0, 0, NULL, NULL),
(2846, 2, 11, 85, '', '', '', 'SULTANPUR', 'সুলতানপুর', '41', 3190, 0, 0, 0, NULL, NULL),
(2847, 2, 11, 85, '', '', '', 'FATEHABAD', 'ফতেহাবাদ', '47', 3530, 0, 0, 0, NULL, NULL),
(2848, 2, 11, 85, '', '', '', 'UTTAR GUNAIGHAR', 'গুনাইঘর (উত্তর)', '53', NULL, 0, 0, 0, NULL, NULL),
(2849, 2, 11, 85, '', '', '', 'DAKSHIN GUNAIGHAR', 'গুনাইঘর (দক্ষিণ)', '59', NULL, 0, 0, 0, NULL, NULL),
(2850, 2, 11, 85, '', '', '', 'JAFARGANJ', 'জাফরগঞ্জ', '65', NULL, 0, 0, 0, NULL, NULL),
(2851, 2, 11, 85, '', '', '', 'ELAHABAD', 'এলাহাবাদ', '71', 3530, 0, 0, 0, NULL, NULL),
(2852, 2, 11, 85, '', '', '', 'RAJAMEHAR', 'রাজামেহার', '77', NULL, 0, 0, 0, NULL, NULL),
(2853, 2, 11, 85, '', '', '', 'BHANI', 'ভানী', '83', 3530, 0, 0, 0, NULL, NULL),
(2854, 2, 11, 85, '', '', '', 'RASULPUR', 'রসুলপুর', '89', 8340, 0, 0, 0, NULL, NULL),
(2855, 2, 11, 85, '', '', '', 'SUBIL', 'সুবিল', '95', 3530, 0, 0, 0, NULL, NULL),
(2856, 2, 11, 86, '', '', '', 'ASADPUR', 'আসাদপুর', '15', 3546, 0, 0, 0, NULL, NULL),
(2857, 2, 11, 86, '', '', '', 'BHASANIA', 'ভাষানিয়া', '20', 3546, 0, 0, 0, NULL, NULL),
(2858, 2, 11, 86, '', '', '', 'DULAL PUR', 'দুলালপুর', '22', NULL, 0, 0, 0, NULL, NULL),
(2859, 2, 11, 86, '', '', '', 'JOYPUR', 'জয়পুর', '25', 7511, 0, 0, 0, NULL, NULL),
(2860, 2, 11, 86, '', '', '', 'CHANDER CHAR', 'চান্দের চর', '28', NULL, 0, 0, 0, NULL, NULL),
(2861, 2, 11, 86, '', '', '', 'GHAGUTIA', 'ঘাগুটিয়া', '47', 3546, 0, 0, 0, NULL, NULL),
(2862, 2, 11, 86, '', '', '', 'GARMORA', 'ঘারমোড়া', '50', NULL, 0, 0, 0, NULL, NULL),
(2863, 2, 11, 86, '', '', '', 'MATHABANGA', 'মাথাভাঙ্গা', '76', NULL, 0, 0, 0, NULL, NULL),
(2864, 2, 11, 86, '', '', '', 'NILAKHI', 'নিলখী', '85', 3546, 0, 0, 0, NULL, NULL),
(2865, 2, 11, 87, '', '', '', 'AMRATALI', 'আমড়াতলী', '22', 3500, 0, 0, 0, NULL, NULL),
(2866, 2, 11, 87, '', '', '', 'DAKSHIN DURGAPUR', 'দূর্গাপুর (দক্ষিণ', '51', 3500, 0, 0, 0, NULL, NULL),
(2867, 2, 11, 87, '', '', '', 'JAGANNATHPUR', 'জগন্নাথপুর', '65', 7010, 0, 0, 0, NULL, NULL),
(2868, 2, 11, 87, '', '', '', 'KALIR BAZAR', 'কালির বাজার', '68', 3500, 0, 0, 0, NULL, NULL),
(2869, 2, 11, 87, '', '', '', 'PANCHTHUBI', 'পাঁচথুবী', '90', 3500, 0, 0, 0, NULL, NULL),
(2870, 2, 11, 87, '', '', '', 'UTTAR DURGAPUR', 'দূর্গাপুর (উত্তর)', '94', 3500, 0, 0, 0, NULL, NULL),
(2871, 2, 11, 87, '', '', '', 'COMILLA CANTT', 'কুমিল্লা ক্যান্টনমেন্ট ', '98', NULL, 0, 0, 0, NULL, NULL),
(2872, 2, 11, 88, '', '', '', 'BAKAI', 'বাকই', '17', 3570, 0, 0, 0, NULL, NULL),
(2873, 2, 11, 88, '', '', '', 'GOBINDAPUR', 'গোবিন্দপুর', '35', 3570, 0, 0, 0, NULL, NULL),
(2874, 2, 11, 88, '', '', '', 'LAKSAM', 'লাকসাম', '52', 3570, 0, 0, 0, NULL, NULL),
(2875, 2, 11, 88, '', '', '', 'MUDAFARGANJ', 'মুদাফরগঞ্জ', '63', NULL, 0, 0, 0, NULL, NULL),
(2876, 2, 11, 88, '', '', '', 'KANDIRPAR', 'কান্দিরপাড়', '77', 3570, 0, 0, 0, NULL, NULL),
(2877, 2, 11, 88, '', '', '', 'AJGARA', 'আজগরা', '84', 3570, 0, 0, 0, NULL, NULL),
(2878, 2, 11, 88, '', '', '', 'UTTARDAH', 'উত্তরদা', '87', 3570, 0, 0, 0, NULL, NULL),
(2879, 2, 11, 89, '', '', '', 'BAISHGAON', 'বাইশগাঁও', '13', 3500, 0, 0, 0, NULL, NULL),
(2880, 2, 11, 89, '', '', '', 'BIPULASAR', 'বিপুলাসার', '17', 3500, 0, 0, 0, NULL, NULL),
(2881, 2, 11, 89, '', '', '', 'HASNABAD', 'হাসনাবাদ', '31', 3500, 0, 0, 0, NULL, NULL),
(2882, 2, 11, 89, '', '', '', 'JHALAM (UTTAR)', 'ঝলম উত্তর', '42', NULL, 0, 0, 0, NULL, NULL),
(2883, 2, 11, 89, '', '', '', 'JHALAM (DAKSHIN)', 'ঝলম দক্ষিণ', '45', NULL, 0, 0, 0, NULL, NULL),
(2884, 2, 11, 89, '', '', '', 'KHILA', 'খিলা', '53', 3500, 0, 0, 0, NULL, NULL),
(2885, 2, 11, 89, '', '', '', 'LAKSHMANPUR', 'লক্ষণপুর', '59', NULL, 0, 0, 0, NULL, NULL),
(2886, 2, 11, 89, '', '', '', 'MAISATUA', 'মৈশাতুয়া', '63', 3500, 0, 0, 0, NULL, NULL),
(2887, 2, 11, 89, '', '', '', 'NATHER PETUA', 'নাথেরপেটুয়া', '70', 3500, 0, 0, 0, NULL, NULL),
(2888, 2, 11, 89, '', '', '', 'SARASHPUR', 'সরসপুর', '82', 3500, 0, 0, 0, NULL, NULL),
(2889, 2, 11, 89, '', '', '', 'UTTAR HAWLA', 'উত্তর হাওলা', '94', 3500, 0, 0, 0, NULL, NULL),
(2890, 2, 11, 90, '', '', '', 'BAORKHOLA', 'ভাওরখোলা', '11', NULL, 0, 0, 0, NULL, NULL),
(2891, 2, 11, 90, '', '', '', 'BARAKANDA', 'বড়কান্দা', '12', 3515, 0, 0, 0, NULL, NULL),
(2892, 2, 11, 90, '', '', '', 'CHANDANPUR', 'চন্দনপুর', '19', 9410, 0, 0, 0, NULL, NULL),
(2893, 2, 11, 90, '', '', '', 'CHALIBHANGA', 'চালিভাঙ্গা', '21', 3515, 0, 0, 0, NULL, NULL),
(2894, 2, 11, 90, '', '', '', 'GOBINDAPUR', 'গোবিন্দপুর', '43', 3570, 0, 0, 0, NULL, NULL),
(2895, 2, 11, 90, '', '', '', 'LUTER CHAR', 'লুটেরচর', '53', NULL, 0, 0, 0, NULL, NULL),
(2896, 2, 11, 90, '', '', '', 'MANIKER CHAR', 'মানিকারচর', '71', NULL, 0, 0, 0, NULL, NULL),
(2897, 2, 11, 90, '', '', '', 'RADHANAGAR', 'রাধানাগর', '95', 5040, 0, 0, 0, NULL, NULL),
(2898, 2, 11, 91, '', '', '', 'AKUBPUR', 'আকুবপুর', '10', 3540, 0, 0, 0, NULL, NULL),
(2899, 2, 11, 91, '', '', '', 'ANDIKOT', 'আন্দিকোট', '11', 3540, 0, 0, 0, NULL, NULL),
(2900, 2, 11, 91, '', '', '', 'PURBA BANGARA', 'বাংগরা(পূর্ব)', '13', 3540, 0, 0, 0, NULL, NULL),
(2901, 2, 11, 91, '', '', '', 'PASCHIM BANGARA', 'বাংগরা(পশ্চিম)', '18', 3540, 0, 0, 0, NULL, NULL),
(2902, 2, 11, 91, '', '', '', 'CHAPITALA', 'চাপিতলা', '22', 3540, 0, 0, 0, NULL, NULL),
(2903, 2, 11, 91, '', '', '', 'DARORA', 'দারোরা', '27', NULL, 0, 0, 0, NULL, NULL),
(2904, 2, 11, 91, '', '', '', 'CHHALIAKANDI', 'ছালিয়াকান্দি', '31', 3540, 0, 0, 0, NULL, NULL),
(2905, 2, 11, 91, '', '', '', 'DHAMGHAR', 'ধামঘর', '36', 3540, 0, 0, 0, NULL, NULL),
(2906, 2, 11, 91, '', '', '', 'JAHAPUR', 'জাহাপুর', '40', 3540, 0, 0, 0, NULL, NULL),
(2907, 2, 11, 91, '', '', '', 'JATRAPUR', 'যাত্রাপুর', '45', 9300, 0, 0, 0, NULL, NULL),
(2908, 2, 11, 91, '', '', '', 'KAMALLA', 'কামাল্লা', '49', 3540, 0, 0, 0, NULL, NULL),
(2909, 2, 11, 91, '', '', '', 'MURADNAGAR', 'মুরাদনগর', '54', 3540, 0, 0, 0, NULL, NULL),
(2910, 2, 11, 91, '', '', '', 'PURBA NABIPUR', 'নবীপুর(পূর্ব)', '58', 3540, 0, 0, 0, NULL, NULL),
(2911, 2, 11, 91, '', '', '', 'PASCHIM NABIPUR', 'নবীপুর(পশ্চিম)', '63', 3540, 0, 0, 0, NULL, NULL),
(2912, 2, 11, 91, '', '', '', 'PAHARPUR', 'পাহাড়পুর', '67', 3400, 0, 0, 0, NULL, NULL),
(2913, 2, 11, 91, '', '', '', 'BABUTI PARA', 'বাবুটিপাড়া', '72', NULL, 0, 0, 0, NULL, NULL),
(2914, 2, 11, 91, '', '', '', 'PURBA PURBADHAIR', 'পূর্বধইর(পূর্ব)', '76', 3540, 0, 0, 0, NULL, NULL),
(2915, 2, 11, 91, '', '', '', 'PASCHIM PURBADHAIR', 'পূর্বধইর(পশ্চিম)', '81', 3540, 0, 0, 0, NULL, NULL),
(2916, 2, 11, 91, '', '', '', 'UTTAR RAMCHANDRAPUR', 'রামচন্দ্রপুর(উত্তর)', '85', 3540, 0, 0, 0, NULL, NULL),
(2917, 2, 11, 91, '', '', '', 'DAKSHIN RAMCHANDRAPUR', 'রামচন্দ্রপুর(দক্ষিণ)', '90', 3540, 0, 0, 0, NULL, NULL),
(2918, 2, 11, 91, '', '', '', 'TANKI', 'টনকী', '91', NULL, 0, 0, 0, NULL, NULL),
(2919, 2, 11, 91, '', '', '', 'SREEKAIL', 'শ্রীকাইল', '94', 3540, 0, 0, 0, NULL, NULL),
(2920, 2, 11, 92, '', '', '', 'ADRA', 'আদ্রা', '11', 3560, 0, 0, 0, NULL, NULL),
(2921, 2, 11, 92, '', '', '', 'BANGODDA', 'বাঙ্গড্ডা', '17', 3580, 0, 0, 0, NULL, NULL),
(2922, 2, 11, 92, '', '', '', 'BAKSHAGANJ', 'বক্সগন্জ', '34', 3580, 0, 0, 0, NULL, NULL),
(2923, 2, 11, 92, '', '', '', 'DHALUA', 'ঢালুয়া', '43', 8700, 0, 0, 0, NULL, NULL),
(2924, 2, 11, 92, '', '', '', 'DAULKHAR', 'দৌলখাঁড়', '51', 3580, 0, 0, 0, NULL, NULL),
(2925, 2, 11, 92, '', '', '', 'HESAKHAL', 'হেসাখাল', '57', NULL, 0, 0, 0, NULL, NULL),
(2926, 2, 11, 92, '', '', '', 'JODDA', 'জোড্ডা', '60', 3580, 0, 0, 0, NULL, NULL),
(2927, 2, 11, 92, '', '', '', 'MOKARA', 'মৌকরা', '69', 3580, 0, 0, 0, NULL, NULL),
(2928, 2, 11, 92, '', '', '', 'MOKRABPUR', 'মক্রবপুর', '73', NULL, 0, 0, 0, NULL, NULL),
(2929, 2, 11, 92, '', '', '', 'PERIA', 'পেড়িয়া', '80', 3580, 0, 0, 0, NULL, NULL),
(2930, 2, 11, 92, '', '', '', 'ROYKOT', 'রায়কোট', '86', 3580, 0, 0, 0, NULL, NULL),
(2931, 2, 11, 92, '', '', '', 'SATBARIA', 'সাতবাড়ীয়া', '94', 3580, 0, 0, 0, NULL, NULL),
(2932, 2, 11, 93, '', '', '', 'BALARAMPUR', 'বলরামপুর', '10', 5040, 0, 0, 0, NULL, NULL),
(2933, 2, 11, 93, '', '', '', 'BITIKANDI', 'ভিটিকান্দি', '17', 3500, 0, 0, 0, NULL, NULL),
(2934, 2, 11, 93, '', '', '', 'JAGATPUR', 'জগতপুর', '35', 3500, 0, 0, 0, NULL, NULL),
(2935, 2, 11, 93, '', '', '', 'JIARKANDI', 'জিয়ারকান্দি', '45', 3500, 0, 0, 0, NULL, NULL),
(2936, 2, 11, 93, '', '', '', 'KALAKANDI', 'কলাকন্দি', '62', 3500, 0, 0, 0, NULL, NULL),
(2937, 2, 11, 93, '', '', '', 'KARIKANDI', 'কড়িকান্দি', '67', 3500, 0, 0, 0, NULL, NULL),
(2938, 2, 11, 93, '', '', '', 'MAJIDPUR', 'মজিদপুর', '69', 7450, 0, 0, 0, NULL, NULL),
(2939, 2, 11, 93, '', '', '', 'NARAYANDIA', 'নারান্দিয়া', '77', NULL, 0, 0, 0, NULL, NULL),
(2940, 2, 11, 93, '', '', '', 'SATANI', 'সাতানী', '85', 3500, 0, 0, 0, NULL, NULL),
(2941, 2, 12, 94, '', '', '', 'BADARKHALI', 'বদরখালী', '10', 8700, 0, 0, 0, NULL, NULL),
(2942, 2, 12, 94, '', '', '', 'BAMO BILCHARI', 'বমু বিলছড়ি', '12', NULL, 0, 0, 0, NULL, NULL),
(2943, 2, 12, 94, '', '', '', 'BARAITALI', 'বরইতলী', '16', NULL, 0, 0, 0, NULL, NULL),
(2944, 2, 12, 94, '', '', '', 'BHEOLA MANIK CHAR', 'ভেওলা মানিকচর', '22', 4741, 0, 0, 0, NULL, NULL),
(2945, 2, 12, 94, '', '', '', 'CHIRINGA', 'চিরিংগা', '27', 4741, 0, 0, 0, NULL, NULL),
(2946, 2, 12, 94, '', '', '', 'DEMUSIA', 'ঢেমুশিয়া', '31', NULL, 0, 0, 0, NULL, NULL),
(2947, 2, 12, 94, '', '', '', 'DULAHAZARA', 'ডুলাহাজারা', '33', NULL, 0, 0, 0, NULL, NULL),
(2948, 2, 12, 94, '', '', '', 'PURBA BARABHEOLA', 'পূর্ব বড় ভেওলা', '39', 4741, 0, 0, 0, NULL, NULL),
(2949, 2, 12, 94, '', '', '', 'FASIAKHALI', 'ফাঁসিয়াখালী', '44', 4741, 0, 0, 0, NULL, NULL),
(2950, 2, 12, 94, '', '', '', 'HARBANG', 'হারবাং', '50', 4741, 0, 0, 0, NULL, NULL),
(2951, 2, 12, 94, '', '', '', 'KAKHARA', 'কাকারা', '55', NULL, 0, 0, 0, NULL, NULL),
(2952, 2, 12, 94, '', '', '', 'KAIARBIL', 'কৈয়ারবিল', '61', 4741, 0, 0, 0, NULL, NULL),
(2953, 2, 12, 94, '', '', '', 'KHUNTAKHALI', 'খুটাখালী', '67', NULL, 0, 0, 0, NULL, NULL),
(2954, 2, 12, 94, '', '', '', 'KONAKHALI', 'কোনাখালী', '69', 4741, 0, 0, 0, NULL, NULL),
(2955, 2, 12, 94, '', '', '', 'LAKHYARCHAR', 'লক্ষ্যারচর', '72', 4741, 0, 0, 0, NULL, NULL),
(2956, 2, 12, 94, '', '', '', 'SAHARBIL', 'সাহারবিল', '80', 4741, 0, 0, 0, NULL, NULL),
(2957, 2, 12, 94, '', '', '', 'SURAJPUR MANIKPUR', 'সুরাজপুর', '87', NULL, 0, 0, 0, NULL, NULL),
(2958, 2, 12, 94, '', '', '', 'PASCHIM BARA BHEOLA', 'পশ্চিম বড় ভেওলা', '94', 4741, 0, 0, 0, NULL, NULL),
(2959, 2, 12, 95, '', '', '', 'BHARUAKHALI', 'ভারুয়া খালী', '20', 4700, 0, 0, 0, NULL, NULL),
(2960, 2, 12, 95, '', '', '', 'CHAUFALDANDI', 'চৌফলদন্ড়ী', '22', 4700, 0, 0, 0, NULL, NULL),
(2961, 2, 12, 95, '', '', '', 'IDGAON', 'ঈদগাহ', '35', 4700, 0, 0, 0, NULL, NULL),
(2962, 2, 12, 95, '', '', '', 'ISLAMPUR', 'ইসলাম পুর', '38', 3080, 0, 0, 0, NULL, NULL),
(2963, 2, 12, 95, '', '', '', 'ISLAMABAD', 'ইসলামাবাদ', '42', 3643, 0, 0, 0, NULL, NULL),
(2964, 2, 12, 95, '', '', '', 'JALALABAD', 'জালালাবাদ', '45', 9410, 0, 0, 0, NULL, NULL),
(2965, 2, 12, 95, '', '', '', 'JHILWANJA', 'ঝিলংজা', '47', 4700, 0, 0, 0, NULL, NULL),
(2966, 2, 12, 95, '', '', '', 'KHURUSHKUL', 'খুরুশকুল', '59', 4700, 0, 0, 0, NULL, NULL),
(2967, 2, 12, 95, '', '', '', 'PATALI MACHHUAKHALI', 'পি.এম.খালী', '71', 4700, 0, 0, 0, NULL, NULL),
(2968, 2, 12, 95, '', '', '', 'POKKHALI', 'পোক খালী', '83', 4700, 0, 0, 0, NULL, NULL),
(2969, 2, 12, 96, '', '', '', 'ALI AKBAR DEIL', 'আলিআকবরডেইল', '13', NULL, 0, 0, 0, NULL, NULL),
(2970, 2, 12, 96, '', '', '', 'BARAGHOP', 'বড়ঘোপ', '27', NULL, 0, 0, 0, NULL, NULL),
(2971, 2, 12, 96, '', '', '', 'DAKSHIN DHURUNG', 'দক্ষিণধুরুং', '40', 4720, 0, 0, 0, NULL, NULL),
(2972, 2, 12, 96, '', '', '', 'KAIYARBIL', 'কৈয়ারবিল', '54', 4720, 0, 0, 0, NULL, NULL),
(2973, 2, 12, 96, '', '', '', 'LEMSIKHALI', 'লেমসিখালী', '67', 4720, 0, 0, 0, NULL, NULL),
(2974, 2, 12, 96, '', '', '', 'UTTAR DHURUNG', 'উত্তরধুরুং', '81', 4720, 0, 0, 0, NULL, NULL),
(2975, 2, 12, 97, '', '', '', 'BARA MAHESKHALI', 'বড় মহেশখালী', '11', 4710, 0, 0, 0, NULL, NULL),
(2976, 2, 12, 97, '', '', '', 'CHHOTAMOHES KHALI', 'ছোট মহেশখালী', '18', NULL, 0, 0, 0, NULL, NULL),
(2977, 2, 12, 97, '', '', '', 'DHALGHATA', 'ধলঘাটা', '23', NULL, 0, 0, 0, NULL, NULL),
(2978, 2, 12, 97, '', '', '', 'HOANAK', 'হোয়ানক', '47', 4710, 0, 0, 0, NULL, NULL),
(2979, 2, 12, 97, '', '', '', 'KALARMARCHHARA', 'কালামারছড়া', '59', 4710, 0, 0, 0, NULL, NULL),
(2980, 2, 12, 97, '', '', '', 'KUTUBJOM', 'কুতুবজোম ', '62', 4710, 0, 0, 0, NULL, NULL),
(2981, 2, 12, 97, '', '', '', 'MATARBARI', 'মাতারবাড়ী', '71', 4710, 0, 0, 0, NULL, NULL),
(2982, 2, 12, 97, '', '', '', 'SAFLAPUR', 'শাপলাপুর ', '83', NULL, 0, 0, 0, NULL, NULL),
(2983, 2, 12, 98, '', '', '', 'BARA BAKIA', 'বারবাকিয়া', '11', 4740, 0, 0, 0, NULL, NULL),
(2984, 2, 12, 98, '', '', '', 'UJANTIA', 'উজানটিয়া', '55', NULL, 0, 0, 0, NULL, NULL),
(2985, 2, 12, 98, '', '', '', 'MAGNAMA', 'মগনামা', '78', 4740, 0, 0, 0, NULL, NULL),
(2986, 2, 12, 98, '', '', '', 'PEKUA', 'পেকুয়া', '83', 4740, 0, 0, 0, NULL, NULL),
(2987, 2, 12, 98, '', '', '', 'RAJAKHALI', 'রাজাখালী', '89', 4740, 0, 0, 0, NULL, NULL),
(2988, 2, 12, 98, '', '', '', 'SHILKHALI', 'শিলখালী', '93', 4740, 0, 0, 0, NULL, NULL),
(2989, 2, 12, 98, '', '', '', 'TAITONG', 'টৈটং', '96', NULL, 0, 0, 0, NULL, NULL),
(2990, 2, 12, 99, '', '', '', 'CHAKMARKUL', 'চাকমারকুল', '13', 4730, 0, 0, 0, NULL, NULL),
(2991, 2, 12, 99, '', '', '', 'FATEKHARKUL', 'ফতেখারকুল', '15', 4730, 0, 0, 0, NULL, NULL),
(2992, 2, 12, 99, '', '', '', 'GARJANIA', 'গর্জনিয়া', '19', 4730, 0, 0, 0, NULL, NULL),
(2993, 2, 12, 99, '', '', '', 'IDGAR', 'ঈদগড়', '28', 4730, 0, 0, 0, NULL, NULL),
(2994, 2, 12, 99, '', '', '', 'JOARIANALA', 'জোরিয়ানালা', '38', 4730, 0, 0, 0, NULL, NULL),
(2995, 2, 12, 99, '', '', '', 'KACHHAPIA', 'কচ্ছপিয়া', '47', 4730, 0, 0, 0, NULL, NULL),
(2996, 2, 12, 99, '', '', '', 'KHUNIAPALONG', 'খুনিয়া পালং', '57', NULL, 0, 0, 0, NULL, NULL),
(2997, 2, 12, 99, '', '', '', 'KAUARKHOP', 'কাউয়ারখোপ', '66', NULL, 0, 0, 0, NULL, NULL),
(2998, 2, 12, 99, '', '', '', 'RASHID NAGAR', 'রশিদ নগর', '70', NULL, 0, 0, 0, NULL, NULL),
(2999, 2, 12, 99, '', '', '', 'RAJARKUL', 'রাজারকুল', '76', 4730, 0, 0, 0, NULL, NULL),
(3000, 2, 12, 99, '', '', '', 'DAKSHIN MITHACHHARI', 'দক্ষিন মিঠাছিড়', '85', 4730, 0, 0, 0, NULL, NULL),
(3001, 2, 12, 100, '', '', '', 'BAHARCHHARA', 'বাহারছড়া ', '15', 4390, 0, 0, 0, NULL, NULL),
(3002, 2, 12, 100, '', '', '', 'NHILLA', 'হ্নীলা ', '31', NULL, 0, 0, 0, NULL, NULL),
(3003, 2, 12, 100, '', '', '', 'ST.MARTIN DWIP', 'সেন্ট মার্টিন', '39', 4760, 0, 0, 0, NULL, NULL),
(3004, 2, 12, 100, '', '', '', 'SABRANG', 'সাবরাং ', '47', 4760, 0, 0, 0, NULL, NULL),
(3005, 2, 12, 100, '', '', '', 'TEKNAF', 'টেকনাফ সদরই', '63', 4760, 0, 0, 0, NULL, NULL),
(3006, 2, 12, 100, '', '', '', 'WHYKONG', 'টেকনাফ সদর ', '79', 4760, 0, 0, 0, NULL, NULL),
(3007, 2, 12, 101, '', '', '', 'HALDIA PALONG', 'হলদিয়া পালং', '15', 4750, 0, 0, 0, NULL, NULL),
(3008, 2, 12, 101, '', '', '', 'JALIA PALONG', 'জালিয়াপালং', '31', 4750, 0, 0, 0, NULL, NULL),
(3009, 2, 12, 101, '', '', '', 'RAJA PALONG', 'রাজাপালং', '47', 4750, 0, 0, 0, NULL, NULL),
(3010, 2, 12, 101, '', '', '', 'RATNA PALONG', 'রত্নাপালং', '63', 4750, 0, 0, 0, NULL, NULL),
(3011, 2, 12, 101, '', '', '', 'PALONG KHALI', 'পালংখালী', '79', 4750, 0, 0, 0, NULL, NULL),
(3012, 2, 12, 102, '', '', '', 'GOPAL', 'ঘোপাল', '47', 3910, 0, 0, 0, NULL, NULL),
(3013, 2, 12, 102, '', '', '', 'MOHAMAYA', 'মহামায়া', '57', 3910, 0, 0, 0, NULL, NULL),
(3014, 2, 12, 102, '', '', '', 'PATHANNAGAR', 'পাঠাননগর', '76', 3910, 0, 0, 0, NULL, NULL),
(3015, 2, 12, 102, '', '', '', 'RADHANAGAR', 'রাধানগর', '85', 5040, 0, 0, 0, NULL, NULL),
(3016, 2, 12, 102, '', '', '', 'SUBHAPUR', 'শুভপুর', '95', 3910, 0, 0, 0, NULL, NULL),
(3017, 2, 12, 103, '', '', '', 'DAGANBHUIYAN', 'দাগনভূঞা', '12', 3920, 0, 0, 0, NULL, NULL),
(3018, 2, 12, 103, '', '', '', 'JAILASHKARA', 'জায়লষ্কর', '38', NULL, 0, 0, 0, NULL, NULL),
(3019, 2, 12, 103, '', '', '', 'MATHU BHUIYAN', 'মাতুভূঞা', '56', 3920, 0, 0, 0, NULL, NULL),
(3020, 2, 12, 103, '', '', '', 'PURBA CHANDRAPUR', 'পূর্ব চন্দ্রপুর', '69', 3920, 0, 0, 0, NULL, NULL),
(3021, 2, 12, 103, '', '', '', 'RAJAPUR', 'রাজাপুর', '73', 7630, 0, 0, 0, NULL, NULL),
(3022, 2, 12, 103, '', '', '', 'RAMNAGAR', 'রামনগর', '77', 7400, 0, 0, 0, NULL, NULL),
(3023, 2, 12, 103, '', '', '', 'SINDURPUR', 'সিন্দুরপুর', '90', 3920, 0, 0, 0, NULL, NULL),
(3024, 2, 12, 103, '', '', '', 'YAKUBPUR', 'ইয়াকুবপুর', '94', 3920, 0, 0, 0, NULL, NULL),
(3025, 2, 13, 104, '', '', '', 'BALIGAON', 'বালিগাঁও', '20', 1520, 0, 0, 0, NULL, NULL),
(3026, 2, 13, 104, '', '', '', 'DHALIA', 'ধলিয়া', '22', 3900, 0, 0, 0, NULL, NULL),
(3027, 2, 13, 104, '', '', '', 'DHARMAPUR', 'ধর্মপুর', '23', 5210, 0, 0, 0, NULL, NULL),
(3028, 2, 13, 104, '', '', '', 'FARHADNAGAR', 'ফরহাদনগর', '25', 3900, 0, 0, 0, NULL, NULL),
(3029, 2, 13, 104, '', '', '', 'FAZILPUR', 'ফাজিলপুর', '30', 5200, 0, 0, 0, NULL, NULL),
(3030, 2, 13, 104, '', '', '', 'KALIDAH', 'কালিদহ', '43', 3900, 0, 0, 0, NULL, NULL),
(3031, 2, 13, 104, '', '', '', 'LEMUA', 'লেমুয়া', '51', 3900, 0, 0, 0, NULL, NULL),
(3032, 2, 13, 104, '', '', '', 'MATABI', 'মোটবী', '60', 3900, 0, 0, 0, NULL, NULL),
(3033, 2, 13, 104, '', '', '', 'PANCHGACHHIYA', 'পাঁচগাচিয়া', '64', 3900, 0, 0, 0, NULL, NULL),
(3034, 2, 13, 104, '', '', '', 'SANUA', 'ছনুয়া', '82', NULL, 0, 0, 0, NULL, NULL),
(3035, 2, 13, 104, '', '', '', 'SHARSHADI', 'শর্শদি', '86', NULL, 0, 0, 0, NULL, NULL),
(3036, 2, 13, 105, '', '', '', 'AMJADHAT', 'আমজাদ হাট', '13', 3942, 0, 0, 0, NULL, NULL),
(3037, 2, 13, 105, '', '', '', 'ANANDAPUR', 'আনন্দপুর', '27', 3942, 0, 0, 0, NULL, NULL),
(3038, 2, 13, 105, '', '', '', 'DARBARPUR', 'দরবারপুর', '54', 3942, 0, 0, 0, NULL, NULL),
(3039, 2, 13, 105, '', '', '', 'FULGAZI', 'ফুলগাজী', '67', 3942, 0, 0, 0, NULL, NULL),
(3040, 2, 13, 105, '', '', '', 'G.M.HAT', 'জি এম হাট', '74', NULL, 0, 0, 0, NULL, NULL),
(3041, 2, 13, 105, '', '', '', 'MUNSHIRHAT', 'মুন্সীর হাট', '81', 3550, 0, 0, 0, NULL, NULL),
(3042, 2, 13, 106, '', '', '', 'CHITHALIA', 'চিথলিয়া', '23', 3940, 0, 0, 0, NULL, NULL),
(3043, 2, 13, 106, '', '', '', 'BAKSH MOHAMMAD', 'বক্সমাহমুদ', '40', 3940, 0, 0, 0, NULL, NULL),
(3044, 2, 13, 106, '', '', '', 'MIRZANAGAR', 'মির্জানগর', '47', 1630, 0, 0, 0, NULL, NULL),
(3045, 2, 13, 107, '', '', '', 'AMIRABAD', 'আমিরাবাদ', '15', 3930, 0, 0, 0, NULL, NULL),
(3046, 2, 13, 107, '', '', '', 'BAGADANA', 'বগাদানা', '19', NULL, 0, 0, 0, NULL, NULL),
(3047, 2, 13, 107, '', '', '', 'CHAR CHANDIA', 'চর চান্দিয়া', '28', NULL, 0, 0, 0, NULL, NULL),
(3048, 2, 13, 107, '', '', '', 'CHAR DARBESH', 'চর দরবেশ', '38', 3930, 0, 0, 0, NULL, NULL),
(3049, 2, 13, 107, '', '', '', 'CHAR MAJLISHPUR', 'চর মজলিশপুর', '47', 3930, 0, 0, 0, NULL, NULL),
(3050, 2, 13, 107, '', '', '', 'MANGALKANDI', 'মংগলকান্দি', '57', 3930, 0, 0, 0, NULL, NULL),
(3051, 2, 13, 107, '', '', '', 'MATIGANJ', 'মতিগঞ্জ', '66', 3930, 0, 0, 0, NULL, NULL),
(3052, 2, 13, 107, '', '', '', 'NAWABPUR', 'নবাবপুর', '76', 3510, 0, 0, 0, NULL, NULL),
(3053, 2, 13, 107, '', '', '', 'SONAGAZI', 'সোনাগাজী', '85', 3930, 0, 0, 0, NULL, NULL),
(3054, 2, 14, 108, '', '', '', 'BABUCHHARA', 'বাবুছড়া', '15', 4420, 0, 0, 0, NULL, NULL),
(3055, 2, 14, 108, '', '', '', 'BOALKHALI', 'বোয়ালখালী', '31', 4420, 0, 0, 0, NULL, NULL),
(3056, 2, 14, 108, '', '', '', 'DIGHINALA', 'দীঘিনালা', '47', 4420, 0, 0, 0, NULL, NULL),
(3057, 2, 14, 108, '', '', '', 'KABAKHALI', 'কবাখালী', '63', 4420, 0, 0, 0, NULL, NULL),
(3058, 2, 14, 108, '', '', '', 'MERUNG', 'মেরুং', '79', NULL, 0, 0, 0, NULL, NULL),
(3059, 2, 14, 109, '', '', '', 'MANIKCHHARI', 'মানিকছড়ি', '67', 4460, 0, 0, 0, NULL, NULL),
(3060, 2, 14, 109, '', '', '', 'BATNATOLI', 'বাটনাতলী', '', NULL, 0, 0, 0, NULL, NULL),
(3061, 2, 14, 109, '', '', '', 'JOGGOSOLA', 'যোগ্যছোলা', '', NULL, 0, 0, 0, NULL, NULL),
(3062, 2, 14, 109, '', '', '', 'TINHATARI', 'তিনটহরী', '', NULL, 0, 0, 0, NULL, NULL),
(3063, 2, 14, 110, '', '', '', 'GOLABARI', 'গোলাবাড়ী', '25', 1940, 0, 0, 0, NULL, NULL),
(3064, 2, 14, 110, '', '', '', 'KAMALCHHARI', 'কমলছড়ি', '47', 4400, 0, 0, 0, NULL, NULL),
(3065, 2, 14, 110, '', '', '', 'KHAGRACHHARI', 'খাগড়াছড়ি', '63', 4400, 0, 0, 0, NULL, NULL),
(3066, 2, 14, 110, '', '', '', 'PERACHHARA', 'পেরাছড়া', '75', 4400, 0, 0, 0, NULL, NULL),
(3067, 2, 14, 111, '', '', '', 'BARMACHHARI', 'বর্মাছড়ি', '23', 4470, 0, 0, 0, NULL, NULL),
(3068, 2, 14, 111, '', '', '', 'DULYATALI', 'দুল্যাতলী ', '47', 4470, 0, 0, 0, NULL, NULL),
(3069, 2, 14, 111, '', '', '', 'LAKSHMICHHARI', 'লক্ষীছড়ি', '71', NULL, 0, 0, 0, NULL, NULL),
(3070, 2, 14, 112, '', '', '', 'KAYANGGHAT', 'ক্যায়াংঘাট', '15', 4430, 0, 0, 0, NULL, NULL),
(3071, 2, 14, 112, '', '', '', 'MAHALCHHARI', 'মহালছড়ি', '31', 4430, 0, 0, 0, NULL, NULL),
(3072, 2, 14, 112, '', '', '', 'MASCHHARI', 'মাইসছড়ি', '47', 4430, 0, 0, 0, NULL, NULL),
(3073, 2, 14, 112, '', '', '', 'MUBACHHARI', 'মুবাছড়ি', '63', 4430, 0, 0, 0, NULL, NULL),
(3074, 2, 14, 112, '', '', '', 'BHAIBONCHHARA', 'ভাইবোনছড়া', '15', 4400, 0, 0, 0, NULL, NULL),
(3075, 2, 14, 112, '', '', '', 'SINDUKCHARI', 'সিন্দুকছড়ি', '79', NULL, 0, 0, 0, NULL, NULL),
(3076, 2, 14, 112, '', '', '', 'BATNATALI', ' বাটণাখালী', '19', 4460, 0, 0, 0, NULL, NULL),
(3077, 2, 14, 112, '', '', '', 'JUGGACHHALA', ' জূজ্ঞাছালা', '42', NULL, 0, 0, 0, NULL, NULL),
(3078, 2, 14, 112, '', '', '', 'MANIKCHHARI', 'মানিকছড়ি', '63', 4460, 0, 0, 0, NULL, NULL),
(3079, 2, 14, 112, '', '', '', 'TINTAHARI', ' টীণ্টাহাড়ী', '87', NULL, 0, 0, 0, NULL, NULL),
(3080, 2, 14, 113, '', '', '', 'AMTALI', 'আমতলী', '13', 8710, 0, 0, 0, NULL, NULL),
(3081, 2, 14, 113, '', '', '', 'BARANAL', 'বড়নাল', '17', NULL, 0, 0, 0, NULL, NULL),
(3082, 2, 14, 113, '', '', '', 'BELCHHARI', 'বেলছড়ি', '23', 4450, 0, 0, 0, NULL, NULL),
(3083, 2, 14, 113, '', '', '', 'GUIMARA', 'গুইমারা', '35', 4450, 0, 0, 0, NULL, NULL),
(3084, 2, 14, 113, '', '', '', 'GUMTI', 'গুমতি', '47', 4450, 0, 0, 0, NULL, NULL),
(3085, 2, 14, 113, '', '', '', 'MATIRANGA', 'মাটিরাঙ্গা', '59', 4450, 0, 0, 0, NULL, NULL),
(3086, 2, 14, 113, '', '', '', 'TUBALCHHARI', 'তবলছড়ি', '76', 4450, 0, 0, 0, NULL, NULL),
(3087, 2, 14, 113, '', '', '', 'TAINDANG', 'তাইন্দং', '83', 4450, 0, 0, 0, NULL, NULL),
(3088, 2, 14, 114, '', '', '', 'CHENGI', 'চেংগী', '19', 4410, 0, 0, 0, NULL, NULL),
(3089, 2, 14, 114, '', '', '', 'LATIBAN', 'লতিবান', '38', 4410, 0, 0, 0, NULL, NULL),
(3090, 2, 14, 114, '', '', '', 'LOGANG', 'লোগাং', '57', 4410, 0, 0, 0, NULL, NULL),
(3091, 2, 14, 114, '', '', '', 'PANCHHARI', 'পানছড়ি', '76', 4410, 0, 0, 0, NULL, NULL),
(3092, 2, 14, 114, '', '', '', 'ULTACHHARI', 'উল্টাছড়ি', '89', NULL, 0, 0, 0, NULL, NULL),
(3093, 2, 14, 115, '', '', '', 'HAPCHHARI', 'হাফছড়ি', '38', NULL, 0, 0, 0, NULL, NULL),
(3094, 2, 14, 115, '', '', '', 'PATHACHHARA', 'পাতাছড়া', '57', 4440, 0, 0, 0, NULL, NULL),
(3095, 2, 14, 115, '', '', '', 'RAMGARH', 'রামগড়', '76', 4440, 0, 0, 0, NULL, NULL),
(3096, 2, 15, 116, '', '', '', 'CHAR FALCON', 'চর ফলকন', '47', 3700, 0, 0, 0, NULL, NULL),
(3097, 2, 15, 116, '', '', '', 'CHAR KADIRA', 'চর কাদিরা', '63', 3700, 0, 0, 0, NULL, NULL),
(3098, 2, 15, 116, '', '', '', 'CHAR KALKINI', 'চর কালকিনি', '71', 3700, 0, 0, 0, NULL, NULL),
(3099, 2, 15, 116, '', '', '', 'CHAR LAWRENCE', 'চর লরেঞ্চ', '79', 3700, 0, 0, 0, NULL, NULL),
(3100, 2, 15, 116, '', '', '', 'CHAR MARTIN', 'চর মার্টিন', '81', 3700, 0, 0, 0, NULL, NULL),
(3101, 2, 15, 116, '', '', '', 'HAJIRHAT', 'হাজিরহাট', '83', 8360, 0, 0, 0, NULL, NULL),
(3102, 2, 15, 116, '', '', '', 'PATARIR HAT', 'পাটারীরহাট', '87', NULL, 0, 0, 0, NULL, NULL),
(3103, 2, 15, 116, '', '', '', 'TORABGANG', 'তোরাবগঞ্জ', '91', NULL, 0, 0, 0, NULL, NULL),
(3104, 2, 15, 116, '', '', '', 'SAHEBERHAT', 'সাহেবেরহাট', '95', NULL, 0, 0, 0, NULL, NULL),
(3105, 2, 15, 117, '', '', '', 'BANGAKHA', 'বাঙ্গাখাঁ', '13', 3700, 0, 0, 0, NULL, NULL),
(3106, 2, 15, 117, '', '', '', 'BASIKPUR', 'দত্তপাড়া', '14', 3700, 0, 0, 0, NULL, NULL),
(3107, 2, 15, 117, '', '', '', 'BHABANIGANJ', 'ভবানীগঞ্জ', '15', 3700, 0, 0, 0, NULL, NULL),
(3108, 2, 15, 117, '', '', '', 'CHANDRAGANJ', 'চন্দ্রগঞ্জ', '20', 3700, 0, 0, 0, NULL, NULL),
(3109, 2, 15, 117, '', '', '', 'CHARRAMANI MOHAN', 'চররমনী মোহন', '23', NULL, 0, 0, 0, NULL, NULL),
(3110, 2, 15, 117, '', '', '', 'CHARSAI', 'চরশাহী', '25', NULL, 0, 0, 0, NULL, NULL),
(3111, 2, 15, 117, '', '', '', 'CHAR RUHITA', 'চররুহিতা', '30', 3700, 0, 0, 0, NULL, NULL),
(3112, 2, 15, 117, '', '', '', 'DALAL BAZAR', 'দালাল বাজার', '35', NULL, 0, 0, 0, NULL, NULL),
(3113, 2, 15, 117, '', '', '', 'DATTA PARA', 'দত্তপাড়া', '40', 3700, 0, 0, 0, NULL, NULL),
(3114, 2, 15, 117, '', '', '', 'DIGHALI', 'দিঘলী', '45', 3700, 0, 0, 0, NULL, NULL),
(3115, 2, 15, 117, '', '', '', 'HAJIR PARA', 'হাজিরপাড়া', '50', 3700, 0, 0, 0, NULL, NULL),
(3116, 2, 15, 117, '', '', '', 'KUSHAKHALI', 'কুশাখালী', '55', 3700, 0, 0, 0, NULL, NULL),
(3117, 2, 15, 117, '', '', '', 'LAHARKANDI', 'লাহারকান্দি', '60', 3700, 0, 0, 0, NULL, NULL),
(3118, 2, 15, 117, '', '', '', 'MANDARI', 'মান্দারী', '70', 3350, 0, 0, 0, NULL, NULL),
(3119, 2, 15, 117, '', '', '', 'UTTAR HAMCHADI', 'উত্তর হামছাদী', '75', 3700, 0, 0, 0, NULL, NULL),
(3120, 2, 15, 117, '', '', '', 'PARBATINAGAR', 'পার্বতীনগর', '80', 3700, 0, 0, 0, NULL, NULL),
(3121, 2, 15, 117, '', '', '', 'SHAK CHAR', 'শাকচর', '85', NULL, 0, 0, 0, NULL, NULL),
(3122, 2, 15, 117, '', '', '', 'TIARIGANJ', 'তেয়ারীগঞ্জ', '87', NULL, 0, 0, 0, NULL, NULL),
(3123, 2, 15, 117, '', '', '', 'TUM CHAR', 'টুমচর', '89', NULL, 0, 0, 0, NULL, NULL),
(3124, 2, 15, 117, '', '', '', 'DAKSHIN HAMCHADI', 'দক্ষিন হামছাদী', '90', 3700, 0, 0, 0, NULL, NULL),
(3125, 2, 15, 117, '', '', '', 'UTTAR JOYPUR', 'উত্তর জয়পুর', '95', 3700, 0, 0, 0, NULL, NULL),
(3126, 2, 15, 118, '', '', '', 'BAMNI', 'বামনী', '11', 3710, 0, 0, 0, NULL, NULL),
(3127, 2, 15, 118, '', '', '', 'NORTH CHAR ABABIL', 'দক্ষিণ চর আবাবিল', '23', NULL, 0, 0, 0, NULL, NULL),
(3128, 2, 15, 118, '', '', '', 'SOUTH CHAR ABABIL', 'উত্তর চর আবাবিল', '28', NULL, 0, 0, 0, NULL, NULL),
(3129, 2, 15, 118, '', '', '', 'NORTH CHAR BANGSHI', 'দক্ষিণ চর বংশী', '35', NULL, 0, 0, 0, NULL, NULL),
(3130, 2, 15, 118, '', '', '', 'SOUTH CHAR BANGSHI', 'উত্তর চরবংশী', '38', NULL, 0, 0, 0, NULL, NULL),
(3131, 2, 15, 118, '', '', '', 'CHAR MOHANA', 'চর মোহনা', '47', 3710, 0, 0, 0, NULL, NULL),
(3132, 2, 15, 118, '', '', '', 'CHAR PATA', 'চর পাতা', '52', 8310, 0, 0, 0, NULL, NULL),
(3133, 2, 15, 118, '', '', '', 'KEROA', 'কেরোয়া', '59', 3710, 0, 0, 0, NULL, NULL),
(3134, 2, 15, 118, '', '', '', 'ROYPUR', 'রায়পুর', '71', 7110, 0, 0, 0, NULL, NULL),
(3135, 2, 15, 118, '', '', '', 'SONAPUR', 'সোনাপুর ', '83', 8350, 0, 0, 0, NULL, NULL),
(3136, 2, 15, 119, '', '', '', 'BHADUR', 'ভাদুর', '13', 3720, 0, 0, 0, NULL, NULL),
(3137, 2, 15, 119, '', '', '', 'BHATRA', 'ভাটরা', '14', 3720, 0, 0, 0, NULL, NULL),
(3138, 2, 15, 119, '', '', '', 'BHOLAKOT', 'ভোলাকোট', '19', 3720, 0, 0, 0, NULL, NULL),
(3139, 2, 15, 119, '', '', '', 'CHANDIPUR', 'চন্ডিপুর', '23', 5250, 0, 0, 0, NULL, NULL),
(3140, 2, 15, 119, '', '', '', 'DARBESHPUR', 'দরবেশপুর', '33', 3720, 0, 0, 0, NULL, NULL),
(3141, 2, 15, 119, '', '', '', 'ICHHAPUR', 'ইছাপুর', '38', 1540, 0, 0, 0, NULL, NULL),
(3142, 2, 15, 119, '', '', '', 'KANCHANPUR', 'কাঞ্চনপুর', '42', 1830, 0, 0, 0, NULL, NULL),
(3143, 2, 15, 119, '', '', '', 'KARPARA', 'করপাড়া', '47', 8100, 0, 0, 0, NULL, NULL),
(3144, 2, 15, 119, '', '', '', 'LAMCHAR', 'লামচর', '57', 3720, 0, 0, 0, NULL, NULL),
(3145, 2, 15, 119, '', '', '', 'NOAGAON', 'নোয়াগাঁ', '66', 3430, 0, 0, 0, NULL, NULL),
(3146, 2, 15, 120, '', '', '', 'BARA KHERI', 'বড়কখরী', '13', 3732, 0, 0, 0, NULL, NULL),
(3147, 2, 15, 120, '', '', '', 'CHAR ALGI', 'চর আলগী', '31', 3732, 0, 0, 0, NULL, NULL),
(3148, 2, 15, 120, '', '', '', 'CHAR BADAM', 'চর বাদাম', '39', 3732, 0, 0, 0, NULL, NULL),
(3149, 2, 15, 120, '', '', '', 'CHAR GAZI', 'চর গাজী', '55', 3732, 0, 0, 0, NULL, NULL),
(3150, 2, 15, 120, '', '', '', 'CHAR PORAGACHHA', 'চর পোড়াগাছা', '65', NULL, 0, 0, 0, NULL, NULL),
(3151, 2, 15, 120, '', '', '', 'CHAR RAMIZ', 'চর রমিজ', '87', 3732, 0, 0, 0, NULL, NULL),
(3152, 2, 15, 120, '', '', '', 'CHOR ABDULLA', 'চর আবদুল্যাহ', '', NULL, 0, 0, 0, NULL, NULL),
(3153, 2, 15, 120, '', '', '', 'ALEKGANDER', 'আলেকজান্ডার', '', NULL, 0, 0, 0, NULL, NULL),
(3154, 2, 16, 121, '', '', '', 'ALYERAPUR', 'আলাইয়ারপুর', '10', NULL, 0, 0, 0, NULL, NULL),
(3155, 2, 16, 121, '', '', '', 'AMANULLAPUR', 'আমানউল্ল্যাপুর', '12', 3820, 0, 0, 0, NULL, NULL),
(3156, 2, 16, 121, '', '', '', 'BEGUMGANJ', 'বেগমগঞ্জ', '24', 5620, 0, 0, 0, NULL, NULL),
(3157, 2, 16, 121, '', '', '', 'CHHAYANI', 'ছয়ানী', '28', 3820, 0, 0, 0, NULL, NULL),
(3158, 2, 16, 121, '', '', '', 'DURGAPUR', 'দূর্গাপুর', '38', 5460, 0, 0, 0, NULL, NULL),
(3159, 2, 16, 121, '', '', '', 'EKLASHPUR', 'একলাশপুর', '42', 3820, 0, 0, 0, NULL, NULL),
(3160, 2, 16, 121, '', '', '', 'GOPALPUR', 'গোপালপুর', '45', 9310, 0, 0, 0, NULL, NULL),
(3161, 2, 16, 121, '', '', '', 'NAROTTAMPUR', 'নরোত্তমপুর', '49', 3807, 0, 0, 0, NULL, NULL),
(3162, 2, 16, 121, '', '', '', 'HAJIPUR', 'হাজীপুর', '52', 5110, 0, 0, 0, NULL, NULL),
(3163, 2, 16, 121, '', '', '', 'JIRTALI', 'জিরতলী', '56', 3820, 0, 0, 0, NULL, NULL),
(3164, 2, 16, 121, '', '', '', 'KADIRPUR', 'কাদিরপুর', '63', 3230, 0, 0, 0, NULL, NULL),
(3165, 2, 16, 121, '', '', '', 'KUTUBPUR', 'কুতবপুর', '66', 7100, 0, 0, 0, NULL, NULL),
(3166, 2, 16, 121, '', '', '', 'MIR WARISHPUR', 'মিরওয়ারিশপুর', '70', 3820, 0, 0, 0, NULL, NULL),
(3167, 2, 16, 121, '', '', '', 'RAJGANJ', 'রাজগঞ্জ', '80', 3820, 0, 0, 0, NULL, NULL),
(3168, 2, 16, 121, '', '', '', 'RASULPUR', 'রসুলপুর', '84', 8340, 0, 0, 0, NULL, NULL),
(3169, 2, 16, 121, '', '', '', 'SHARIFPUR', 'শরীফপুর', '87', 3230, 0, 0, 0, NULL, NULL),
(3170, 2, 16, 122, '', '', '', 'HATPUKURIA GHATLABAG', 'হাটপুকুরিয়া', '19', NULL, 0, 0, 0, NULL, NULL),
(3171, 2, 16, 122, '', '', '', 'KHIL PARA', 'খিলপাড়া', '28', 3870, 0, 0, 0, NULL, NULL),
(3172, 2, 16, 122, '', '', '', 'MOHAMMADPUR', 'মোহাম্মদপুর', '38', 7630, 0, 0, 0, NULL, NULL),
(3173, 2, 16, 122, '', '', '', 'NAYAKHOLA', 'নোয়াখলা', '47', 3870, 0, 0, 0, NULL, NULL),
(3174, 2, 16, 122, '', '', '', 'PANCHGAON', 'পাঁচগাঁও', '57', 3240, 0, 0, 0, NULL, NULL),
(3175, 2, 16, 122, '', '', '', 'PARKOTE', 'পরকোট', '66', 3870, 0, 0, 0, NULL, NULL),
(3176, 2, 16, 122, '', '', '', 'RAMNARAYANPUR', 'রামনারায়নপুর', '76', 3870, 0, 0, 0, NULL, NULL),
(3177, 2, 16, 122, '', '', '', 'SAHAPUR', 'সাহাপুর', '85', 8100, 0, 0, 0, NULL, NULL),
(3178, 2, 16, 122, '', '', '', 'BADALKOT', 'বাদলকোট', '', NULL, 0, 0, 0, NULL, NULL),
(3179, 2, 16, 123, '', '', '', 'CHAR ELAHI', 'চরএলাহী', '10', 3851, 0, 0, 0, NULL, NULL),
(3180, 2, 16, 123, '', '', '', 'CHAR FAKIRA', 'চরফকিরা', '11', 3851, 0, 0, 0, NULL, NULL),
(3181, 2, 16, 123, '', '', '', 'CHAR HAZARI', 'চরহাজারী', '23', 3851, 0, 0, 0, NULL, NULL),
(3182, 2, 16, 123, '', '', '', 'CHAR KAKRA', 'চরকাঁকড়া', '35', 3851, 0, 0, 0, NULL, NULL),
(3183, 2, 16, 123, '', '', '', 'CHAR PARBATI', 'চরপার্বতী', '47', 3851, 0, 0, 0, NULL, NULL),
(3184, 2, 16, 123, '', '', '', 'MUSAPUR', 'মুছাপুর', '59', 1410, 0, 0, 0, NULL, NULL),
(3185, 2, 16, 123, '', '', '', 'RAMPUR', 'রামপুর', '71', 5250, 0, 0, 0, NULL, NULL),
(3186, 2, 16, 123, '', '', '', 'SIRAJPUR', 'সিরাজপুর', '83', 3851, 0, 0, 0, NULL, NULL),
(3187, 2, 16, 124, '', '', '', 'BURIR CHAR', 'বুড়িরচর', '15', 8700, 0, 0, 0, NULL, NULL),
(3188, 2, 16, 124, '', '', '', 'CHANDNANDI', 'চানন্দী', '19', NULL, 0, 0, 0, NULL, NULL),
(3189, 2, 16, 124, '', '', '', 'CHAR ISHWAR', 'চরঈশ্বর', '28', 3890, 0, 0, 0, NULL, NULL),
(3190, 2, 16, 124, '', '', '', 'CHAR KING', 'চরকিং', '38', 3890, 0, 0, 0, NULL, NULL),
(3191, 2, 16, 124, '', '', '', 'HARNI', 'হরণী', '47', NULL, 0, 0, 0, NULL, NULL),
(3192, 2, 16, 124, '', '', '', 'JAHAJMARA', 'জাহাজমারা', '57', 3890, 0, 0, 0, NULL, NULL),
(3193, 2, 16, 124, '', '', '', 'NALCHIRA', 'নলচিরা', '66', 8230, 0, 0, 0, NULL, NULL),
(3194, 2, 16, 124, '', '', '', 'NIJUM DIP', 'নিঝুমদ্বীপ', '69', NULL, 0, 0, 0, NULL, NULL),
(3195, 2, 16, 124, '', '', '', 'SONADIA', 'সোনাদিয়া', '76', 3890, 0, 0, 0, NULL, NULL),
(3196, 2, 16, 124, '', '', '', 'SUKH CHAR', 'সুখচর', '85', 3890, 0, 0, 0, NULL, NULL),
(3197, 2, 16, 124, '', '', '', 'TAMARUDDIN', 'তমরদ্দি', '95', 3890, 0, 0, 0, NULL, NULL),
(3198, 2, 16, 125, '', '', '', 'ARJUNTALA', 'অর্জুনতলা', '13', 3860, 0, 0, 0, NULL, NULL),
(3199, 2, 16, 125, '', '', '', 'BEJOYBAGH', 'বীজবাগ', '19', NULL, 0, 0, 0, NULL, NULL),
(3200, 2, 16, 125, '', '', '', 'CHHATARPAIA', 'ছাতারপাইয়া', '28', 3860, 0, 0, 0, NULL, NULL),
(3201, 2, 16, 125, '', '', '', 'DUMURIA', 'ডমুরুয়া', '38', 9240, 0, 0, 0, NULL, NULL),
(3202, 2, 16, 125, '', '', '', 'KABILPUR', 'কাবিলপুর', '47', 5470, 0, 0, 0, NULL, NULL),
(3203, 2, 16, 125, '', '', '', 'KADRA', 'কাদরা', '57', 3860, 0, 0, 0, NULL, NULL),
(3204, 2, 16, 125, '', '', '', 'KESHARPAR', 'কেশারপাড়', '66', 3860, 0, 0, 0, NULL, NULL),
(3205, 2, 16, 125, '', '', '', 'MOHAMADPUR', 'মোহাম্মদপুর', '76', NULL, 0, 0, 0, NULL, NULL),
(3206, 2, 16, 125, '', '', '', 'NABIPUR', 'নবীপুর', '85', 3860, 0, 0, 0, NULL, NULL),
(3207, 2, 16, 126, '', '', '', 'AMISHA PARA', 'আমিশাপাড়া', '15', 3827, 0, 0, 0, NULL, NULL),
(3208, 2, 16, 126, '', '', '', 'BARAGAON', 'বারগাও', '17', 5100, 0, 0, 0, NULL, NULL),
(3209, 2, 16, 126, '', '', '', 'BAZRA', 'বজরা', '21', 5620, 0, 0, 0, NULL, NULL),
(3210, 2, 16, 126, '', '', '', 'CHASHIRHAT', 'চাষীর হাট', '31', NULL, 0, 0, 0, NULL, NULL),
(3211, 2, 16, 126, '', '', '', 'DEOTI', 'দেওটি', '35', 3827, 0, 0, 0, NULL, NULL),
(3212, 2, 16, 126, '', '', '', 'JAYAG', 'জয়াগ', '59', 3827, 0, 0, 0, NULL, NULL),
(3213, 2, 16, 126, '', '', '', 'NADANA', 'নদনা', '73', 3827, 0, 0, 0, NULL, NULL),
(3214, 2, 16, 126, '', '', '', 'NATESHWAR', 'নাটেশ্বর', '77', 3827, 0, 0, 0, NULL, NULL),
(3215, 2, 16, 126, '', '', '', 'SONAPUR', 'সোনাপুর ', '94', 8350, 0, 0, 0, NULL, NULL),
(3216, 2, 16, 126, '', '', '', 'AMBARNAGAR', 'অম্বরনগর', '13', 3827, 0, 0, 0, NULL, NULL),
(3217, 2, 16, 127, '', '', '', 'CHAR AMANULLAH', 'চর আমানউল্যা', '29', 3800, 0, 0, 0, NULL, NULL),
(3218, 2, 16, 127, '', '', '', 'CHAR BATA', 'চরবাটা', '31', 3800, 0, 0, 0, NULL, NULL),
(3219, 2, 16, 127, '', '', '', 'CHAR CLERK', 'চরক্লার্ক', '33', 3800, 0, 0, 0, NULL, NULL),
(3220, 2, 16, 127, '', '', '', 'CHAR JABBAR', 'চরজববর', '35', 3800, 0, 0, 0, NULL, NULL),
(3221, 2, 16, 127, '', '', '', 'CHAR JUBILLE', 'চরজুবলী', '36', NULL, 0, 0, 0, NULL, NULL),
(3222, 2, 16, 127, '', '', '', 'CHAR WAPDA', ' চরওয়াপদা', '37', 3800, 0, 0, 0, NULL, NULL),
(3223, 2, 16, 127, '', '', '', 'MOHAMMADPUR', 'মোহাম্মদপুর', '43', 7630, 0, 0, 0, NULL, NULL),
(3224, 2, 16, 127, '', '', '', 'PURBA CHAR BATA', 'পূর্বচরবাটা ', '47', NULL, 0, 0, 0, NULL, NULL),
(3225, 2, 16, 128, '', '', '', 'ANDERCHAR', 'আন্ডারচর', '21', NULL, 0, 0, 0, NULL, NULL),
(3226, 2, 16, 128, '', '', '', 'ASHWADIA', 'অশ্বদিয়া', '23', 3800, 0, 0, 0, NULL, NULL),
(3227, 2, 16, 128, '', '', '', 'BINODPUR', 'বিনোদপুর', '25', 5280, 0, 0, 0, NULL, NULL),
(3228, 2, 16, 128, '', '', '', 'CHAR MATUA', 'চরমটুয়া', '40', 3800, 0, 0, 0, NULL, NULL),
(3229, 2, 16, 128, '', '', '', 'DADPUR', 'দাদপুর', '45', 7860, 0, 0, 0, NULL, NULL),
(3230, 2, 16, 128, '', '', '', 'DHARMAPUR', 'ধর্ম পুর', '47', 5210, 0, 0, 0, NULL, NULL),
(3231, 2, 16, 128, '', '', '', 'EWAZBALIA', 'এওজবালিয়া', '50', 3800, 0, 0, 0, NULL, NULL),
(3232, 2, 16, 128, '', '', '', 'KADIR HANIF', 'কাদিরহানিফ    ', '60', 3800, 0, 0, 0, NULL, NULL),
(3233, 2, 16, 128, '', '', '', 'KALADARAF', 'কালাদরাপ', '65', NULL, 0, 0, 0, NULL, NULL),
(3234, 2, 16, 128, '', '', '', 'NIAZPUR', 'নেয়াজপুর', '75', NULL, 0, 0, 0, NULL, NULL),
(3235, 2, 16, 128, '', '', '', 'NOAKHALI', 'নোয়াখালী', '80', 3800, 0, 0, 0, NULL, NULL),
(3236, 2, 16, 128, '', '', '', 'NOANNAI', 'নোয়ান্নই', '85', 3800, 0, 0, 0, NULL, NULL),
(3237, 2, 16, 128, '', '', '', 'PURBA CHAR MATUA', 'পূর্ব চরমটুয়া', '90', NULL, 0, 0, 0, NULL, NULL),
(3238, 2, 17, 129, '', '', '', 'AMTALI', 'আমতলী', '10', 8710, 0, 0, 0, NULL, NULL),
(3239, 2, 17, 129, '', '', '', 'BAGHAI CHHARI', 'বাঘাইছড়ি', '11', 4590, 0, 0, 0, NULL, NULL),
(3240, 2, 17, 129, '', '', '', 'BANGALTALI', 'বঙ্গলতলী', '23', 4590, 0, 0, 0, NULL, NULL),
(3241, 2, 17, 129, '', '', '', 'SARBOATALI', 'সারোয়াতলী ', '35', NULL, 0, 0, 0, NULL, NULL),
(3242, 2, 17, 129, '', '', '', 'KEDARMARA', 'খেদারমারা', '47', 4590, 0, 0, 0, NULL, NULL),
(3243, 2, 17, 129, '', '', '', 'MARISHYA', 'মারিশ্যা', '59', 4590, 0, 0, 0, NULL, NULL),
(3244, 2, 17, 129, '', '', '', 'RUPAKARI', 'রূপকারী', '71', 4590, 0, 0, 0, NULL, NULL),
(3245, 2, 17, 129, '', '', '', 'SAJEK', 'সাজেক', '83', 4590, 0, 0, 0, NULL, NULL),
(3246, 2, 17, 130, '', '', '', 'AIMA CHHARA', 'আইমাছড়া', '15', 4570, 0, 0, 0, NULL, NULL),
(3247, 2, 17, 130, '', '', '', 'BARKAL', 'বরকল', '47', 4380, 0, 0, 0, NULL, NULL),
(3248, 2, 17, 130, '', '', '', 'BHUSHAN CHHARA', 'ভূষণছড়া', '63', 4570, 0, 0, 0, NULL, NULL),
(3249, 2, 17, 130, '', '', '', 'SHUBLONG', 'সুব্লং', '79', 4570, 0, 0, 0, NULL, NULL),
(3250, 2, 17, 130, '', '', '', 'BOROHORINA', 'বড় হরিণা', '', NULL, 0, 0, 0, NULL, NULL),
(3251, 2, 17, 131, '', '', '', 'BETBUNIA', 'বেতবুনিয়া', '19', 4510, 0, 0, 0, NULL, NULL),
(3252, 2, 17, 131, '', '', '', 'FATIK CHHARI', 'ফটিকছড়ি', '38', 4510, 0, 0, 0, NULL, NULL),
(3253, 2, 17, 131, '', '', '', 'GHAGRA', 'ঘাগড়া', '57', 2370, 0, 0, 0, NULL, NULL),
(3254, 2, 17, 131, '', '', '', 'KALAMPATI', 'কলমপতি', '76', 4510, 0, 0, 0, NULL, NULL),
(3255, 2, 17, 132, '', '', '', 'CHANDRAGHONA', 'চন্দ্রঘোনা ', '19', 4360, 0, 0, 0, NULL, NULL),
(3256, 2, 17, 132, '', '', '', 'CHITMARAM', 'চিৎমরম', '38', NULL, 0, 0, 0, NULL, NULL),
(3257, 2, 17, 132, '', '', '', 'KAPTAI', 'কাপ্তা্ই', '57', 4530, 0, 0, 0, NULL, NULL),
(3258, 2, 17, 132, '', '', '', 'RAIKHALI', 'রা্ইখালী', '76', 4530, 0, 0, 0, NULL, NULL),
(3259, 2, 17, 132, '', '', '', 'WAGGA', 'ওয়াগ্গা', '86', NULL, 0, 0, 0, NULL, NULL),
(3260, 2, 17, 133, '', '', '', 'BANJUGI CHHARA', 'বনযোগীছড়া', '19', 4560, 0, 0, 0, NULL, NULL),
(3261, 2, 17, 133, '', '', '', 'DUMDUMYA', 'দুমদুম্যা', '38', 4560, 0, 0, 0, NULL, NULL),
(3262, 2, 17, 133, '', '', '', 'JURAI CHHARI', 'জুরাছড়ি ', '57', 4560, 0, 0, 0, NULL, NULL),
(3263, 2, 17, 133, '', '', '', 'MAIDANG', 'মৈদং', '76', 4560, 0, 0, 0, NULL, NULL),
(3264, 2, 17, 134, '', '', '', 'ATARAK CHARA', 'আটারকছড়া', '13', NULL, 0, 0, 0, NULL, NULL),
(3265, 2, 17, 134, '', '', '', 'BHASANYA ADAM', 'ভাসান্যাদম', '27', 4580, 0, 0, 0, NULL, NULL),
(3266, 2, 17, 134, '', '', '', 'BAGACHATAR', 'বগাচতর', '40', NULL, 0, 0, 0, NULL, NULL),
(3267, 2, 17, 134, '', '', '', 'GULSHAKHALI', 'গুলশাখালী', '54', 4580, 0, 0, 0, NULL, NULL),
(3268, 2, 17, 134, '', '', '', 'KALAPAKURJYA', 'কালাপাকুজ্যা', '60', 4580, 0, 0, 0, NULL, NULL),
(3269, 2, 17, 134, '', '', '', 'LANGADU', 'লংগদু', '67', 4580, 0, 0, 0, NULL, NULL),
(3270, 2, 17, 134, '', '', '', 'MAYANIMUKH', 'মাইনীমুখ', '81', 4580, 0, 0, 0, NULL, NULL),
(3271, 2, 17, 135, '', '', '', 'BURIGHAT', 'বুড়িঘাট', '19', 4520, 0, 0, 0, NULL, NULL),
(3272, 2, 17, 135, '', '', '', 'GHILA CHHARI', 'ঘিলাছড়ি ', '38', 4540, 0, 0, 0, NULL, NULL),
(3273, 2, 17, 135, '', '', '', 'NANIARCHAR', 'নানিয়ারচর', '57', 4520, 0, 0, 0, NULL, NULL),
(3274, 2, 17, 135, '', '', '', 'SABEKHYONG', 'সাবেক্ষ্যং', '76', 4520, 0, 0, 0, NULL, NULL),
(3275, 2, 17, 136, '', '', '', 'BANDUK BHANGA', 'বন্দুক ভাঙ্গা', '13', 4500, 0, 0, 0, NULL, NULL),
(3276, 2, 17, 136, '', '', '', 'BALUKHALI', 'বালুখালী', '27', 4500, 0, 0, 0, NULL, NULL),
(3277, 2, 17, 136, '', '', '', 'JIBTALI', 'জীব তলি', '40', 4500, 0, 0, 0, NULL, NULL),
(3278, 2, 17, 136, '', '', '', 'KUTUK CHHARI', 'কুতুকছড়ি', '54', 4500, 0, 0, 0, NULL, NULL),
(3279, 2, 17, 136, '', '', '', 'MAGBAN', 'মগবান', '67', 4500, 0, 0, 0, NULL, NULL),
(3280, 2, 17, 136, '', '', '', 'SAPCHHARI', 'সাপছড়ি', '81', 4500, 0, 0, 0, NULL, NULL),
(3281, 2, 17, 137, '', '', '', 'BANGALHALIA', 'বাঙ্গালহালিয়া', '23', NULL, 0, 0, 0, NULL, NULL),
(3282, 2, 17, 137, '', '', '', 'GHILA CHHARI', 'ঘিলাছড়ি', '46', 4540, 0, 0, 0, NULL, NULL),
(3283, 2, 17, 137, '', '', '', 'GAINDA', 'গাইন্দ্যা', '71', NULL, 0, 0, 0, NULL, NULL),
(3284, 2, 17, 138, '', '', '', 'BELAI CHHARI', 'বিলাইছড়ি', '23', 4550, 0, 0, 0, NULL, NULL),
(3285, 2, 17, 138, '', '', '', 'BARATHALI', 'বারাথালি', '30', NULL, 0, 0, 0, NULL, NULL),
(3286, 2, 17, 138, '', '', '', 'FARUA', 'ফারুয়া', '47', 4550, 0, 0, 0, NULL, NULL),
(3287, 2, 17, 138, '', '', '', 'KANGARA CHHARI', 'কেংড়াছড়ি', '71', NULL, 0, 0, 0, NULL, NULL),
(3288, 3, 18, 139, '', '', '', 'MANDA', 'মান্ডা', '', 6511, 0, 0, 0, NULL, NULL),
(3289, 3, 18, 139, '', '', '', 'DOKKHINGAO', 'দক্ষিণগাঁও', '', NULL, 0, 0, 0, NULL, NULL),
(3290, 3, 18, 139, '', '', '', 'NASIRABAD', 'নাসিরাবাদ', '', 7830, 0, 0, 0, NULL, NULL),
(3291, 3, 18, 139, '', '', '', 'VATARA', 'ভাটারা', '', NULL, 0, 0, 0, NULL, NULL),
(3292, 3, 18, 139, '', '', '', 'SULTANGONJ', 'সুলতানগঞ্জ', '', NULL, 0, 0, 0, NULL, NULL),
(3293, 3, 18, 139, '', '', '', 'UTTORKHAN', 'উত্তরখান', '', NULL, 0, 0, 0, NULL, NULL),
(3294, 3, 18, 139, '', '', '', 'DUMNI', 'ডুমনী', '', 1215, 0, 0, 0, NULL, NULL),
(3295, 3, 18, 139, '', '', '', 'HARIRAMPUR', 'হরিরামপুর', '', 5250, 0, 0, 0, NULL, NULL),
(3296, 3, 18, 140, '', '', '', 'BADDA', 'বাড্ডা', '13', 1215, 0, 0, 0, NULL, NULL),
(3297, 3, 18, 140, '', '', '', 'BERAID', 'বেরাইদ', '19', 1215, 0, 0, 0, NULL, NULL),
(3298, 3, 18, 140, '', '', '', 'SATARKUL', 'সাতারকুল', '82', 1215, 0, 0, 0, NULL, NULL),
(3299, 3, 18, 141, '', '', '', 'BANGSHAL', 'বংশাল', '5', NULL, 0, 0, 0, NULL, NULL),
(3300, 3, 18, 142, '', '', '', 'BIMAN BANDAR', 'বিমান বন্দর', '6', NULL, 0, 0, 0, NULL, NULL),
(3301, 3, 18, 143, '', '', '', 'BANANI', 'বনানী', '7', NULL, 0, 0, 0, NULL, NULL),
(3302, 3, 18, 144, '', '', '', 'CANTONMENT', 'সেনানিবাস', '8', NULL, 0, 0, 0, NULL, NULL),
(3303, 3, 18, 145, '', '', '', 'CHAK BAZAR', 'চকবাজার', '9', NULL, 0, 0, 0, NULL, NULL),
(3304, 3, 18, 146, '', '', '', 'DAKSHINKHAN', 'দক্ষিনখান', '38', 1215, 0, 0, 0, NULL, NULL),
(3305, 3, 18, 147, '', '', '', 'DARUS SALAM', 'দারুস সালাম', '11', NULL, 0, 0, 0, NULL, NULL),
(3306, 3, 18, 148, '', '', '', 'DEMRA', 'ডেমরা', '65', 6650, 0, 0, 0, NULL, NULL),
(3307, 3, 18, 148, '', '', '', 'MATUAIL (PART)', 'মাতুয়াইল', '80', NULL, 0, 0, 0, NULL, NULL),
(3308, 3, 18, 148, '', '', '', 'SARALIA', 'সারুলিয়া', '93', NULL, 0, 0, 0, NULL, NULL),
(3309, 3, 18, 149, '', '', '', 'AMTA', 'আমতা ', '10', 1350, 0, 0, 0, NULL, NULL),
(3310, 3, 18, 149, '', '', '', 'BAISAKANDA', 'বাইশাকান্দা', '11', 1350, 0, 0, 0, NULL, NULL),
(3311, 3, 18, 149, '', '', '', 'BALIA', 'বালিয়া', '17', 5100, 0, 0, 0, NULL, NULL),
(3312, 3, 18, 149, '', '', '', 'BHARARIA', 'ভাড়ারিয়া', '23', 1800, 0, 0, 0, NULL, NULL),
(3313, 3, 18, 149, '', '', '', 'CHAUHAT', 'চৌহাট', '29', NULL, 0, 0, 0, NULL, NULL),
(3314, 3, 18, 149, '', '', '', 'DHAMRAI', 'ধামরাই ', '35', 1350, 0, 0, 0, NULL, NULL),
(3315, 3, 18, 149, '', '', '', 'GANGUTIA', 'গাংগুটিয়া', '41', 1350, 0, 0, 0, NULL, NULL),
(3316, 3, 18, 149, '', '', '', 'JADABPUR', 'যাদবপুর', '47', 7340, 0, 0, 0, NULL, NULL),
(3317, 3, 18, 149, '', '', '', 'KULLA', 'কুলস্না', '53', 9460, 0, 0, 0, NULL, NULL),
(3318, 3, 18, 149, '', '', '', 'KUSHURA', 'কুশুরা', '59', 1350, 0, 0, 0, NULL, NULL),
(3319, 3, 18, 149, '', '', '', 'NANNAR', 'নান্নার', '65', 1350, 0, 0, 0, NULL, NULL),
(3320, 3, 18, 149, '', '', '', 'ROWAIL', 'রোয়াইল', '71', 1350, 0, 0, 0, NULL, NULL),
(3321, 3, 18, 149, '', '', '', 'SANORA', 'সানোড়া', '77', 1350, 0, 0, 0, NULL, NULL),
(3322, 3, 18, 149, '', '', '', 'SOMBHAG', 'সোমভাগ', '83', 1350, 0, 0, 0, NULL, NULL),
(3323, 3, 18, 149, '', '', '', 'SUAPUR', 'সূয়াপুর', '88', 1350, 0, 0, 0, NULL, NULL),
(3324, 3, 18, 149, '', '', '', 'SUTI PARA', 'সূতিপাড়া', '94', NULL, 0, 0, 0, NULL, NULL),
(3325, 3, 18, 150, '', '', '', 'BILASPUR', 'বিলাসপুর ', '13', 8010, 0, 0, 0, NULL, NULL),
(3326, 3, 18, 150, '', '', '', 'KUSHUMHATI', 'কুসুমহাটি ', '21', 1330, 0, 0, 0, NULL, NULL),
(3327, 3, 18, 150, '', '', '', 'MAHMUDPUR', 'মাহমুদপুর ', '31', 5280, 0, 0, 0, NULL, NULL),
(3328, 3, 18, 150, '', '', '', 'MUKSUDPUR', 'মুকসুদপুর ', '42', NULL, 0, 0, 0, NULL, NULL),
(3329, 3, 18, 150, '', '', '', 'NARISHA', 'নারিশা ', '52', 1330, 0, 0, 0, NULL, NULL),
(3330, 3, 18, 150, '', '', '', 'NAYABARI', 'নয়াবাড়ী ', '63', 1330, 0, 0, 0, NULL, NULL),
(3331, 3, 18, 150, '', '', '', 'ROYPARA', 'রাইপাড়া ', '73', NULL, 0, 0, 0, NULL, NULL),
(3332, 3, 18, 150, '', '', '', 'SUTAR PARA', 'সুতারপাড়া ', '84', 2310, 0, 0, 0, NULL, NULL),
(3333, 3, 18, 151, '', '', '', 'AGANAGAR', 'আগানগর', '11', 3560, 0, 0, 0, NULL, NULL),
(3334, 3, 18, 151, '', '', '', 'BASTA', 'বাস্তা', '13', 1310, 0, 0, 0, NULL, NULL),
(3335, 3, 18, 151, '', '', '', 'HAZRATPUR', 'হযরতপুর', '17', 1310, 0, 0, 0, NULL, NULL),
(3336, 3, 18, 151, '', '', '', 'KALATIA', 'কলাতিয়া', '25', 1310, 0, 0, 0, NULL, NULL),
(3337, 3, 18, 151, '', '', '', 'KALINDI', 'কালিন্দী', '34', 1310, 0, 0, 0, NULL, NULL),
(3338, 3, 18, 151, '', '', '', 'KONDA', 'কোন্ডা', '43', 1310, 0, 0, 0, NULL, NULL),
(3339, 3, 18, 151, '', '', '', 'RUHITPUR', 'রুহিতপুর', '51', 1310, 0, 0, 0, NULL, NULL),
(3340, 3, 18, 151, '', '', '', 'SAKTA', 'শাক্তা', '60', 1310, 0, 0, 0, NULL, NULL),
(3341, 3, 18, 151, '', '', '', 'SUBHADYA', 'শুভাঢ্যা', '69', 1310, 0, 0, 0, NULL, NULL),
(3342, 3, 18, 151, '', '', '', 'TARANAGAR', 'তারানগর', '77', 1310, 0, 0, 0, NULL, NULL),
(3343, 3, 18, 151, '', '', '', 'TEGHARIA', 'তেঘরিয়া', '86', 3300, 0, 0, 0, NULL, NULL),
(3344, 3, 18, 151, '', '', '', 'ZINJIRA', 'জিনজিরা', '94', 1310, 0, 0, 0, NULL, NULL),
(3345, 3, 18, 152, '', '', '', 'AGLA', 'আগলা', '11', 1320, 0, 0, 0, NULL, NULL),
(3346, 3, 18, 152, '', '', '', 'BAKSHANAGAR', 'বক্সনগর ', '13', NULL, 0, 0, 0, NULL, NULL),
(3347, 3, 18, 152, '', '', '', 'BANDURA', 'বান্দুরা', '20', 1320, 0, 0, 0, NULL, NULL),
(3348, 3, 18, 152, '', '', '', 'BARRAH', 'বাহ্রা', '27', 1320, 0, 0, 0, NULL, NULL),
(3349, 3, 18, 152, '', '', '', 'BARUAKHALI', 'বারুয়াখালী', '33', 1320, 0, 0, 0, NULL, NULL),
(3350, 3, 18, 152, '', '', '', 'CHURAIN', 'চুড়াইন', '40', 1320, 0, 0, 0, NULL, NULL),
(3351, 3, 18, 152, '', '', '', 'GALIMPUR', 'গালিমপুর', '47', 3560, 0, 0, 0, NULL, NULL),
(3352, 3, 18, 152, '', '', '', 'JANTRAIL', 'যন্ত্রাইল', '54', 1320, 0, 0, 0, NULL, NULL),
(3353, 3, 18, 152, '', '', '', 'JOYKRISHNAPUR', 'জয়কৃষ্ণপুর', '61', 1320, 0, 0, 0, NULL, NULL),
(3354, 3, 18, 152, '', '', '', 'KAILAIL', 'কৈলাইল', '67', NULL, 0, 0, 0, NULL, NULL),
(3355, 3, 18, 152, '', '', '', 'KALAKOPA', 'কলাকোপা', '74', 1320, 0, 0, 0, NULL, NULL),
(3356, 3, 18, 152, '', '', '', 'NAYANSREE', 'নয়নশ্রী', '81', 1320, 0, 0, 0, NULL, NULL),
(3357, 3, 18, 152, '', '', '', 'SHIKARI PARA', 'শিকারীপাড়া', '88', NULL, 0, 0, 0, NULL, NULL),
(3358, 3, 18, 152, '', '', '', 'SHOLLA', 'শোল্লা', '94', 1320, 0, 0, 0, NULL, NULL),
(3359, 3, 18, 153, '', '', '', 'AMIN BAZAR', 'আমিন বাজার', '15', NULL, 0, 0, 0, NULL, NULL),
(3360, 3, 18, 153, '', '', '', 'ASHULIA', 'আশুলিয়া', '18', 1340, 0, 0, 0, NULL, NULL),
(3361, 3, 18, 153, '', '', '', 'BANAGRAM', 'বনগাঁও', '22', 9320, 0, 0, 0, NULL, NULL),
(3362, 3, 18, 153, '', '', '', 'BHAKURTA', 'ভাকুর্তা', '27', 1340, 0, 0, 0, NULL, NULL),
(3363, 3, 18, 153, '', '', '', 'BIRALIA', 'বিরুলিয়া', '33', NULL, 0, 0, 0, NULL, NULL),
(3364, 3, 18, 153, '', '', '', 'DHAMSANA', 'ধামসোনা', '39', NULL, 0, 0, 0, NULL, NULL),
(3365, 3, 18, 153, '', '', '', 'KAUNDIA', 'কাউন্দিয়া', '50', 1340, 0, 0, 0, NULL, NULL),
(3366, 3, 18, 153, '', '', '', 'PATHALIA', 'পাথালিয়া', '72', 1340, 0, 0, 0, NULL, NULL),
(3367, 3, 18, 153, '', '', '', 'SAVAR', ' সাভার', '78', 1340, 0, 0, 0, NULL, NULL),
(3368, 3, 18, 153, '', '', '', 'SHIMULIA', 'শিমুলিয়া', '83', 7021, 0, 0, 0, NULL, NULL),
(3369, 3, 18, 153, '', '', '', 'TETULJHORA', 'তেঁতুলঝোড়া', '89', 1340, 0, 0, 0, NULL, NULL),
(3370, 3, 18, 153, '', '', '', 'YEARPUR', 'ইয়ারপুর', '94', 1340, 0, 0, 0, NULL, NULL),
(3371, 3, 18, 153, '', '', '', 'SAVAR CANTOMENT', 'সাভার সেনানিবাস', '98', NULL, 0, 0, 0, NULL, NULL),
(3372, 3, 19, 154, '', '', '', 'ALFADANGA', 'আলফাডাঙ্গা ', '10', 7870, 0, 0, 0, NULL, NULL),
(3373, 3, 19, 154, '', '', '', 'BANA', 'বানা', '21', 7870, 0, 0, 0, NULL, NULL),
(3374, 3, 19, 154, '', '', '', 'BURAICH', 'বুড়াইচ', '31', 7870, 0, 0, 0, NULL, NULL),
(3375, 3, 19, 154, '', '', '', 'GOPALPUR', 'গোপালপুর', '42', 9310, 0, 0, 0, NULL, NULL),
(3376, 3, 19, 154, '', '', '', 'PANCHURIA', 'পাঁচুরিয়া', '52', 7700, 0, 0, 0, NULL, NULL),
(3377, 3, 19, 154, '', '', '', 'TAGARBANDA', 'টগরবন্দ', '84', NULL, 0, 0, 0, NULL, NULL),
(3378, 3, 19, 155, '', '', '', 'ALGI', 'আলগী ', '13', 7830, 0, 0, 0, NULL, NULL),
(3379, 3, 19, 155, '', '', '', 'AZIMNAGAR', 'আজিমনগর ', '15', 7830, 0, 0, 0, NULL, NULL),
(3380, 3, 19, 155, '', '', '', 'CHUMORDI', 'চুমুরদী ', '25', NULL, 0, 0, 0, NULL, NULL),
(3381, 3, 19, 155, '', '', '', 'CHANDRA', 'চানদ্রা ', '31', 7830, 0, 0, 0, NULL, NULL),
(3382, 3, 19, 155, '', '', '', 'GHARUA', 'ঘারুয়া ', '39', 7830, 0, 0, 0, NULL, NULL),
(3383, 3, 19, 155, '', '', '', 'HAMIRDI', 'হামিরদী ', '47', 7830, 0, 0, 0, NULL, NULL),
(3384, 3, 19, 155, '', '', '', 'KALAMRIDHA', 'কালামৃধা ', '55', 7830, 0, 0, 0, NULL, NULL),
(3385, 3, 19, 155, '', '', '', 'KAOLIBERA', 'কাউলিবেড়া ', '63', 7830, 0, 0, 0, NULL, NULL),
(3386, 3, 19, 155, '', '', '', 'MANIKDAHA', 'মানিকদহ ', '71', 7830, 0, 0, 0, NULL, NULL),
(3387, 3, 19, 155, '', '', '', 'NASIRABAD', 'নাছিরাবাদ ', '79', 7830, 0, 0, 0, NULL, NULL),
(3388, 3, 19, 155, '', '', '', 'NURULLAGANJ', 'নুরুল্লাগঞ্জ ', '87', 7830, 0, 0, 0, NULL, NULL),
(3389, 3, 19, 155, '', '', '', 'TUZARPUR', 'তুজারপুর ', '94', 7830, 0, 0, 0, NULL, NULL),
(3390, 3, 19, 156, '', '', '', 'BOALMARI', 'বোয়ালমারী ', '15', 7860, 0, 0, 0, NULL, NULL),
(3391, 3, 19, 156, '', '', '', 'CHANDPUR', 'চাঁদপুর', '20', 7010, 0, 0, 0, NULL, NULL),
(3392, 3, 19, 156, '', '', '', 'CHATUL', 'চতুল', '25', 7860, 0, 0, 0, NULL, NULL),
(3393, 3, 19, 156, '', '', '', 'DADPUR', 'দাদপুর', '30', 7860, 0, 0, 0, NULL, NULL),
(3394, 3, 19, 156, '', '', '', 'GHOSHPUR', 'ঘোষপুর', '35', 7860, 0, 0, 0, NULL, NULL),
(3395, 3, 19, 156, '', '', '', 'GUNBAHA', 'গুনবহা', '40', 7860, 0, 0, 0, NULL, NULL),
(3396, 3, 19, 156, '', '', '', 'MOYNA', 'ময়না', '60', 7860, 0, 0, 0, NULL, NULL),
(3397, 3, 19, 156, '', '', '', 'PARAMESHWARDI', 'পরমেশ্বরদী', '75', 7860, 0, 0, 0, NULL, NULL),
(3398, 3, 19, 156, '', '', '', 'RUPAPAT', 'রূপাপাত', '85', 7860, 0, 0, 0, NULL, NULL),
(3399, 3, 19, 156, '', '', '', 'SATAIR', 'সাতৈর', '90', 7860, 0, 0, 0, NULL, NULL),
(3400, 3, 19, 156, '', '', '', 'SHEKHAR', 'শেখর', '95', 7860, 0, 0, 0, NULL, NULL),
(3401, 3, 19, 157, '', '', '', 'CHAR BHADRASAN', 'চরভদ্রাসন ', '19', NULL, 0, 0, 0, NULL, NULL),
(3402, 3, 19, 157, '', '', '', 'CHAR HARIRAMPUR', 'চর হরিরামপুর', '38', 7810, 0, 0, 0, NULL, NULL),
(3403, 3, 19, 157, '', '', '', 'CHAR JHAUKANDA', 'চর ঝাউকান্দা', '57', 7810, 0, 0, 0, NULL, NULL),
(3404, 3, 19, 157, '', '', '', 'GAZIRTEK', 'গাজিরটেক', '76', 7810, 0, 0, 0, NULL, NULL),
(3405, 3, 19, 158, '', '', '', 'ALIABAD', 'আলিয়াবাদ', '13', 7800, 0, 0, 0, NULL, NULL);
INSERT INTO `geo_unions` (`id`, `geo_division_id`, `geo_district_id`, `geo_upazila_id`, `division_bbs_code`, `district_bbs_code`, `upazila_bbs_code`, `union_name_eng`, `union_name_bng`, `bbs_code`, `postcode`, `status`, `created_by`, `modified_by`, `created_at`, `updated_at`) VALUES
(3406, 3, 19, 158, '', '', '', 'AMBIKAPUR', 'অম্বিকাপুর', '15', 7800, 0, 0, 0, NULL, NULL),
(3407, 3, 19, 158, '', '', '', 'CHAR MADHABDIA', 'চরমাধবদিয়া', '23', NULL, 0, 0, 0, NULL, NULL),
(3408, 3, 19, 158, '', '', '', 'DECREERCHAR', 'ডিক্রীরচর', '31', NULL, 0, 0, 0, NULL, NULL),
(3409, 3, 19, 158, '', '', '', 'GREDA', 'গেরদা', '39', NULL, 0, 0, 0, NULL, NULL),
(3410, 3, 19, 158, '', '', '', 'ISHAN GOPALPUR', 'ঈশানগোপালপুর', '47', NULL, 0, 0, 0, NULL, NULL),
(3411, 3, 19, 158, '', '', '', 'KAIJURI', 'কৈজুরী', '55', NULL, 0, 0, 0, NULL, NULL),
(3412, 3, 19, 158, '', '', '', 'KANAIPUR', 'কানাইপুর', '63', 7800, 0, 0, 0, NULL, NULL),
(3413, 3, 19, 158, '', '', '', 'KRISHNANAGAR', 'কৃষ্ণনগর', '71', 9440, 0, 0, 0, NULL, NULL),
(3414, 3, 19, 158, '', '', '', 'MAJCHAR', 'মাচ্চর', '79', NULL, 0, 0, 0, NULL, NULL),
(3415, 3, 19, 158, '', '', '', 'UTTAR CHANNEL', 'নর্থচ্যানেল', '87', NULL, 0, 0, 0, NULL, NULL),
(3416, 3, 19, 159, '', '', '', 'BAGAT', 'বাগাট', '10', 7850, 0, 0, 0, NULL, NULL),
(3417, 3, 19, 159, '', '', '', 'ARPARA', 'আরপাড়া', '13', 6620, 0, 0, 0, NULL, NULL),
(3418, 3, 19, 159, '', '', '', 'DUMAIN', 'ডুমাইন', '21', 7850, 0, 0, 0, NULL, NULL),
(3419, 3, 19, 159, '', '', '', 'GAJNA', 'গাজনা', '31', 7850, 0, 0, 0, NULL, NULL),
(3420, 3, 19, 159, '', '', '', 'JAHAPUR', 'জাহাপুর', '37', 3540, 0, 0, 0, NULL, NULL),
(3421, 3, 19, 159, '', '', '', 'KAMARKHALI', 'কামারখালী', '42', 7850, 0, 0, 0, NULL, NULL),
(3422, 3, 19, 159, '', '', '', 'KORAKDI', 'কোড়কদী', '47', NULL, 0, 0, 0, NULL, NULL),
(3423, 3, 19, 159, '', '', '', 'MADHUKHALI', 'মধুখালী ', '52', 7850, 0, 0, 0, NULL, NULL),
(3424, 3, 19, 159, '', '', '', 'MEGCHAMI', 'মেগচামী', '63', NULL, 0, 0, 0, NULL, NULL),
(3425, 3, 19, 159, '', '', '', 'NOAPARA', 'নওপাড়া', '73', 9430, 0, 0, 0, NULL, NULL),
(3426, 3, 19, 159, '', '', '', 'RAIPUR', 'রায়পুর', '84', NULL, 0, 0, 0, NULL, NULL),
(3427, 3, 19, 160, '', '', '', 'CHAR JASORDI', 'চরযশোরদী', '22', NULL, 0, 0, 0, NULL, NULL),
(3428, 3, 19, 160, '', '', '', 'DANGI', 'ডাঙ্গী', '27', 7840, 0, 0, 0, NULL, NULL),
(3429, 3, 19, 160, '', '', '', 'PHULSUTI', 'ফুলসুতি', '33', NULL, 0, 0, 0, NULL, NULL),
(3430, 3, 19, 160, '', '', '', 'KAICHAIL', 'কাইচাইল', '50', 7840, 0, 0, 0, NULL, NULL),
(3431, 3, 19, 160, '', '', '', 'LASKARDIA', 'লস্করদিয়া', '55', 7840, 0, 0, 0, NULL, NULL),
(3432, 3, 19, 160, '', '', '', 'KODALIA SHOHIDNAGAR', 'কোদালিয়াশহিদনগর', '67', NULL, 0, 0, 0, NULL, NULL),
(3433, 3, 19, 160, '', '', '', 'PURA PARA', 'পুরাপাড়া', '72', NULL, 0, 0, 0, NULL, NULL),
(3434, 3, 19, 160, '', '', '', 'RAMNAGAR', 'রামনগর', '83', 7400, 0, 0, 0, NULL, NULL),
(3435, 3, 19, 160, '', '', '', 'TALMA', 'তালমা ', '94', 7840, 0, 0, 0, NULL, NULL),
(3436, 3, 19, 161, '', '', '', 'AKTER CHAR', 'আকটেরচর', '15', NULL, 0, 0, 0, NULL, NULL),
(3437, 3, 19, 161, '', '', '', 'BHASHANCHAR', 'ভাষাণচর', '19', 7820, 0, 0, 0, NULL, NULL),
(3438, 3, 19, 161, '', '', '', 'CHAR BISHNUPUR', 'চর বিষ্ণুপুর', '28', 7820, 0, 0, 0, NULL, NULL),
(3439, 3, 19, 161, '', '', '', 'CHAR MANAIR', 'চর মানাইর', '38', 7820, 0, 0, 0, NULL, NULL),
(3440, 3, 19, 161, '', '', '', 'CHAR NASIRPUR', 'চর নাছিরপুর', '47', 7820, 0, 0, 0, NULL, NULL),
(3441, 3, 19, 161, '', '', '', 'DHEUKHALI', 'ঢেউখালী', '57', 7820, 0, 0, 0, NULL, NULL),
(3442, 3, 19, 161, '', '', '', 'KRISHNAPUR', 'কৃষ্ণপুর', '66', 2460, 0, 0, 0, NULL, NULL),
(3443, 3, 19, 161, '', '', '', 'NARIKELBARIA', 'নারিকেল বাড়িয়া', '76', 7470, 0, 0, 0, NULL, NULL),
(3444, 3, 19, 161, '', '', '', 'SADARPUR', 'সদরপুর ', '85', 7820, 0, 0, 0, NULL, NULL),
(3445, 3, 19, 162, '', '', '', 'ATGHAR', 'আটঘর', '10', 7800, 0, 0, 0, NULL, NULL),
(3446, 3, 19, 162, '', '', '', 'BALLABHDI', 'বল্লভদী', '11', 7800, 0, 0, 0, NULL, NULL),
(3447, 3, 19, 162, '', '', '', 'BHAWAL', 'ভাওয়াল', '16', 7800, 0, 0, 0, NULL, NULL),
(3448, 3, 19, 162, '', '', '', 'GATTI', 'গট্টি', '39', 7800, 0, 0, 0, NULL, NULL),
(3449, 3, 19, 162, '', '', '', 'JADUNANDI', 'যদুনন্দী', '44', 7800, 0, 0, 0, NULL, NULL),
(3450, 3, 19, 162, '', '', '', 'MAJHARDIA', 'মাঝারদিয়া', '61', 7800, 0, 0, 0, NULL, NULL),
(3451, 3, 19, 162, '', '', '', 'RAMKANTAPUR', 'রামকান্তপুর', '78', 7700, 0, 0, 0, NULL, NULL),
(3452, 3, 19, 162, '', '', '', 'SONAPUR', 'সোনাপুর', '89', 8350, 0, 0, 0, NULL, NULL),
(3453, 3, 20, 163, '', '', '', 'BARIA', 'বাড়ীয়া', '25', 1700, 0, 0, 0, NULL, NULL),
(3454, 3, 20, 163, '', '', '', 'BASON', 'বাসন', '', NULL, 0, 0, 0, NULL, NULL),
(3455, 3, 20, 163, '', '', '', 'PIRUJALI', 'পিরুজালী', '70', NULL, 0, 0, 0, NULL, NULL),
(3456, 3, 20, 163, '', '', '', 'BHAWALGARH', 'ভাওয়াল গড়', '28', NULL, 0, 0, 0, NULL, NULL),
(3457, 3, 20, 163, '', '', '', 'MIRZAPUR', 'মির্জাপুর', '67', 7320, 0, 0, 0, NULL, NULL),
(3458, 3, 20, 163, '', '', '', 'GACHA', 'গাছা', '', NULL, 0, 0, 0, NULL, NULL),
(3459, 3, 20, 163, '', '', '', 'KASIMPUR', 'কাশিমপুর', '', 1700, 0, 0, 0, NULL, NULL),
(3460, 3, 20, 163, '', '', '', 'KAULTIA', 'কাউলতিয়া', '', 1700, 0, 0, 0, NULL, NULL),
(3461, 3, 20, 163, '', '', '', 'KONABARI', 'কোনাবাড়ী', '', 1700, 0, 0, 0, NULL, NULL),
(3462, 3, 20, 163, '', '', '', 'PUBAIL', 'পূবাইল', '', 1700, 0, 0, 0, NULL, NULL),
(3463, 3, 20, 164, '', '', '', 'ATABAHA', 'আটাবহ', '13', 1750, 0, 0, 0, NULL, NULL),
(3464, 3, 20, 164, '', '', '', 'BOALI', 'বোয়ালী', '19', 1750, 0, 0, 0, NULL, NULL),
(3465, 3, 20, 164, '', '', '', 'CHAPAIR', 'চাপাইর', '28', 1750, 0, 0, 0, NULL, NULL),
(3466, 3, 20, 164, '', '', '', 'DHALJORA', 'ঢালজোড়া', '38', 1750, 0, 0, 0, NULL, NULL),
(3467, 3, 20, 164, '', '', '', 'FULBARIA', 'ফুলবাড়ীয়া', '47', 7030, 0, 0, 0, NULL, NULL),
(3468, 3, 20, 164, '', '', '', 'MADHYAPARA', 'মধ্যপাড়া', '57', 1540, 0, 0, 0, NULL, NULL),
(3469, 3, 20, 164, '', '', '', 'MOUCHAK', 'মৌচাক', '66', 1750, 0, 0, 0, NULL, NULL),
(3470, 3, 20, 164, '', '', '', 'SREEFALTALI', 'শ্রীফলতলী', '76', 1750, 0, 0, 0, NULL, NULL),
(3471, 3, 20, 164, '', '', '', 'SUTRAPUR', 'সূত্রাপুর', '85', 1750, 0, 0, 0, NULL, NULL),
(3472, 3, 20, 165, '', '', '', 'BAHADURSADI', 'বাহাদুরসাদী', '15', 1720, 0, 0, 0, NULL, NULL),
(3473, 3, 20, 165, '', '', '', 'BAKTARPUR', 'বক্তারপুর', '17', 1720, 0, 0, 0, NULL, NULL),
(3474, 3, 20, 165, '', '', '', 'JAMALPUR', 'জামালপুর', '60', 5100, 0, 0, 0, NULL, NULL),
(3475, 3, 20, 165, '', '', '', 'JANGALIA', 'জাঙ্গালিয়া', '69', 2326, 0, 0, 0, NULL, NULL),
(3476, 3, 20, 165, '', '', '', 'MOKTARPUR', 'মোক্তারপুর', '94', 1720, 0, 0, 0, NULL, NULL),
(3477, 3, 20, 165, '', '', '', 'NAGARI', 'নাগরী', '96', NULL, 0, 0, 0, NULL, NULL),
(3478, 3, 20, 165, '', '', '', 'TUMULIA', 'তুমলিয়া', '97', 1720, 0, 0, 0, NULL, NULL),
(3479, 3, 20, 166, '', '', '', 'BARISHABA', 'বারিষাব', '13', NULL, 0, 0, 0, NULL, NULL),
(3480, 3, 20, 166, '', '', '', 'CHANDPUR', 'চাঁদপুর', '17', 7010, 0, 0, 0, NULL, NULL),
(3481, 3, 20, 166, '', '', '', 'DURGAPUR', 'দূর্গাপুর', '25', 5460, 0, 0, 0, NULL, NULL),
(3482, 3, 20, 166, '', '', '', 'GHAGOTIA', 'ঘাগটিয়া', '34', NULL, 0, 0, 0, NULL, NULL),
(3483, 3, 20, 166, '', '', '', 'KAPASIA', 'কাপাসিয়া ', '43', 1730, 0, 0, 0, NULL, NULL),
(3484, 3, 20, 166, '', '', '', 'KARIHATA', 'কড়িহাতা', '51', 1730, 0, 0, 0, NULL, NULL),
(3485, 3, 20, 166, '', '', '', 'RAYED', 'রায়েদ', '60', 1730, 0, 0, 0, NULL, NULL),
(3486, 3, 20, 166, '', '', '', 'SANMANIA', 'সন্মানিয়া', '69', 1730, 0, 0, 0, NULL, NULL),
(3487, 3, 20, 166, '', '', '', 'SINGASREE', 'সিংহশ্রী', '77', NULL, 0, 0, 0, NULL, NULL),
(3488, 3, 20, 166, '', '', '', 'TARGAON', 'তরগাঁও', '86', 1730, 0, 0, 0, NULL, NULL),
(3489, 3, 20, 166, '', '', '', 'TOKE', 'টোক', '94', 1730, 0, 0, 0, NULL, NULL),
(3490, 3, 20, 167, '', '', '', 'BARMI', 'বরমী', '21', 1740, 0, 0, 0, NULL, NULL),
(3491, 3, 20, 167, '', '', '', 'GAZIPUR', 'গাজীপুর', '25', 3320, 0, 0, 0, NULL, NULL),
(3492, 3, 20, 167, '', '', '', 'GOSINGA', 'গোসিংগা', '28', 1740, 0, 0, 0, NULL, NULL),
(3493, 3, 20, 167, '', '', '', 'KAORAID', 'কাওরাইদ', '38', 1740, 0, 0, 0, NULL, NULL),
(3494, 3, 20, 167, '', '', '', 'MAONA', 'মাওনা', '47', 1740, 0, 0, 0, NULL, NULL),
(3495, 3, 20, 167, '', '', '', 'PRAHLADPUR', 'প্রহলাদপুর', '57', NULL, 0, 0, 0, NULL, NULL),
(3496, 3, 20, 167, '', '', '', 'RAJABARI', 'রাজাবাড়ী', '66', 1740, 0, 0, 0, NULL, NULL),
(3497, 3, 20, 167, '', '', '', 'TELIHATI', 'তেলিহাটী', '85', 1740, 0, 0, 0, NULL, NULL),
(3498, 3, 20, 168, '', '', '', 'BORASI', 'বোড়াশী', '11', NULL, 0, 0, 0, NULL, NULL),
(3499, 3, 20, 168, '', '', '', 'BAULTALI', 'বৌলতলী', '13', NULL, 0, 0, 0, NULL, NULL),
(3500, 3, 20, 168, '', '', '', 'CHANDRA DIGHALIA', 'চন্দ্রদিঘলিয়া', '15', NULL, 0, 0, 0, NULL, NULL),
(3501, 3, 20, 168, '', '', '', 'DURGAPUR', 'দুর্গাপুর', '17', 5460, 0, 0, 0, NULL, NULL),
(3502, 3, 20, 168, '', '', '', 'GOBRA', 'গোবরা', '21', 8100, 0, 0, 0, NULL, NULL),
(3503, 3, 20, 168, '', '', '', 'GOPINATHPUR', 'গোপীনাথপুর', '30', 3460, 0, 0, 0, NULL, NULL),
(3504, 3, 20, 168, '', '', '', 'HARIDASPUR', 'হরিদাসপুর', '34', 8100, 0, 0, 0, NULL, NULL),
(3505, 3, 20, 168, '', '', '', 'JALALABAD', 'জালালাবাদ', '38', 9410, 0, 0, 0, NULL, NULL),
(3506, 3, 20, 168, '', '', '', 'KAJULIA', 'কাজুলিয়া', '43', 8100, 0, 0, 0, NULL, NULL),
(3507, 3, 20, 168, '', '', '', 'KARPARA', 'করপাড়া', '47', 8100, 0, 0, 0, NULL, NULL),
(3508, 3, 20, 168, '', '', '', 'KATI', 'কাঠি', '51', NULL, 0, 0, 0, NULL, NULL),
(3509, 3, 20, 168, '', '', '', 'LATIFPUR', 'লতিফপুর', '56', 8100, 0, 0, 0, NULL, NULL),
(3510, 3, 20, 168, '', '', '', 'MAJHIGATI', 'মাঝিগাতী', '60', 8100, 0, 0, 0, NULL, NULL),
(3511, 3, 20, 168, '', '', '', 'NIZRA', 'নিজড়া', '64', 8100, 0, 0, 0, NULL, NULL),
(3512, 3, 20, 168, '', '', '', 'PAIKKANDI', 'পাইককান্দি', '69', 8100, 0, 0, 0, NULL, NULL),
(3513, 3, 20, 168, '', '', '', 'RAGHUNATHPUR', 'রঘুনাথপুর', '73', 7310, 0, 0, 0, NULL, NULL),
(3514, 3, 20, 168, '', '', '', 'SAHAPUR', 'সাহাপুর', '77', 8100, 0, 0, 0, NULL, NULL),
(3515, 3, 20, 168, '', '', '', 'SATPAR', 'সাতপাড়', '82', 8100, 0, 0, 0, NULL, NULL),
(3516, 3, 20, 168, '', '', '', 'SUKTAIL', 'শুকতাইল', '86', 8100, 0, 0, 0, NULL, NULL),
(3517, 3, 20, 168, '', '', '', 'ULPUR', 'উলপুর', '90', 8100, 0, 0, 0, NULL, NULL),
(3518, 3, 20, 168, '', '', '', 'URAFI', 'উরফি', '94', 8100, 0, 0, 0, NULL, NULL),
(3519, 3, 20, 169, '', '', '', 'BETHURI', 'বেথুড়ি', '11', 8130, 0, 0, 0, NULL, NULL),
(3520, 3, 20, 169, '', '', '', 'FUKURA', 'ফুকরা', '13', 8130, 0, 0, 0, NULL, NULL),
(3521, 3, 20, 169, '', '', '', 'HATIARA', 'হাতিয়ারা', '20', 8130, 0, 0, 0, NULL, NULL),
(3522, 3, 20, 169, '', '', '', 'KASHIANI', 'কাশিয়ানী', '27', 8130, 0, 0, 0, NULL, NULL),
(3523, 3, 20, 169, '', '', '', 'MAMUDPUR', 'মাহমুদপুর', '33', 8130, 0, 0, 0, NULL, NULL),
(3524, 3, 20, 169, '', '', '', 'MAHESHPUR', 'মহেশপুর', '40', 1630, 0, 0, 0, NULL, NULL),
(3525, 3, 20, 169, '', '', '', 'NIJAMKANDI', 'নিজামকান্দি', '47', 8130, 0, 0, 0, NULL, NULL),
(3526, 3, 20, 169, '', '', '', 'ORAKANDI', 'ওড়াকান্দি', '54', 8130, 0, 0, 0, NULL, NULL),
(3527, 3, 20, 169, '', '', '', 'PARULIA', 'পারুলীয়া', '61', 9430, 0, 0, 0, NULL, NULL),
(3528, 3, 20, 169, '', '', '', 'PUISUR', 'পুইশুর', '67', 8130, 0, 0, 0, NULL, NULL),
(3529, 3, 20, 169, '', '', '', 'RAJPAT', 'রাজপাট', '74', 8130, 0, 0, 0, NULL, NULL),
(3530, 3, 20, 169, '', '', '', 'RATAIL', 'রাতইল', '81', NULL, 0, 0, 0, NULL, NULL),
(3531, 3, 20, 169, '', '', '', 'SAJAIL', 'সাজাইল', '88', 8130, 0, 0, 0, NULL, NULL),
(3532, 3, 20, 169, '', '', '', 'SINGA', 'সিংগা', '94', 8130, 0, 0, 0, NULL, NULL),
(3533, 3, 21, 170, '', '', '', 'AMTALI', 'আমতলী', '13', 8710, 0, 0, 0, NULL, NULL),
(3534, 3, 21, 170, '', '', '', 'BANDHABARI', 'বান্দাবাড়ী', '15', 8110, 0, 0, 0, NULL, NULL),
(3535, 3, 21, 170, '', '', '', 'GHAGAR', 'ঘাঘর', '23', NULL, 0, 0, 0, NULL, NULL),
(3536, 3, 21, 170, '', '', '', 'HIRAN', 'হিরণ', '31', NULL, 0, 0, 0, NULL, NULL),
(3537, 3, 21, 170, '', '', '', 'KALABARI', 'কলাবাড়ীর', '39', 8110, 0, 0, 0, NULL, NULL),
(3538, 3, 21, 170, '', '', '', 'KANDI', 'কান্দি', '47', 5450, 0, 0, 0, NULL, NULL),
(3539, 3, 21, 170, '', '', '', 'KUSHLA', 'কুশলা', '55', 8110, 0, 0, 0, NULL, NULL),
(3540, 3, 21, 170, '', '', '', 'PINJURI', 'পিঞ্জুরী', '63', 8110, 0, 0, 0, NULL, NULL),
(3541, 3, 21, 170, '', '', '', 'RADHAGANJ', 'রাধাগঞ্জ', '71', 8110, 0, 0, 0, NULL, NULL),
(3542, 3, 21, 170, '', '', '', 'RAMSHIL', 'রামশীল', '79', 8110, 0, 0, 0, NULL, NULL),
(3543, 3, 21, 170, '', '', '', 'SADULLAPUR', 'সাদ্দুল্লাপুর', '87', 8110, 0, 0, 0, NULL, NULL),
(3544, 3, 21, 170, '', '', '', 'SUAGRAM', 'শুয়াগ্রাম', '94', 8110, 0, 0, 0, NULL, NULL),
(3545, 3, 21, 171, '', '', '', 'BHABRASUR', 'ভাবড়াশুর', '10', 8140, 0, 0, 0, NULL, NULL),
(3546, 3, 21, 171, '', '', '', 'BAHUGRAM', 'বহুগ্রাম', '11', 8140, 0, 0, 0, NULL, NULL),
(3547, 3, 21, 171, '', '', '', 'BANSHBARIA', 'বাঁশবাড়িয়া', '16', 7340, 0, 0, 0, NULL, NULL),
(3548, 3, 21, 171, '', '', '', 'BATIKAMARI', 'বাটিকামারী', '22', 8140, 0, 0, 0, NULL, NULL),
(3549, 3, 21, 171, '', '', '', 'DIGNAGAR', 'দিগনগর', '27', 7320, 0, 0, 0, NULL, NULL),
(3550, 3, 21, 171, '', '', '', 'GOBINDAPUR', 'গোবিন্দপুর', '33', 3570, 0, 0, 0, NULL, NULL),
(3551, 3, 21, 171, '', '', '', 'GOHALA', 'গোহালা', '39', 8140, 0, 0, 0, NULL, NULL),
(3552, 3, 21, 171, '', '', '', 'JALIRPAR', 'জলিরপাড়', '44', 8140, 0, 0, 0, NULL, NULL),
(3553, 3, 21, 171, '', '', '', 'KASALIA', 'কাশালিয়া', '50', NULL, 0, 0, 0, NULL, NULL),
(3554, 3, 21, 171, '', '', '', 'KHANDARPAR', 'খান্দারপাড়', '55', NULL, 0, 0, 0, NULL, NULL),
(3555, 3, 21, 171, '', '', '', 'MAHARAJPUR', 'মহারাজপুর', '61', 9000, 0, 0, 0, NULL, NULL),
(3556, 3, 21, 171, '', '', '', 'MOCHNA', 'মোচনা', '67', 8140, 0, 0, 0, NULL, NULL),
(3557, 3, 21, 171, '', '', '', 'NANIKSHIR', 'ননীক্ষীর', '72', NULL, 0, 0, 0, NULL, NULL),
(3558, 3, 21, 171, '', '', '', 'PASARGATI', 'পশারগাতি', '78', NULL, 0, 0, 0, NULL, NULL),
(3559, 3, 21, 171, '', '', '', 'RAGHDI', 'রাঘদী', '83', NULL, 0, 0, 0, NULL, NULL),
(3560, 3, 21, 171, '', '', '', 'UJANI', 'উজানী', '94', 8140, 0, 0, 0, NULL, NULL),
(3561, 3, 21, 172, '', '', '', 'BARNI', 'বর্ণি', '19', 3250, 0, 0, 0, NULL, NULL),
(3562, 3, 21, 172, '', '', '', 'DUMURIA', 'ডুমুরিয়া', '28', 9240, 0, 0, 0, NULL, NULL),
(3563, 3, 21, 172, '', '', '', 'GOPALPUR', 'গোপালপুর', '38', 9310, 0, 0, 0, NULL, NULL),
(3564, 3, 21, 172, '', '', '', 'KUSHLI', 'কুশলি', '66', 8120, 0, 0, 0, NULL, NULL),
(3565, 3, 21, 172, '', '', '', 'PATGATI', 'পাটগাতি', '76', 8120, 0, 0, 0, NULL, NULL),
(3566, 3, 22, 173, '', '', '', 'BAGAR CHAR', 'বগারচর ', '11', 2000, 0, 0, 0, NULL, NULL),
(3567, 3, 22, 173, '', '', '', 'BAKSHIGANJ', 'বকশীগঞ্জ ', '23', 2000, 0, 0, 0, NULL, NULL),
(3568, 3, 22, 173, '', '', '', 'BATTAJORE', 'বাট্টজোড় ', '35', 2000, 0, 0, 0, NULL, NULL),
(3569, 3, 22, 173, '', '', '', 'DHANUA', 'ধানুয়া কামালপুর ', '47', NULL, 0, 0, 0, NULL, NULL),
(3570, 3, 22, 173, '', '', '', 'MERUR CHAR', 'মেরুরচর ', '59', 2000, 0, 0, 0, NULL, NULL),
(3571, 3, 22, 173, '', '', '', 'NILAKSHMIA', 'নিলাখিয়া ', '71', NULL, 0, 0, 0, NULL, NULL),
(3572, 3, 22, 173, '', '', '', 'SADHUR PARA', 'সাধুরপাড়া ', '83', NULL, 0, 0, 0, NULL, NULL),
(3573, 3, 22, 174, '', '', '', 'BAHADURABAD', 'বাহাদুরাবাদ', '17', 2030, 0, 0, 0, NULL, NULL),
(3574, 3, 22, 174, '', '', '', 'CHAR AOMKHAOA', 'চর আমখাওয়া', '29', NULL, 0, 0, 0, NULL, NULL),
(3575, 3, 22, 174, '', '', '', 'CHIKAJANI', 'চিকাজানী', '36', 2030, 0, 0, 0, NULL, NULL),
(3576, 3, 22, 174, '', '', '', 'CHUKAIBARI', 'চুকাইবাড়ী', '43', 2030, 0, 0, 0, NULL, NULL),
(3577, 3, 22, 174, '', '', '', 'DANGDHARA', 'ডাংধরা', '51', 2030, 0, 0, 0, NULL, NULL),
(3578, 3, 22, 174, '', '', '', 'DEWANGANJ UNION', 'দেওয়ানগঞ্জ', '58', NULL, 0, 0, 0, NULL, NULL),
(3579, 3, 22, 174, '', '', '', 'HATEBHANGA', 'হাতীভাঙ্গা', '65', 2030, 0, 0, 0, NULL, NULL),
(3580, 3, 22, 174, '', '', '', 'PAR RAMRAMPUR', 'পাররামরামপুর', '87', NULL, 0, 0, 0, NULL, NULL),
(3581, 3, 22, 175, '', '', '', 'BELGACHHA', 'বেলগাছা', '13', 5600, 0, 0, 0, NULL, NULL),
(3582, 3, 22, 175, '', '', '', 'CHAR GOALINI', 'চরগোয়ালিনী', '15', 2020, 0, 0, 0, NULL, NULL),
(3583, 3, 22, 175, '', '', '', 'CHAR PUTIMARI', 'চরপুটিমারী', '23', 2020, 0, 0, 0, NULL, NULL),
(3584, 3, 22, 175, '', '', '', 'CHINADULLI', 'চিনাডুলী', '31', NULL, 0, 0, 0, NULL, NULL),
(3585, 3, 22, 175, '', '', '', 'GAIBANDHA', 'গাইবান্ধা', '39', 2020, 0, 0, 0, NULL, NULL),
(3586, 3, 22, 175, '', '', '', 'GOALER CHAR', 'গোয়ালেরচর', '47', 2020, 0, 0, 0, NULL, NULL),
(3587, 3, 22, 175, '', '', '', 'ISLAMPUR', 'ইসলামপুর ', '55', 3080, 0, 0, 0, NULL, NULL),
(3588, 3, 22, 175, '', '', '', 'KULKANDI', 'কুলকান্দি', '63', 2020, 0, 0, 0, NULL, NULL),
(3589, 3, 22, 175, '', '', '', 'NOARPARA', 'নোয়ারপাড়া', '71', 2020, 0, 0, 0, NULL, NULL),
(3590, 3, 22, 175, '', '', '', 'PALBANDHA', 'পলবান্ধা', '79', 2020, 0, 0, 0, NULL, NULL),
(3591, 3, 22, 175, '', '', '', 'PATHARSI', 'পাথশী', '87', 2020, 0, 0, 0, NULL, NULL),
(3592, 3, 22, 175, '', '', '', 'SAPDHARI', 'সাপধরী', '94', 2020, 0, 0, 0, NULL, NULL),
(3593, 3, 22, 176, '', '', '', 'BANSHCHARA', 'বাঁশচড়া', '13', 2000, 0, 0, 0, NULL, NULL),
(3594, 3, 22, 176, '', '', '', 'GHORADHAP', 'ঘোড়াধাপ', '17', 2000, 0, 0, 0, NULL, NULL),
(3595, 3, 22, 176, '', '', '', 'DIGPAITH', 'দিগপাইত', '19', 2000, 0, 0, 0, NULL, NULL),
(3596, 3, 22, 176, '', '', '', 'ITAIL', 'ইটাইল', '23', 2000, 0, 0, 0, NULL, NULL),
(3597, 3, 22, 176, '', '', '', 'KENDUA', 'কেন্দুয়া', '35', 7900, 0, 0, 0, NULL, NULL),
(3598, 3, 22, 176, '', '', '', 'LAKSHMIR CHAR', 'লক্ষীরচর', '41', NULL, 0, 0, 0, NULL, NULL),
(3599, 3, 22, 176, '', '', '', 'MESHTA', 'মেষ্টা', '47', 2000, 0, 0, 0, NULL, NULL),
(3600, 3, 22, 176, '', '', '', 'NARUNDI', 'নরুন্দি', '53', 2000, 0, 0, 0, NULL, NULL),
(3601, 3, 22, 176, '', '', '', 'RANAGACHHA', 'রানাগাছা', '59', 2000, 0, 0, 0, NULL, NULL),
(3602, 3, 22, 176, '', '', '', 'RASHIDPUR', 'রশিদপুর', '65', 2000, 0, 0, 0, NULL, NULL),
(3603, 3, 22, 176, '', '', '', 'SAHABAJPUR', 'শাহবাজাপুর', '71', 2000, 0, 0, 0, NULL, NULL),
(3604, 3, 22, 176, '', '', '', 'SHARIFPUR', 'শরীফপুর', '77', 3230, 0, 0, 0, NULL, NULL),
(3605, 3, 22, 176, '', '', '', 'SREEPUR', 'শ্রীপুর', '83', 7610, 0, 0, 0, NULL, NULL),
(3606, 3, 22, 176, '', '', '', 'TITPALLA', 'তিতপল্লা', '89', 2000, 0, 0, 0, NULL, NULL),
(3607, 3, 22, 176, '', '', '', 'TULSIR CHAR', 'তুরসীরচর', '95', 2000, 0, 0, 0, NULL, NULL),
(3608, 3, 22, 177, '', '', '', 'ADARBHITA', 'আদারভিটা', '11', 2040, 0, 0, 0, NULL, NULL),
(3609, 3, 22, 177, '', '', '', 'BALIJURI', 'বালিজুড়ী', '23', 3030, 0, 0, 0, NULL, NULL),
(3610, 3, 22, 177, '', '', '', 'CHAR PAKERDAHA', 'চর পাকেরদহ', '35', 2040, 0, 0, 0, NULL, NULL),
(3611, 3, 22, 177, '', '', '', 'GUNARITALA', 'গুনারীতলা', '47', NULL, 0, 0, 0, NULL, NULL),
(3612, 3, 22, 177, '', '', '', 'JOREKHALI UNION', 'জোড়থালী', '59', NULL, 0, 0, 0, NULL, NULL),
(3613, 3, 22, 177, '', '', '', 'KARAICHARA', 'কড়ইচড়া', '71', NULL, 0, 0, 0, NULL, NULL),
(3614, 3, 22, 177, '', '', '', 'SIDHULI', 'সিধুলী', '83', 2040, 0, 0, 0, NULL, NULL),
(3615, 3, 22, 178, '', '', '', 'ADRA', 'আদ্রা', '17', 3560, 0, 0, 0, NULL, NULL),
(3616, 3, 22, 178, '', '', '', 'CHAR BANIPAKURI UNION', 'চরবানিপাকুরিয়া', '19', NULL, 0, 0, 0, NULL, NULL),
(3617, 3, 22, 178, '', '', '', 'DURMUT', 'দুরমুট', '28', 2010, 0, 0, 0, NULL, NULL),
(3618, 3, 22, 178, '', '', '', 'FULKOCHA', 'ফুলকোচা', '38', 2010, 0, 0, 0, NULL, NULL),
(3619, 3, 22, 178, '', '', '', 'GHOSHER PARA', 'ঘোষের পাড়া', '47', 2010, 0, 0, 0, NULL, NULL),
(3620, 3, 22, 178, '', '', '', 'JHAUGARA', 'ঝাউগড়া', '57', 2010, 0, 0, 0, NULL, NULL),
(3621, 3, 22, 178, '', '', '', 'KULIA', 'কুলিয়া', '66', 9430, 0, 0, 0, NULL, NULL),
(3622, 3, 22, 178, '', '', '', 'MAHMUDPUR', 'মাহমুদপুর', '76', 5280, 0, 0, 0, NULL, NULL),
(3623, 3, 22, 178, '', '', '', 'NANGLA', 'নাংলা', '85', 2010, 0, 0, 0, NULL, NULL),
(3624, 3, 22, 178, '', '', '', 'NAYANAGAR', 'নয়ানগর', '95', 2010, 0, 0, 0, NULL, NULL),
(3625, 3, 22, 178, '', '', '', 'SHAYMPUR', 'শ্যামপুর', '97', NULL, 0, 0, 0, NULL, NULL),
(3626, 3, 22, 179, '', '', '', 'AONA', ' আওনা ', '10', 2050, 0, 0, 0, NULL, NULL),
(3627, 3, 22, 179, '', '', '', 'BHATARA', 'ভাটারা ', '21', 1215, 0, 0, 0, NULL, NULL),
(3628, 3, 22, 179, '', '', '', 'DOAIL', 'ডোয়াইল ', '31', 2050, 0, 0, 0, NULL, NULL),
(3629, 3, 22, 179, '', '', '', 'KAMRABAD', 'কামরাবাদ ', '42', 2050, 0, 0, 0, NULL, NULL),
(3630, 3, 22, 179, '', '', '', 'MAHADAN', 'মহাদান ', '52', 2050, 0, 0, 0, NULL, NULL),
(3631, 3, 22, 179, '', '', '', 'PINGNA', 'পিংনা ', '63', 2050, 0, 0, 0, NULL, NULL),
(3632, 3, 22, 179, '', '', '', 'POGALDIGHA', 'পোগলদিঘা ', '73', 2050, 0, 0, 0, NULL, NULL),
(3633, 3, 22, 179, '', '', '', 'SATPOA', 'সাতপোয়া ', '84', 2050, 0, 0, 0, NULL, NULL),
(3634, 3, 23, 180, '', '', '', 'ADAMPUR', 'আদমপুর ', '11', 3220, 0, 0, 0, NULL, NULL),
(3635, 3, 23, 180, '', '', '', 'AUSTAGRAM', 'অষ্টগ্রাম', '23', 2380, 0, 0, 0, NULL, NULL),
(3636, 3, 23, 180, '', '', '', 'BANGAL PARA', 'বাঙ্গালপাড়া ', '35', 2380, 0, 0, 0, NULL, NULL),
(3637, 3, 23, 180, '', '', '', 'DEOGHAR', 'দেওঘর ', '47', 2380, 0, 0, 0, NULL, NULL),
(3638, 3, 23, 180, '', '', '', 'KALMA', 'কলমা ', '59', 8330, 0, 0, 0, NULL, NULL),
(3639, 3, 23, 180, '', '', '', 'KASTAIL', 'কাস্তুল ', '71', NULL, 0, 0, 0, NULL, NULL),
(3640, 3, 23, 180, '', '', '', 'KHAYERPUR ABDULLAHPUR', 'খয়েরপুর-আব্দুল্লাপুর ', '83', 2380, 0, 0, 0, NULL, NULL),
(3641, 3, 23, 180, '', '', '', 'PURBA AUSTAGRAM', 'পূর্ব অষ্টগ্রাম ', '91', 2380, 0, 0, 0, NULL, NULL),
(3642, 3, 23, 181, '', '', '', 'BALIARDI', 'বলিয়ার্দী ', '17', NULL, 0, 0, 0, NULL, NULL),
(3643, 3, 23, 181, '', '', '', 'DIGHIRPAR', 'দিঘীরপাড় ', '25', 2336, 0, 0, 0, NULL, NULL),
(3644, 3, 23, 181, '', '', '', 'DILALPUR', 'দিলালপুর', '34', 2336, 0, 0, 0, NULL, NULL),
(3645, 3, 23, 181, '', '', '', 'GAZIR CHAR', 'গাজীরচর ', '43', 2336, 0, 0, 0, NULL, NULL),
(3646, 3, 23, 181, '', '', '', 'HALIMPUR', 'হালিমপুর ', '51', 2336, 0, 0, 0, NULL, NULL),
(3647, 3, 23, 181, '', '', '', 'HILACHIA', 'হিলচিয়া ', '60', 2336, 0, 0, 0, NULL, NULL),
(3648, 3, 23, 181, '', '', '', 'HUMAIPUR', 'হুমাইপুর ', '69', 2336, 0, 0, 0, NULL, NULL),
(3649, 3, 23, 181, '', '', '', 'KAILAG', 'কৈলাগ ', '72', 2336, 0, 0, 0, NULL, NULL),
(3650, 3, 23, 181, '', '', '', 'MAIJ CHAR', 'মাইজচর ', '77', 2336, 0, 0, 0, NULL, NULL),
(3651, 3, 23, 181, '', '', '', 'PIRIJPUR', 'পিরিজপুর', '86', 2336, 0, 0, 0, NULL, NULL),
(3652, 3, 23, 181, '', '', '', 'SARAR CHAR', 'সরারচর ', '94', 2336, 0, 0, 0, NULL, NULL),
(3653, 3, 23, 182, '', '', '', 'AGANAGAR', 'আগানগর ', '21', 3560, 0, 0, 0, NULL, NULL),
(3654, 3, 23, 182, '', '', '', 'GAZARIA', 'গজারিয়া', '35', 2350, 0, 0, 0, NULL, NULL),
(3655, 3, 23, 182, '', '', '', 'KALIKA PRASAD', 'কালিকা প্রসাদ', '47', NULL, 0, 0, 0, NULL, NULL),
(3656, 3, 23, 182, '', '', '', 'SADAKPUR', 'সাদেকপুর', '59', NULL, 0, 0, 0, NULL, NULL),
(3657, 3, 23, 182, '', '', '', 'SHIBPUR', 'শিবপুর', '71', 9400, 0, 0, 0, NULL, NULL),
(3658, 3, 23, 182, '', '', '', 'SHIMULKANDI', 'শিমুলকান্দি', '83', 2350, 0, 0, 0, NULL, NULL),
(3659, 3, 23, 182, '', '', '', 'SREENAGAR', 'শ্রীনগর', '85', 2350, 0, 0, 0, NULL, NULL),
(3660, 3, 23, 183, '', '', '', 'ARAIBARIA', 'আড়াইবাড়ীয়া', '13', NULL, 0, 0, 0, NULL, NULL),
(3661, 3, 23, 183, '', '', '', 'GOBINDAPUR', 'গোবিন্দপুর', '27', 3570, 0, 0, 0, NULL, NULL),
(3662, 3, 23, 183, '', '', '', 'JINARI', 'জিনারী', '40', NULL, 0, 0, 0, NULL, NULL),
(3663, 3, 23, 183, '', '', '', 'PUMDI', 'পুমদী', '54', 2320, 0, 0, 0, NULL, NULL),
(3664, 3, 23, 183, '', '', '', 'SAHEDAL', 'শাহেদল', '67', 2320, 0, 0, 0, NULL, NULL),
(3665, 3, 23, 183, '', '', '', 'SIDHLA', 'সিদলা', '81', 2270, 0, 0, 0, NULL, NULL),
(3666, 3, 23, 184, '', '', '', 'BADLA', 'বাদলা', '17', 2390, 0, 0, 0, NULL, NULL),
(3667, 3, 23, 184, '', '', '', 'BARIBARI', 'বড়িবাড়ী', '25', 2390, 0, 0, 0, NULL, NULL),
(3668, 3, 23, 184, '', '', '', 'CHAUGANGA', 'চৌগাংগা', '26', NULL, 0, 0, 0, NULL, NULL),
(3669, 3, 23, 184, '', '', '', 'DHANPUR', 'ধনপুর', '43', 3010, 0, 0, 0, NULL, NULL),
(3670, 3, 23, 184, '', '', '', 'ELONGJURI', 'এলংজুড়ি', '47', 2390, 0, 0, 0, NULL, NULL),
(3671, 3, 23, 184, '', '', '', 'ITNA', 'ইটনা ', '51', 7511, 0, 0, 0, NULL, NULL),
(3672, 3, 23, 184, '', '', '', 'JOY SIDDHI', 'জয়সিদ্ধি', '60', NULL, 0, 0, 0, NULL, NULL),
(3673, 3, 23, 184, '', '', '', 'MRIGA', 'মৃগা', '86', NULL, 0, 0, 0, NULL, NULL),
(3674, 3, 23, 184, '', '', '', 'RAITUTI', 'রায়টুটি', '94', 2390, 0, 0, 0, NULL, NULL),
(3675, 3, 23, 185, '', '', '', 'BARAGHARIA', 'বারঘরিয়া', '13', 2310, 0, 0, 0, NULL, NULL),
(3676, 3, 23, 185, '', '', '', 'DEHUNDA', 'দেহুন্দা', '17', 2310, 0, 0, 0, NULL, NULL),
(3677, 3, 23, 185, '', '', '', 'GUNDHAR', 'গুনধর', '25', 2310, 0, 0, 0, NULL, NULL),
(3678, 3, 23, 185, '', '', '', 'GUJADIA', 'গুজাদিয়া', '34', 2310, 0, 0, 0, NULL, NULL),
(3679, 3, 23, 185, '', '', '', 'JAFARABAD', 'জাফরাবাদ', '43', 2310, 0, 0, 0, NULL, NULL),
(3680, 3, 23, 185, '', '', '', 'JOYKA', 'জয়কা', '51', 2310, 0, 0, 0, NULL, NULL),
(3681, 3, 23, 185, '', '', '', 'KADIR JANGAL', 'কাদিরজঙ্গল', '60', NULL, 0, 0, 0, NULL, NULL),
(3682, 3, 23, 185, '', '', '', 'KIRATAN', 'কিরাটন', '71', NULL, 0, 0, 0, NULL, NULL),
(3683, 3, 23, 185, '', '', '', 'NIAMATPUR', 'নিয়ামতপুর', '77', 7350, 0, 0, 0, NULL, NULL),
(3684, 3, 23, 185, '', '', '', 'NOABAD', 'নোয়াবাদ', '86', 2310, 0, 0, 0, NULL, NULL),
(3685, 3, 23, 185, '', '', '', 'SUTAR PARA', 'সুতারপাড়া', '94', 2310, 0, 0, 0, NULL, NULL),
(3686, 3, 23, 186, '', '', '', 'ACHMITA', 'আচমিতা', '13', 2330, 0, 0, 0, NULL, NULL),
(3687, 3, 23, 186, '', '', '', 'BANAGRAM', 'বনগ্রাম', '19', 9320, 0, 0, 0, NULL, NULL),
(3688, 3, 23, 186, '', '', '', 'CHANDPUR', 'চান্দপুর', '28', 7010, 0, 0, 0, NULL, NULL),
(3689, 3, 23, 186, '', '', '', 'JALALPUR', 'জালালপুর', '38', 9420, 0, 0, 0, NULL, NULL),
(3690, 3, 23, 186, '', '', '', 'KARGAON', 'করগাঁও', '47', 3370, 0, 0, 0, NULL, NULL),
(3691, 3, 23, 186, '', '', '', 'LOHAJURI', 'লোহাজুরী', '66', NULL, 0, 0, 0, NULL, NULL),
(3692, 3, 23, 186, '', '', '', 'MASUA', 'মসূয়া', '76', 2330, 0, 0, 0, NULL, NULL),
(3693, 3, 23, 186, '', '', '', 'MUMURDIA', 'মুমুরদিয়া', '85', 2330, 0, 0, 0, NULL, NULL),
(3694, 3, 23, 186, '', '', '', 'SHAHASRAM DHULDIA', 'সহশ্রাম ধুলদিয়া', '95', NULL, 0, 0, 0, NULL, NULL),
(3695, 3, 23, 187, '', '', '', 'BINNATI', 'বিন্নাটি', '16', 2300, 0, 0, 0, NULL, NULL),
(3696, 3, 23, 187, '', '', '', 'BAULAI', 'বৌলাই', '17', NULL, 0, 0, 0, NULL, NULL),
(3697, 3, 23, 187, '', '', '', 'CHAUDDASATA', 'চৌদ্দশত', '25', 2300, 0, 0, 0, NULL, NULL),
(3698, 3, 23, 187, '', '', '', 'DANA PATALI', 'দানাপাটুলী', '34', NULL, 0, 0, 0, NULL, NULL),
(3699, 3, 23, 187, '', '', '', 'JASODAL', 'যশোদল', '43', 2300, 0, 0, 0, NULL, NULL),
(3700, 3, 23, 187, '', '', '', 'KORSHA KARIAIL', 'কর্শাকড়িয়াইল', '51', 2300, 0, 0, 0, NULL, NULL),
(3701, 3, 23, 187, '', '', '', 'LATIBABAD', 'লতিবাবাদ', '60', 2300, 0, 0, 0, NULL, NULL),
(3702, 3, 23, 187, '', '', '', 'MAHINANDA', 'মহিনন্দ', '69', 2300, 0, 0, 0, NULL, NULL),
(3703, 3, 23, 187, '', '', '', 'MAIJ KHAPAN', 'মাইজখাপন', '77', 2300, 0, 0, 0, NULL, NULL),
(3704, 3, 23, 187, '', '', '', 'MARIA', 'মারিয়া', '86', 2300, 0, 0, 0, NULL, NULL),
(3705, 3, 23, 187, '', '', '', 'RASHIDABAD', 'রশিদাবাদ', '94', 2300, 0, 0, 0, NULL, NULL),
(3706, 3, 23, 188, '', '', '', 'CHHAYSUTI', 'ছয়সূতি', '11', 2340, 0, 0, 0, NULL, NULL),
(3707, 3, 23, 188, '', '', '', 'FARIDPUR', 'ফরিদপুর', '23', 2340, 0, 0, 0, NULL, NULL),
(3708, 3, 23, 188, '', '', '', 'GOBARIA ABDULLAHPUR', 'গোবরীয়া আব্দুল্লাপুর', '35', NULL, 0, 0, 0, NULL, NULL),
(3709, 3, 23, 188, '', '', '', 'OSMANPUR', 'উছমানপুর', '59', 7021, 0, 0, 0, NULL, NULL),
(3710, 3, 23, 188, '', '', '', 'RAMDI', 'রামদী', '71', 2340, 0, 0, 0, NULL, NULL),
(3711, 3, 23, 188, '', '', '', 'SALUA', 'সালুয়া', '83', 2340, 0, 0, 0, NULL, NULL),
(3712, 3, 23, 189, '', '', '', 'BAIRATI', 'বৈরাটি', '11', 2410, 0, 0, 0, NULL, NULL),
(3713, 3, 23, 189, '', '', '', 'DHAKI', 'ঢাকী', '13', 2370, 0, 0, 0, NULL, NULL),
(3714, 3, 23, 189, '', '', '', 'GHAGRA', 'ঘাগড়া', '27', 2370, 0, 0, 0, NULL, NULL),
(3715, 3, 23, 189, '', '', '', 'GOPEDIGHI', 'গোপদিঘী', '40', 2370, 0, 0, 0, NULL, NULL),
(3716, 3, 23, 189, '', '', '', 'KHATKHAL', 'কাটখাল', '54', NULL, 0, 0, 0, NULL, NULL),
(3717, 3, 23, 189, '', '', '', 'KEORJORI', 'কেওয়ারজোর', '67', NULL, 0, 0, 0, NULL, NULL),
(3718, 3, 23, 189, '', '', '', 'MITHAMAIN', 'মিঠামইন', '81', NULL, 0, 0, 0, NULL, NULL),
(3719, 3, 23, 190, '', '', '', 'CHHATIR CHAR', 'ছাতিরচর', '23', NULL, 0, 0, 0, NULL, NULL),
(3720, 3, 23, 190, '', '', '', 'DAMPARA', 'দামপাড়া', '27', 2360, 0, 0, 0, NULL, NULL),
(3721, 3, 23, 190, '', '', '', 'GURAI', 'গুরই', '38', NULL, 0, 0, 0, NULL, NULL),
(3722, 3, 23, 190, '', '', '', 'JARAITALA', 'জারইতলা', '47', 2360, 0, 0, 0, NULL, NULL),
(3723, 3, 23, 190, '', '', '', 'KARPASHA', 'কারপাশা', '57', 2360, 0, 0, 0, NULL, NULL),
(3724, 3, 23, 190, '', '', '', 'NIKLI', 'নিকলী ', '76', 2360, 0, 0, 0, NULL, NULL),
(3725, 3, 23, 190, '', '', '', 'SINGPUR', 'সিংপুর', '85', 2360, 0, 0, 0, NULL, NULL),
(3726, 3, 23, 191, '', '', '', 'BARUDIA', 'বুরুদিয়া', '15', NULL, 0, 0, 0, NULL, NULL),
(3727, 3, 23, 191, '', '', '', 'CHANDI PASHA', 'চন্ডিপাশা', '19', NULL, 0, 0, 0, NULL, NULL),
(3728, 3, 23, 191, '', '', '', 'CHAR FARADI', 'চরফরাদি', '28', 2326, 0, 0, 0, NULL, NULL),
(3729, 3, 23, 191, '', '', '', 'EGARASINDUR', 'এগারসিন্ধুর', '38', 2326, 0, 0, 0, NULL, NULL),
(3730, 3, 23, 191, '', '', '', 'HOSENDI', 'হোসেন্দী', '47', 2326, 0, 0, 0, NULL, NULL),
(3731, 3, 23, 191, '', '', '', 'JANGALIA', 'জাঙ্গালিয়া', '57', 2326, 0, 0, 0, NULL, NULL),
(3732, 3, 23, 191, '', '', '', 'NARANDI', 'নারান্দী', '66', 2326, 0, 0, 0, NULL, NULL),
(3733, 3, 23, 191, '', '', '', 'PATUABHANGA', 'পাটুয়াভাঙ্গা', '85', 2326, 0, 0, 0, NULL, NULL),
(3734, 3, 23, 191, '', '', '', 'SUKHIA', 'সুখিয়া', '95', 2326, 0, 0, 0, NULL, NULL),
(3735, 3, 23, 191, '', '', '', 'PAKUNDIA', 'পাকুন্দিয়া', '', 2326, 0, 0, 0, NULL, NULL),
(3736, 3, 23, 192, '', '', '', 'DAMIHA', 'দামিহা', '13', 2316, 0, 0, 0, NULL, NULL),
(3737, 3, 23, 192, '', '', '', 'DHALA', 'ধলা', '27', 2316, 0, 0, 0, NULL, NULL),
(3738, 3, 23, 192, '', '', '', 'DIGDAIR', 'দিগদাইড়', '40', 2316, 0, 0, 0, NULL, NULL),
(3739, 3, 23, 192, '', '', '', 'JAWAR', 'জাওয়ার', '54', 2316, 0, 0, 0, NULL, NULL),
(3740, 3, 23, 192, '', '', '', 'RAUTI', 'রাউতি', '67', 2316, 0, 0, 0, NULL, NULL),
(3741, 3, 23, 192, '', '', '', 'TALGANGA', 'তালজাঙ্গা', '81', 2316, 0, 0, 0, NULL, NULL),
(3742, 3, 23, 192, '', '', '', 'TARAIL SACHAIL', 'তাড়াইল-সাচাইল', '94', 2316, 0, 0, 0, NULL, NULL),
(3743, 3, 24, 193, '', '', '', 'ALINAGAR', 'আলিনগর', '11', 8300, 0, 0, 0, NULL, NULL),
(3744, 3, 24, 193, '', '', '', 'BALIGRAM', 'বালীগ্রাম', '12', 7920, 0, 0, 0, NULL, NULL),
(3745, 3, 24, 193, '', '', '', 'BANSHGARI', 'বাশঁগাড়ী', '18', 1630, 0, 0, 0, NULL, NULL),
(3746, 3, 24, 193, '', '', '', 'CHAR DAULAT KHAN', 'চরদৌলতখান', '25', NULL, 0, 0, 0, NULL, NULL),
(3747, 3, 24, 193, '', '', '', 'DASAR', 'ডাসার', '31', 7920, 0, 0, 0, NULL, NULL),
(3748, 3, 24, 193, '', '', '', 'ENAYETNAGAR', 'এনায়েতনগর', '37', 1400, 0, 0, 0, NULL, NULL),
(3749, 3, 24, 193, '', '', '', 'GOPALPUR', 'গোপালপুর', '44', 9310, 0, 0, 0, NULL, NULL),
(3750, 3, 24, 193, '', '', '', 'KAYARIA', 'কয়ারিয়া', '56', 7920, 0, 0, 0, NULL, NULL),
(3751, 3, 24, 193, '', '', '', 'KAZIBAKAI', 'কাজীবাকাই', '63', NULL, 0, 0, 0, NULL, NULL),
(3752, 3, 24, 193, '', '', '', 'LAKSHMIPUR', 'লাক্ষীপুর', '69', 3560, 0, 0, 0, NULL, NULL),
(3753, 3, 24, 193, '', '', '', 'NABAGRAM', 'নবগ্রাম', '75', 8400, 0, 0, 0, NULL, NULL),
(3754, 3, 24, 193, '', '', '', 'RAMJANPUR', 'রমজানপুর', '82', 7920, 0, 0, 0, NULL, NULL),
(3755, 3, 24, 193, '', '', '', 'SAHEBRAMPUR', 'সাহেবরামপুর', '88', 7920, 0, 0, 0, NULL, NULL),
(3756, 3, 24, 193, '', '', '', 'SHIKAR MANGAL', 'শিকারমঙ্গল', '94', 7920, 0, 0, 0, NULL, NULL),
(3757, 3, 24, 194, '', '', '', 'BAHADURPUR', 'বাহাদুরপুর', '10', 7040, 0, 0, 0, NULL, NULL),
(3758, 3, 24, 194, '', '', '', 'CHILAR CHAR', 'ছিলারচর', '11', NULL, 0, 0, 0, NULL, NULL),
(3759, 3, 24, 194, '', '', '', 'DHURAIL', 'ধুরাইল', '17', 7900, 0, 0, 0, NULL, NULL),
(3760, 3, 24, 194, '', '', '', 'DUDKHALI', 'দুধখালী', '23', NULL, 0, 0, 0, NULL, NULL),
(3761, 3, 24, 194, '', '', '', 'GHATMAJHI', 'ঘটমাঝি', '29', 7900, 0, 0, 0, NULL, NULL),
(3762, 3, 24, 194, '', '', '', 'JHAUDI', 'ঝাউদি', '35', 7900, 0, 0, 0, NULL, NULL),
(3763, 3, 24, 194, '', '', '', 'KALIKAPUR', 'কালিকাপুর', '41', 8600, 0, 0, 0, NULL, NULL),
(3764, 3, 24, 194, '', '', '', 'KENDUA', 'কেন্দুয়া', '47', 7900, 0, 0, 0, NULL, NULL),
(3765, 3, 24, 194, '', '', '', 'KHOAJPUR', 'খোয়াজপুর', '53', 7920, 0, 0, 0, NULL, NULL),
(3766, 3, 24, 194, '', '', '', 'KUNIA', 'কুনিয়া', '59', 7920, 0, 0, 0, NULL, NULL),
(3767, 3, 24, 194, '', '', '', 'MUSTAFAPUR', 'মস্তফাপুর', '71', NULL, 0, 0, 0, NULL, NULL),
(3768, 3, 24, 194, '', '', '', 'PANCHKHOLA', 'পাচখোলা', '77', 7900, 0, 0, 0, NULL, NULL),
(3769, 3, 24, 194, '', '', '', 'PEARPUR', 'পেয়ারপুর', '83', 7050, 0, 0, 0, NULL, NULL),
(3770, 3, 24, 194, '', '', '', 'RASTI', 'রাস্তি', '89', 7900, 0, 0, 0, NULL, NULL),
(3771, 3, 24, 194, '', '', '', 'SIRKHARA', 'শিরখাড়া', '94', 7900, 0, 0, 0, NULL, NULL),
(3772, 3, 24, 195, '', '', '', 'AMGRAM', 'আমগ্রাম', '13', 7910, 0, 0, 0, NULL, NULL),
(3773, 3, 24, 195, '', '', '', 'BADAR PASHA', 'বদরপাশা', '19', NULL, 0, 0, 0, NULL, NULL),
(3774, 3, 24, 195, '', '', '', 'BAJITPUR', 'বাজিতপুর', '28', 7910, 0, 0, 0, NULL, NULL),
(3775, 3, 24, 195, '', '', '', 'HARIDASDI MAHENDRADI', 'হরিদাসদী-মহেন্দ্রদী', '31', NULL, 0, 0, 0, NULL, NULL),
(3776, 3, 24, 195, '', '', '', 'HOSSAINPUR', 'হোসেনপুর', '38', 7910, 0, 0, 0, NULL, NULL),
(3777, 3, 24, 195, '', '', '', 'ISIBPUR', 'ইশিবপুর', '47', NULL, 0, 0, 0, NULL, NULL),
(3778, 3, 24, 195, '', '', '', 'KABIRAJPUR', 'কবিরাজপুর', '57', 7910, 0, 0, 0, NULL, NULL),
(3779, 3, 24, 195, '', '', '', 'KADAMBARI', 'কদমবাড়ী', '66', 7910, 0, 0, 0, NULL, NULL),
(3780, 3, 24, 195, '', '', '', 'KHALIA', 'খালিয়া', '76', 7910, 0, 0, 0, NULL, NULL),
(3781, 3, 24, 195, '', '', '', 'PAIK PARA', 'পাইকপাড়া', '85', NULL, 0, 0, 0, NULL, NULL),
(3782, 3, 24, 195, '', '', '', 'RAJOIR', 'রাজৈর', '95', 7910, 0, 0, 0, NULL, NULL),
(3783, 3, 24, 196, '', '', '', 'BANDARKHOLA', 'বন্দরখোলা', '11', 7930, 0, 0, 0, NULL, NULL),
(3784, 3, 24, 196, '', '', '', 'BANSHKANDI', 'বাঁশকান্দি', '13', 7930, 0, 0, 0, NULL, NULL),
(3785, 3, 24, 196, '', '', '', 'BAHERATALA DAKSHIN', 'বহেরাতলাদক্ষিণ', '15', NULL, 0, 0, 0, NULL, NULL),
(3786, 3, 24, 196, '', '', '', 'BAHERATALA UTTAR', 'বহেরাতলাউত্তর', '18', NULL, 0, 0, 0, NULL, NULL),
(3787, 3, 24, 196, '', '', '', 'BHADRASAN', 'ভদ্রাসন', '21', 7930, 0, 0, 0, NULL, NULL),
(3788, 3, 24, 196, '', '', '', 'BHANDARIKANDI', 'ভান্ডারীকান্দি', '26', 7930, 0, 0, 0, NULL, NULL),
(3789, 3, 24, 196, '', '', '', 'CHAR JANAJAT', 'চরজানাজাত', '31', NULL, 0, 0, 0, NULL, NULL),
(3790, 3, 24, 196, '', '', '', 'DATTA PARA', 'দত্তপাড়া', '36', 3700, 0, 0, 0, NULL, NULL),
(3791, 3, 24, 196, '', '', '', 'DITIYAKHANDA', 'দ্বিতীয়খন্ড', '42', NULL, 0, 0, 0, NULL, NULL),
(3792, 3, 24, 196, '', '', '', 'KADIRPUR', 'কাদিরপুর', '47', 3230, 0, 0, 0, NULL, NULL),
(3793, 3, 24, 196, '', '', '', 'KANTHALBARI', 'কাঁঠালবাড়ী', '52', 7930, 0, 0, 0, NULL, NULL),
(3794, 3, 24, 196, '', '', '', 'KUTUBPUR', 'কুতুবপুর', '58', 7100, 0, 0, 0, NULL, NULL),
(3795, 3, 24, 196, '', '', '', 'MATBARER CHAR', 'মাদবরেরচর', '63', NULL, 0, 0, 0, NULL, NULL),
(3796, 3, 24, 196, '', '', '', 'NILAKHI', 'নিলখি', '68', 3546, 0, 0, 0, NULL, NULL),
(3797, 3, 24, 196, '', '', '', 'PANCH CHAR', 'পাঁচচর', '73', NULL, 0, 0, 0, NULL, NULL),
(3798, 3, 24, 196, '', '', '', 'SANNYASIR CHAR', 'সন্যাসিরচর', '79', 7930, 0, 0, 0, NULL, NULL),
(3799, 3, 24, 196, '', '', '', 'SHIBCHAR', 'শিবচর', '84', 7930, 0, 0, 0, NULL, NULL),
(3800, 3, 24, 196, '', '', '', 'SIRUAIL', 'শিরুয়াইল', '89', 7930, 0, 0, 0, NULL, NULL),
(3801, 3, 24, 196, '', '', '', 'UMEDPUR', 'উমেদপুর', '94', 7320, 0, 0, 0, NULL, NULL),
(3802, 3, 25, 197, '', '', '', 'BACHAMARA', 'বাচামারা', '17', 1860, 0, 0, 0, NULL, NULL),
(3803, 3, 25, 197, '', '', '', 'BAGHUTIA', 'বাঘুটিয়া', '19', 7460, 0, 0, 0, NULL, NULL),
(3804, 3, 25, 197, '', '', '', 'CHAK MIRPUR', 'চকমিরপুর', '28', NULL, 0, 0, 0, NULL, NULL),
(3805, 3, 25, 197, '', '', '', 'CHARKATARI', 'চরকাটারী', '38', NULL, 0, 0, 0, NULL, NULL),
(3806, 3, 25, 197, '', '', '', 'DHAMSAR', 'ধামশ্বর', '57', NULL, 0, 0, 0, NULL, NULL),
(3807, 3, 25, 197, '', '', '', 'JIYANPUR', 'জিয়নপুর', '66', 1860, 0, 0, 0, NULL, NULL),
(3808, 3, 25, 197, '', '', '', 'KALIA', 'কলিয়া', '76', 1950, 0, 0, 0, NULL, NULL),
(3809, 3, 25, 197, '', '', '', 'KHALSI', 'খলশী', '85', NULL, 0, 0, 0, NULL, NULL),
(3810, 3, 25, 198, '', '', '', 'BALIAKHORA', 'বালিয়াখোড়া', '11', 1840, 0, 0, 0, NULL, NULL),
(3811, 3, 25, 198, '', '', '', 'BANIAJURI', 'বানিয়াজুড়ী', '23', 1840, 0, 0, 0, NULL, NULL),
(3812, 3, 25, 198, '', '', '', 'BARATIA', 'বড়টিয়া', '35', 1840, 0, 0, 0, NULL, NULL),
(3813, 3, 25, 198, '', '', '', 'GHIOR', 'ঘিওর', '47', 1840, 0, 0, 0, NULL, NULL),
(3814, 3, 25, 198, '', '', '', 'NALI', 'নালী', '59', 1840, 0, 0, 0, NULL, NULL),
(3815, 3, 25, 198, '', '', '', 'PAILA', 'পয়লা', '71', NULL, 0, 0, 0, NULL, NULL),
(3816, 3, 25, 198, '', '', '', 'SINGJURI', 'সিংজুড়ী', '83', 1840, 0, 0, 0, NULL, NULL),
(3817, 3, 25, 199, '', '', '', 'AZIMNAGAR', 'আজিমনগর ', '11', 7830, 0, 0, 0, NULL, NULL),
(3818, 3, 25, 199, '', '', '', 'BALLA', 'বাল্লা ', '14', 1830, 0, 0, 0, NULL, NULL),
(3819, 3, 25, 199, '', '', '', 'BALARA', 'বলড়া ', '21', NULL, 0, 0, 0, NULL, NULL),
(3820, 3, 25, 199, '', '', '', 'BOYRA', 'বয়ড়া ', '29', 1830, 0, 0, 0, NULL, NULL),
(3821, 3, 25, 199, '', '', '', 'CHALA', 'চালা ', '36', 1830, 0, 0, 0, NULL, NULL),
(3822, 3, 25, 199, '', '', '', 'DHULSUNRA', 'ধূলশুড়া ', '43', NULL, 0, 0, 0, NULL, NULL),
(3823, 3, 25, 199, '', '', '', 'GALA', 'গালা ', '51', 1830, 0, 0, 0, NULL, NULL),
(3824, 3, 25, 199, '', '', '', 'GOPINATHPUR', 'গোপীনাথপুর ', '58', 3460, 0, 0, 0, NULL, NULL),
(3825, 3, 25, 199, '', '', '', 'HARUKANDI', 'হারুকান্দী ', '65', 1830, 0, 0, 0, NULL, NULL),
(3826, 3, 25, 199, '', '', '', 'KANCHANPUR', 'কাঞ্চনপুর ', '73', 1830, 0, 0, 0, NULL, NULL),
(3827, 3, 25, 199, '', '', '', 'LESRAGANJ', 'লেছড়াগঞ্জ ', '80', NULL, 0, 0, 0, NULL, NULL),
(3828, 3, 25, 199, '', '', '', 'RAMKRISHNAPUR', 'রামকৃষ্ণপুর ', '87', 7050, 0, 0, 0, NULL, NULL),
(3829, 3, 25, 199, '', '', '', 'SUTALARI', 'সুতালড়ী ', '94', 1830, 0, 0, 0, NULL, NULL),
(3830, 3, 25, 200, '', '', '', 'BETILA MITARA', 'বেতিলা মিতরা', '11', NULL, 0, 0, 0, NULL, NULL),
(3831, 3, 25, 200, '', '', '', 'ATIGRAM', 'আটিগ্রাম', '13', 1800, 0, 0, 0, NULL, NULL),
(3832, 3, 25, 200, '', '', '', 'BHARARIA', 'ভাড়ারিয়া', '15', 1800, 0, 0, 0, NULL, NULL),
(3833, 3, 25, 200, '', '', '', 'DIGHI', 'দিঘী', '23', 1800, 0, 0, 0, NULL, NULL),
(3834, 3, 25, 200, '', '', '', 'GARPARA', 'গড়পাড়া', '31', 1800, 0, 0, 0, NULL, NULL),
(3835, 3, 25, 200, '', '', '', 'HATI PARA', 'হাটিপাড়া', '39', NULL, 0, 0, 0, NULL, NULL),
(3836, 3, 25, 200, '', '', '', 'JAIGIR', 'জাগীর', '55', NULL, 0, 0, 0, NULL, NULL),
(3837, 3, 25, 200, '', '', '', 'KRISHNAPUR', 'কৃষ্ণপুর', '71', 2460, 0, 0, 0, NULL, NULL),
(3838, 3, 25, 200, '', '', '', 'NABAGRAM', 'নবগ্রাম', '87', 8400, 0, 0, 0, NULL, NULL),
(3839, 3, 25, 200, '', '', '', 'PUTAIL', 'পুটাইল', '94', 1800, 0, 0, 0, NULL, NULL),
(3840, 3, 25, 201, '', '', '', 'BALIATI', 'বালিয়াটী ', '19', 1810, 0, 0, 0, NULL, NULL),
(3841, 3, 25, 201, '', '', '', 'BARAID', 'বরাইদ ', '28', 1810, 0, 0, 0, NULL, NULL),
(3842, 3, 25, 201, '', '', '', 'DARAGRAM', 'দড়গ্রাম ', '38', 1810, 0, 0, 0, NULL, NULL),
(3843, 3, 25, 201, '', '', '', 'DIGHALIA', 'দিঘুলিয়া ', '47', 7511, 0, 0, 0, NULL, NULL),
(3844, 3, 25, 201, '', '', '', 'DHANKORA', 'ধানকোড়া ', '57', 1810, 0, 0, 0, NULL, NULL),
(3845, 3, 25, 201, '', '', '', 'FUKURHATI', 'ফুকুরহাটি ', '66', 1810, 0, 0, 0, NULL, NULL),
(3846, 3, 25, 201, '', '', '', 'HARGAZ', 'হরগজ ', '76', 1810, 0, 0, 0, NULL, NULL),
(3847, 3, 25, 201, '', '', '', 'SATURIA', 'সাটুরিয়া ', '85', 8410, 0, 0, 0, NULL, NULL),
(3848, 3, 25, 201, '', '', '', 'TILLI', 'তিল্লী ', '95', 1810, 0, 0, 0, NULL, NULL),
(3849, 3, 25, 202, '', '', '', 'ARUA', 'আরুয়া ', '11', 1850, 0, 0, 0, NULL, NULL),
(3850, 3, 25, 202, '', '', '', 'MOHADEBPUR', 'মহাদেবপুর ', '23', 1850, 0, 0, 0, NULL, NULL),
(3851, 3, 25, 202, '', '', '', 'SHIMULIA', 'শিমুলিয়া ', '35', 7021, 0, 0, 0, NULL, NULL),
(3852, 3, 25, 202, '', '', '', 'SHIBALAYA', 'শিবালয় ', '47', NULL, 0, 0, 0, NULL, NULL),
(3853, 3, 25, 202, '', '', '', 'TEOTA', 'তেওতা ', '59', 1850, 0, 0, 0, NULL, NULL),
(3854, 3, 25, 202, '', '', '', 'ULAIL', 'উলাইল ', '71', 1850, 0, 0, 0, NULL, NULL),
(3855, 3, 25, 202, '', '', '', 'UTHALI', 'উথলী ', '83', 7230, 0, 0, 0, NULL, NULL),
(3856, 3, 25, 203, '', '', '', 'BALDHARA', 'বলধারা', '17', 1820, 0, 0, 0, NULL, NULL),
(3857, 3, 25, 203, '', '', '', 'BOYRA', 'বায়রা', '19', 1830, 0, 0, 0, NULL, NULL),
(3858, 3, 25, 203, '', '', '', 'CHANDHAR', 'চান্দহর', '25', 1820, 0, 0, 0, NULL, NULL),
(3859, 3, 25, 203, '', '', '', 'CHARIGRAM', 'চারিগ্রাম', '34', 1820, 0, 0, 0, NULL, NULL),
(3860, 3, 25, 203, '', '', '', 'DHALLA', 'ধল্লা', '43', 1820, 0, 0, 0, NULL, NULL),
(3861, 3, 25, 203, '', '', '', 'JOY MANTAP', ' জয়মন্টপ', '51', NULL, 0, 0, 0, NULL, NULL),
(3862, 3, 25, 203, '', '', '', 'JAMIRTA', 'জামির্তা', '60', NULL, 0, 0, 0, NULL, NULL),
(3863, 3, 25, 203, '', '', '', 'JAMSHA', 'জামশা', '69', 1820, 0, 0, 0, NULL, NULL),
(3864, 3, 25, 203, '', '', '', 'SAISTA', 'সায়েস্তা', '77', NULL, 0, 0, 0, NULL, NULL),
(3865, 3, 25, 203, '', '', '', 'SINGAIR', 'সিংগাইর', '86', 1820, 0, 0, 0, NULL, NULL),
(3866, 3, 25, 203, '', '', '', 'TALIBPUR', 'তালেবপুর', '94', NULL, 0, 0, 0, NULL, NULL),
(3867, 3, 26, 204, '', '', '', 'BALUAKANDI', 'বালুয়াকান্দি ', '10', 1510, 0, 0, 0, NULL, NULL),
(3868, 3, 26, 204, '', '', '', 'BAUSIA', ' বাউশিয়া ', '21', 1510, 0, 0, 0, NULL, NULL),
(3869, 3, 26, 204, '', '', '', 'BHABER CHAR', ' ভরেরচর ', '31', NULL, 0, 0, 0, NULL, NULL),
(3870, 3, 26, 204, '', '', '', 'GAZARIA', 'গজারিয়া', '42', 2350, 0, 0, 0, NULL, NULL),
(3871, 3, 26, 204, '', '', '', 'GUAGACHHIA', 'গুয়াগাছিয়া ', '52', 1510, 0, 0, 0, NULL, NULL),
(3872, 3, 26, 204, '', '', '', 'HOSSAINDI', 'হোসেন্দী ', '63', 1510, 0, 0, 0, NULL, NULL),
(3873, 3, 26, 204, '', '', '', 'IMAMPUR', ' ইমামপুর ', '73', 1510, 0, 0, 0, NULL, NULL),
(3874, 3, 26, 204, '', '', '', 'TENGER CHAR', ' টেংগার চর ', '84', NULL, 0, 0, 0, NULL, NULL),
(3875, 3, 26, 205, '', '', '', 'BEJGAON', ' বেজগাঁও', '13', 1530, 0, 0, 0, NULL, NULL),
(3876, 3, 26, 205, '', '', '', 'BAULTALI', ' বৌলতলী', '15', NULL, 0, 0, 0, NULL, NULL),
(3877, 3, 26, 205, '', '', '', 'GAODIA', ' গাওদিয়া', '31', 1530, 0, 0, 0, NULL, NULL),
(3878, 3, 26, 205, '', '', '', 'HALDIA', ' হলদিয়া', '39', 8710, 0, 0, 0, NULL, NULL),
(3879, 3, 26, 205, '', '', '', 'KALMA', ' কলমা', '47', 8330, 0, 0, 0, NULL, NULL),
(3880, 3, 26, 205, '', '', '', 'KANAKSAR', ' কনকসার', '55', 1530, 0, 0, 0, NULL, NULL),
(3881, 3, 26, 205, '', '', '', 'KHIDIR PARA', ' খিদিরপাড়া', '63', NULL, 0, 0, 0, NULL, NULL),
(3882, 3, 26, 205, '', '', '', 'KUMARBHOG', ' কুমারভোগ', '71', NULL, 0, 0, 0, NULL, NULL),
(3883, 3, 26, 205, '', '', '', 'MEDINI MANDAL', 'মেদিনীমণ্ডল', '87', NULL, 0, 0, 0, NULL, NULL),
(3884, 3, 26, 205, '', '', '', 'LOHAJANG TEOTIA', ' লৌহজং-তেউটিয়া', '94', NULL, 0, 0, 0, NULL, NULL),
(3885, 3, 26, 206, '', '', '', 'ADHARA', 'আধারা ', '20', 1500, 0, 0, 0, NULL, NULL),
(3886, 3, 26, 206, '', '', '', 'BAJRA JOGINI', ' বজ্রযোগিনী ', '22', NULL, 0, 0, 0, NULL, NULL),
(3887, 3, 26, 206, '', '', '', 'BANGLA BAZAR', ' বাংলাবাজার ', '23', 3070, 0, 0, 0, NULL, NULL),
(3888, 3, 26, 206, '', '', '', 'CHAR KEWAR', ' চরকেওয়ার ', '28', NULL, 0, 0, 0, NULL, NULL),
(3889, 3, 26, 206, '', '', '', 'SILAI', 'শিলই ', '38', NULL, 0, 0, 0, NULL, NULL),
(3890, 3, 26, 206, '', '', '', 'MAHAKALI', ' মহাকালী ', '47', 1500, 0, 0, 0, NULL, NULL),
(3891, 3, 26, 206, '', '', '', 'MOLLAHKANDI', 'মোল্লাকান্দি ', '57', 1500, 0, 0, 0, NULL, NULL),
(3892, 3, 26, 206, '', '', '', 'PANCHASAR', 'পঞ্চসার ', '76', 1500, 0, 0, 0, NULL, NULL),
(3893, 3, 26, 206, '', '', '', 'RAMPAL', 'রামপাল ', '85', 9340, 0, 0, 0, NULL, NULL),
(3894, 3, 26, 207, '', '', '', 'BALUR CHAR', 'বালুচর', '11', NULL, 0, 0, 0, NULL, NULL),
(3895, 3, 26, 207, '', '', '', 'BASAIL', 'বাসাইল', '13', 1920, 0, 0, 0, NULL, NULL),
(3896, 3, 26, 207, '', '', '', 'BAYARAGADI', 'বয়রাগাদি', '20', NULL, 0, 0, 0, NULL, NULL),
(3897, 3, 26, 207, '', '', '', 'CHITRAKOT', 'চিত্রকোট', '27', 1540, 0, 0, 0, NULL, NULL),
(3898, 3, 26, 207, '', '', '', 'ICHHAPUR', 'ইছাপুরা', '33', 1540, 0, 0, 0, NULL, NULL),
(3899, 3, 26, 207, '', '', '', 'JAINSAR', 'জৈনসার', '40', 1540, 0, 0, 0, NULL, NULL),
(3900, 3, 26, 207, '', '', '', 'KAYAIN', 'কেয়াইন', '47', NULL, 0, 0, 0, NULL, NULL),
(3901, 3, 26, 207, '', '', '', 'KOLA', 'কোলা', '54', 7350, 0, 0, 0, NULL, NULL),
(3902, 3, 26, 207, '', '', '', 'LATABDI', 'লতব্দী', '61', 1540, 0, 0, 0, NULL, NULL),
(3903, 3, 26, 207, '', '', '', 'MADHYAPARA', 'মধ্যপাড়া', '67', 1540, 0, 0, 0, NULL, NULL),
(3904, 3, 26, 207, '', '', '', 'MALKHANAGAR', 'মালখানগর', '74', 1540, 0, 0, 0, NULL, NULL),
(3905, 3, 26, 207, '', '', '', 'RAJANAGAR', 'রাজানগর', '81', 3040, 0, 0, 0, NULL, NULL),
(3906, 3, 26, 207, '', '', '', 'RASUNIA', 'রশুনিয়া', '88', 1540, 0, 0, 0, NULL, NULL),
(3907, 3, 26, 207, '', '', '', 'SEKHARNAGAR', 'শেখরনগর', '94', 1540, 0, 0, 0, NULL, NULL),
(3908, 3, 26, 208, '', '', '', 'ATPARA', 'আটপাড়া', '11', 1550, 0, 0, 0, NULL, NULL),
(3909, 3, 26, 208, '', '', '', 'BAGHRA', 'বাঘড়া', '13', 1550, 0, 0, 0, NULL, NULL),
(3910, 3, 26, 208, '', '', '', 'BARAIKHALI', 'বাড়ৈখালী  ', '20', 1550, 0, 0, 0, NULL, NULL),
(3911, 3, 26, 208, '', '', '', 'BHAGYAKUL', 'ভাগ্যকুল', '27', 1550, 0, 0, 0, NULL, NULL),
(3912, 3, 26, 208, '', '', '', 'BIRTARA', 'বীরতারা', '33', 1550, 0, 0, 0, NULL, NULL),
(3913, 3, 26, 208, '', '', '', 'HASARA', 'হাসাড়া', '40', 1550, 0, 0, 0, NULL, NULL),
(3914, 3, 26, 208, '', '', '', 'KOLA PARA', 'কোলাপাড়া', '47', NULL, 0, 0, 0, NULL, NULL),
(3915, 3, 26, 208, '', '', '', 'KUKUTIA', 'কুকুটিয়া', '54', 1550, 0, 0, 0, NULL, NULL),
(3916, 3, 26, 208, '', '', '', 'PATABHOG', 'পাটাভোগ', '61', 1550, 0, 0, 0, NULL, NULL),
(3917, 3, 26, 208, '', '', '', 'RARIKHAL', 'রাঢ়ীখাল', '67', 1550, 0, 0, 0, NULL, NULL),
(3918, 3, 26, 208, '', '', '', 'SREENAGAR', 'শ্রীনগর', '74', 2350, 0, 0, 0, NULL, NULL),
(3919, 3, 26, 208, '', '', '', 'SHOLAGHAR', 'ষোলঘর', '81', 1550, 0, 0, 0, NULL, NULL),
(3920, 3, 26, 208, '', '', '', 'SHYAMSIDDHI', 'শ্যামসিদ্ধি', '88', 1550, 0, 0, 0, NULL, NULL),
(3921, 3, 26, 208, '', '', '', 'TANTAR', 'তন্তর', '94', 1550, 0, 0, 0, NULL, NULL),
(3922, 3, 26, 209, '', '', '', 'ABDULLAHPUR', 'আব্দুল্লাপুর ', '11', 8340, 0, 0, 0, NULL, NULL),
(3923, 3, 26, 209, '', '', '', 'ARIAL', 'আড়িয়ল  ', '15', NULL, 0, 0, 0, NULL, NULL),
(3924, 3, 26, 209, '', '', '', 'AUTSHAHI', 'আউটশাহী ', '23', 1520, 0, 0, 0, NULL, NULL),
(3925, 3, 26, 209, '', '', '', 'BALIGAON', 'বালিগাঁও', '26', 1520, 0, 0, 0, NULL, NULL),
(3926, 3, 26, 209, '', '', '', 'BETKA', 'বেতকা ', '31', 1520, 0, 0, 0, NULL, NULL),
(3927, 3, 26, 209, '', '', '', 'DHIPUR', 'ধীপুর', '39', 1520, 0, 0, 0, NULL, NULL),
(3928, 3, 26, 209, '', '', '', 'DIGHIR PARA', 'দিঘীরপাড় ', '47', NULL, 0, 0, 0, NULL, NULL),
(3929, 3, 26, 209, '', '', '', 'HASAIL BANARI', 'হাসাইল বানারী ', '55', NULL, 0, 0, 0, NULL, NULL),
(3930, 3, 26, 209, '', '', '', 'JASHALONG', 'যশলং ', '63', 1520, 0, 0, 0, NULL, NULL),
(3931, 3, 26, 209, '', '', '', 'KAMARKHARA', 'কামারখাড়া ', '71', 1520, 0, 0, 0, NULL, NULL),
(3932, 3, 26, 209, '', '', '', 'KATHADIA SHIMULIA', 'কাঠাদিয়া শিমুলিয়া ', '79', NULL, 0, 0, 0, NULL, NULL),
(3933, 3, 26, 209, '', '', '', 'PANCHGAON', 'পাঁচগাও ', '87', 3240, 0, 0, 0, NULL, NULL),
(3934, 3, 26, 209, '', '', '', 'SONARANG TONGIBARI', 'সোনারং টংগীবাড়ী ', '94', NULL, 0, 0, 0, NULL, NULL),
(3935, 3, 27, 210, '', '', '', 'BHALUKA', 'ভালুকা ', '14', 2240, 0, 0, 0, NULL, NULL),
(3936, 3, 27, 210, '', '', '', 'BHARADOBA', 'ভরাডোবা', '17', 2240, 0, 0, 0, NULL, NULL),
(3937, 3, 27, 210, '', '', '', 'BIRUNIA', 'বিরুনীয়া', '25', 2240, 0, 0, 0, NULL, NULL),
(3938, 3, 27, 210, '', '', '', 'DAKATIA', 'ডাকাতিয়া', '34', 2240, 0, 0, 0, NULL, NULL),
(3939, 3, 27, 210, '', '', '', 'DHITPUR', 'ধীতপুর', '43', 2240, 0, 0, 0, NULL, NULL),
(3940, 3, 27, 210, '', '', '', 'HABIRBARI', 'হবিরবাড়ী', '51', 2240, 0, 0, 0, NULL, NULL),
(3941, 3, 27, 210, '', '', '', 'KACHINA', 'কাচিনা', '60', 2240, 0, 0, 0, NULL, NULL),
(3942, 3, 27, 210, '', '', '', 'MALLIKBARI', 'মল্লিকবাড়ী', '69', 2240, 0, 0, 0, NULL, NULL),
(3943, 3, 27, 210, '', '', '', 'MEDUARY', 'মেদুয়ারী', '77', 2240, 0, 0, 0, NULL, NULL),
(3944, 3, 27, 210, '', '', '', 'RAJAI', 'রাজৈ', '86', 2240, 0, 0, 0, NULL, NULL),
(3945, 3, 27, 210, '', '', '', 'UTHURA', 'উথুরা', '94', 2240, 0, 0, 0, NULL, NULL),
(3946, 3, 27, 211, '', '', '', 'BAGHBER', 'বাঘবেড়', '10', 2110, 0, 0, 0, NULL, NULL),
(3947, 3, 27, 211, '', '', '', 'DAKSHIN MAIJ PARA', 'দক্ষিণ মাইজপাড়া', '31', NULL, 0, 0, 0, NULL, NULL),
(3948, 3, 27, 211, '', '', '', 'DOBAURA', 'ধোবাউড়া', '36', 2200, 0, 0, 0, NULL, NULL),
(3949, 3, 27, 211, '', '', '', 'GAMARITALA', 'গামারীতলা', '42', 2200, 0, 0, 0, NULL, NULL),
(3950, 3, 27, 211, '', '', '', 'GUATALA', 'গোয়াতলা', '47', 2200, 0, 0, 0, NULL, NULL),
(3951, 3, 27, 211, '', '', '', 'GHOSHGAON', 'ঘোষগাঁও', '52', 2200, 0, 0, 0, NULL, NULL),
(3952, 3, 27, 211, '', '', '', 'PORA KANDULIA', 'পোড়াকান্দুলিয়া', '73', 2200, 0, 0, 0, NULL, NULL),
(3953, 3, 27, 212, '', '', '', 'ACHIM PATULI', 'আছিম পাটুলী', '11', NULL, 0, 0, 0, NULL, NULL),
(3954, 3, 27, 212, '', '', '', 'BAKTA', 'বাক্তা', '17', 2216, 0, 0, 0, NULL, NULL),
(3955, 3, 27, 212, '', '', '', 'BALIAN', 'বালিয়ান', '23', 2216, 0, 0, 0, NULL, NULL),
(3956, 3, 27, 212, '', '', '', 'BHABANIPUR', 'ভবানীপুর', '29', 8310, 0, 0, 0, NULL, NULL),
(3957, 3, 27, 212, '', '', '', 'DEOKHOLA', 'দেওখোলা', '35', NULL, 0, 0, 0, NULL, NULL),
(3958, 3, 27, 212, '', '', '', 'ENAYETPUR', 'এনায়েতপুর', '41', 6530, 0, 0, 0, NULL, NULL),
(3959, 3, 27, 212, '', '', '', 'FULBARIA', 'ফুলবাড়ীয়া', '47', 7030, 0, 0, 0, NULL, NULL),
(3960, 3, 27, 212, '', '', '', 'KALADAHA', 'কালাদহ', '53', 2216, 0, 0, 0, NULL, NULL),
(3961, 3, 27, 212, '', '', '', 'KUSHMAIL', 'কুশমাইল', '59', 2216, 0, 0, 0, NULL, NULL),
(3962, 3, 27, 212, '', '', '', 'NAOGAON', 'নাওগাও', '77', 6780, 0, 0, 0, NULL, NULL),
(3963, 3, 27, 212, '', '', '', 'PUTIJANA', 'পুটিজানা', '83', 2216, 0, 0, 0, NULL, NULL),
(3964, 3, 27, 212, '', '', '', 'RADHAKANAI', 'রাধাকানাই', '89', 2216, 0, 0, 0, NULL, NULL),
(3965, 3, 27, 212, '', '', '', 'RANGAMATIA', 'রাংগামাটিয়া', '94', 4350, 0, 0, 0, NULL, NULL),
(3966, 3, 27, 213, '', '', '', 'BARABARIA', 'বারবাড়িয়া', '11', 9360, 0, 0, 0, NULL, NULL),
(3967, 3, 27, 213, '', '', '', 'CHAR ALGI', 'চরআলগী', '12', 3732, 0, 0, 0, NULL, NULL),
(3968, 3, 27, 213, '', '', '', 'DATTER BAZAR', 'দত্তেরবাজার', '18', 2230, 0, 0, 0, NULL, NULL),
(3969, 3, 27, 213, '', '', '', 'GAFFARGAON', 'গফরগাঁও', '25', 2230, 0, 0, 0, NULL, NULL),
(3970, 3, 27, 213, '', '', '', 'JESSORA', 'যশরা', '31', 2230, 0, 0, 0, NULL, NULL),
(3971, 3, 27, 213, '', '', '', 'LANGAIR', 'লংগাইর', '37', 2230, 0, 0, 0, NULL, NULL),
(3972, 3, 27, 213, '', '', '', 'MASHAKHALI', 'মশাখালী', '44', 2230, 0, 0, 0, NULL, NULL),
(3973, 3, 27, 213, '', '', '', 'NIGAIR', 'নিগুয়ারী', '50', NULL, 0, 0, 0, NULL, NULL),
(3974, 3, 27, 213, '', '', '', 'PAITHAL', 'পাইথল', '56', 2230, 0, 0, 0, NULL, NULL),
(3975, 3, 27, 213, '', '', '', 'PANCHBHAG', 'পাঁচবাগ', '63', NULL, 0, 0, 0, NULL, NULL);
INSERT INTO `geo_unions` (`id`, `geo_division_id`, `geo_district_id`, `geo_upazila_id`, `division_bbs_code`, `district_bbs_code`, `upazila_bbs_code`, `union_name_eng`, `union_name_bng`, `bbs_code`, `postcode`, `status`, `created_by`, `modified_by`, `created_at`, `updated_at`) VALUES
(3976, 3, 27, 213, '', '', '', 'RASULPUR', 'রসুলপুর', '69', 8340, 0, 0, 0, NULL, NULL),
(3977, 3, 27, 213, '', '', '', 'RAONA', 'রাওনা', '75', 2230, 0, 0, 0, NULL, NULL),
(3978, 3, 27, 213, '', '', '', 'SALTIA', 'সালটিয়া', '82', 2230, 0, 0, 0, NULL, NULL),
(3979, 3, 27, 213, '', '', '', 'TENGABA', 'টাংগাব', '88', NULL, 0, 0, 0, NULL, NULL),
(3980, 3, 27, 213, '', '', '', 'USTHI', 'উস্থি', '94', 2230, 0, 0, 0, NULL, NULL),
(3981, 3, 27, 214, '', '', '', 'ACHINTAPUR', 'অচিন্তপুর', '15', 2270, 0, 0, 0, NULL, NULL),
(3982, 3, 27, 214, '', '', '', 'BHANGNAMARI', 'ভাংনামারী', '18', 2270, 0, 0, 0, NULL, NULL),
(3983, 3, 27, 214, '', '', '', 'BOKAINAGAR', 'বোকাইনগর', '22', 2270, 0, 0, 0, NULL, NULL),
(3984, 3, 27, 214, '', '', '', 'DOWHAKHALA', 'ডৌহাখলা', '27', NULL, 0, 0, 0, NULL, NULL),
(3985, 3, 27, 214, '', '', '', 'GAURIPUR', 'গৌরীপুর', '31', 8550, 0, 0, 0, NULL, NULL),
(3986, 3, 27, 214, '', '', '', 'MAILAKANDA', 'মইলাকান্দা', '49', NULL, 0, 0, 0, NULL, NULL),
(3987, 3, 27, 214, '', '', '', 'MAOHA', 'মাওহা', '58', 2270, 0, 0, 0, NULL, NULL),
(3988, 3, 27, 214, '', '', '', 'RAMGOPALPUR', 'রামগোপালপুর', '72', 2270, 0, 0, 0, NULL, NULL),
(3989, 3, 27, 214, '', '', '', 'SAHANATI', 'সহনাটি', '81', 2270, 0, 0, 0, NULL, NULL),
(3990, 3, 27, 214, '', '', '', 'SIDHLA', 'সিধলা', '85', 2270, 0, 0, 0, NULL, NULL),
(3991, 3, 27, 215, '', '', '', 'AMTAIL', 'আমতৈল', '17', 3200, 0, 0, 0, NULL, NULL),
(3992, 3, 27, 215, '', '', '', 'BHUBANKURA', 'ভূবনকুড়া', '20', 2260, 0, 0, 0, NULL, NULL),
(3993, 3, 27, 215, '', '', '', 'BILDORA', 'বিলডোরা', '21', NULL, 0, 0, 0, NULL, NULL),
(3994, 3, 27, 215, '', '', '', 'DHARA', 'ধারা', '33', 2260, 0, 0, 0, NULL, NULL),
(3995, 3, 27, 215, '', '', '', 'DHURAIL', 'ধুরাইল', '40', 7900, 0, 0, 0, NULL, NULL),
(3996, 3, 27, 215, '', '', '', 'GAZIR BHITA', 'গাজিরভিটা', '47', NULL, 0, 0, 0, NULL, NULL),
(3997, 3, 27, 215, '', '', '', 'HALUAGHAT', 'হালুয়াঘাট', '61', 2260, 0, 0, 0, NULL, NULL),
(3998, 3, 27, 215, '', '', '', 'JUGLI', 'জুগলী', '67', 2260, 0, 0, 0, NULL, NULL),
(3999, 3, 27, 215, '', '', '', 'KAICHAPUR', 'কৈচাপুর', '74', 2260, 0, 0, 0, NULL, NULL),
(4000, 3, 27, 215, '', '', '', 'NARAIL', 'নড়াইল', '81', 2260, 0, 0, 0, NULL, NULL),
(4001, 3, 27, 215, '', '', '', 'SAKUAI', 'শাকুয়াই', '84', 2260, 0, 0, 0, NULL, NULL),
(4002, 3, 27, 215, '', '', '', 'SWADESHI', 'স্বদেশী', '94', 2260, 0, 0, 0, NULL, NULL),
(4003, 3, 27, 216, '', '', '', 'ATHARABARI', 'আঠারবাড়ী', '11', 2280, 0, 0, 0, NULL, NULL),
(4004, 3, 27, 216, '', '', '', 'BARAHIT', 'বড়হিত', '13', 2280, 0, 0, 0, NULL, NULL),
(4005, 3, 27, 216, '', '', '', 'ISHWARGANJ', 'ঈশ্বরগঞ্জ', '40', 2280, 0, 0, 0, NULL, NULL),
(4006, 3, 27, 216, '', '', '', 'JATIA', 'জাটিয়া', '45', 2280, 0, 0, 0, NULL, NULL),
(4007, 3, 27, 216, '', '', '', 'MAIJBAGH', 'মাইজবাগ', '54', NULL, 0, 0, 0, NULL, NULL),
(4008, 3, 27, 216, '', '', '', 'MOGTOLA', 'মগটুলা', '63', NULL, 0, 0, 0, NULL, NULL),
(4009, 3, 27, 216, '', '', '', 'RAJIBPUR', 'রাজিবপুর', '67', 5650, 0, 0, 0, NULL, NULL),
(4010, 3, 27, 216, '', '', '', 'SARISHA', 'সরিষা', '76', 7720, 0, 0, 0, NULL, NULL),
(4011, 3, 27, 216, '', '', '', 'SOHAGI', 'সোহাগী', '85', 2280, 0, 0, 0, NULL, NULL),
(4012, 3, 27, 216, '', '', '', 'TARUNDIA', 'তারুন্দিয়া', '90', 2280, 0, 0, 0, NULL, NULL),
(4013, 3, 27, 216, '', '', '', 'UCHAKHILA', 'উচাখিলা', '94', 2280, 0, 0, 0, NULL, NULL),
(4014, 3, 27, 217, '', '', '', 'AKUA', 'আকুয়া', '23', 2200, 0, 0, 0, NULL, NULL),
(4015, 3, 27, 217, '', '', '', 'ASHTADHAR', 'অষ্টধার', '25', 2200, 0, 0, 0, NULL, NULL),
(4016, 3, 27, 217, '', '', '', 'BAIRA (KEWATKHALI) UNION', 'বয়ড়া', '27', NULL, 0, 0, 0, NULL, NULL),
(4017, 3, 27, 217, '', '', '', 'BHABKHALI UNION', 'ভাবখালী', '29', NULL, 0, 0, 0, NULL, NULL),
(4018, 3, 27, 217, '', '', '', 'BORAR CHAR UNION', 'বোররচর', '31', NULL, 0, 0, 0, NULL, NULL),
(4019, 3, 27, 217, '', '', '', 'CHAR ISHWARDIA UNION', 'চরঈশ্বরদিয়া', '33', NULL, 0, 0, 0, NULL, NULL),
(4020, 3, 27, 217, '', '', '', 'CHAR NILAKSHMIA UNION', 'চরনিলক্ষীয়া', '40', NULL, 0, 0, 0, NULL, NULL),
(4021, 3, 27, 217, '', '', '', 'DAPUNIA UNION', 'দাপুনিয়া', '47', NULL, 0, 0, 0, NULL, NULL),
(4022, 3, 27, 217, '', '', '', 'GHAGRA UNION', 'ঘাগড়া', '54', NULL, 0, 0, 0, NULL, NULL),
(4023, 3, 27, 217, '', '', '', 'KHAGDAHAR UNION', 'খাগডহর', '67', NULL, 0, 0, 0, NULL, NULL),
(4024, 3, 27, 217, '', '', '', 'KUSHTIA UNION', 'কুষ্টিয়া', '74', NULL, 0, 0, 0, NULL, NULL),
(4025, 3, 27, 217, '', '', '', 'PARANGANJ UNION', 'পরানগঞ্জ', '88', NULL, 0, 0, 0, NULL, NULL),
(4026, 3, 27, 217, '', '', '', 'SIRTA UNION', 'সিরতা', '94', NULL, 0, 0, 0, NULL, NULL),
(4027, 3, 27, 218, '', '', '', 'BARAGRAM', 'বড়গ্রাম', '16', 2210, 0, 0, 0, NULL, NULL),
(4028, 3, 27, 218, '', '', '', 'BASATI', 'বাঁশাটী', '17', 2210, 0, 0, 0, NULL, NULL),
(4029, 3, 27, 218, '', '', '', 'DAOGAON', 'দাওগাও', '25', NULL, 0, 0, 0, NULL, NULL),
(4030, 3, 27, 218, '', '', '', 'DULLA', 'দুল্লা', '34', 2210, 0, 0, 0, NULL, NULL),
(4031, 3, 27, 218, '', '', '', 'GHOGA', 'ঘোগা', '43', 2210, 0, 0, 0, NULL, NULL),
(4032, 3, 27, 218, '', '', '', 'KASHIMPUR', 'কাশিমপুর', '51', 7400, 0, 0, 0, NULL, NULL),
(4033, 3, 27, 218, '', '', '', 'KHERUAJANI', 'খেরুয়াজানী', '60', 2210, 0, 0, 0, NULL, NULL),
(4034, 3, 27, 218, '', '', '', 'KUMARGHATA', 'কুমারগাতা', '69', 2210, 0, 0, 0, NULL, NULL),
(4035, 3, 27, 218, '', '', '', 'MANKON UNION', 'মানকোন', '77', NULL, 0, 0, 0, NULL, NULL),
(4036, 3, 27, 218, '', '', '', 'TARATI UNION', 'তারাটি', '94', NULL, 0, 0, 0, NULL, NULL),
(4037, 3, 27, 219, '', '', '', 'ACHARGAON', 'আচারগাঁও', '13', 2290, 0, 0, 0, NULL, NULL),
(4038, 3, 27, 219, '', '', '', 'BETAGAIR', 'বেতাগৈর', '15', 2290, 0, 0, 0, NULL, NULL),
(4039, 3, 27, 219, '', '', '', 'CHANDIPASHA', 'চণ্ডীপাশা', '23', 2326, 0, 0, 0, NULL, NULL),
(4040, 3, 27, 219, '', '', '', 'GANGAIL', 'গাংগাইল', '31', 2290, 0, 0, 0, NULL, NULL),
(4041, 3, 27, 219, '', '', '', 'JAHANGIRPUR', 'জাহাঙ্গীরপুর', '39', 2290, 0, 0, 0, NULL, NULL),
(4042, 3, 27, 219, '', '', '', 'KHARUA', 'খারুয়া', '47', 2290, 0, 0, 0, NULL, NULL),
(4043, 3, 27, 219, '', '', '', 'MOAZZEMPUR', 'মোয়াজ্জেমপুর', '55', 2290, 0, 0, 0, NULL, NULL),
(4044, 3, 27, 219, '', '', '', 'MUSULI', 'মুশুল্লী', '63', NULL, 0, 0, 0, NULL, NULL),
(4045, 3, 27, 219, '', '', '', 'NANDAIL', 'নান্দাইল', '71', 2290, 0, 0, 0, NULL, NULL),
(4046, 3, 27, 219, '', '', '', 'RAJGATI', 'রাজগাঁতী', '79', 2290, 0, 0, 0, NULL, NULL),
(4047, 3, 27, 219, '', '', '', 'SHERPUR', 'শেরপুর', '87', 2290, 0, 0, 0, NULL, NULL),
(4048, 3, 27, 219, '', '', '', 'SINGRAIL', 'সিংরইল', '94', 2290, 0, 0, 0, NULL, NULL),
(4049, 3, 27, 220, '', '', '', 'BALIA', 'বালিয়া', '11', 5100, 0, 0, 0, NULL, NULL),
(4050, 3, 27, 220, '', '', '', 'BHAITKANDI', 'ভাইটকান্দি', '18', 2250, 0, 0, 0, NULL, NULL),
(4051, 3, 27, 220, '', '', '', 'BAOLA', 'বওলা', '27', 2250, 0, 0, 0, NULL, NULL),
(4052, 3, 27, 220, '', '', '', 'PAYARI', 'পয়ারী', '54', 2250, 0, 0, 0, NULL, NULL),
(4053, 3, 27, 220, '', '', '', 'PHULPUR', 'ফুলপুর', '58', NULL, 0, 0, 0, NULL, NULL),
(4054, 3, 27, 220, '', '', '', 'RAHIMGANJ', 'রহিমগঞ্জ', '63', 2250, 0, 0, 0, NULL, NULL),
(4055, 3, 27, 220, '', '', '', 'RAMBHADRAPUR', 'রামভদ্রপুর', '67', 8030, 0, 0, 0, NULL, NULL),
(4056, 3, 27, 220, '', '', '', 'RUPASI', 'রূপসী', '76', 2250, 0, 0, 0, NULL, NULL),
(4057, 3, 27, 220, '', '', '', 'SANDHARA', 'ছনধরা', '81', NULL, 0, 0, 0, NULL, NULL),
(4058, 3, 27, 220, '', '', '', 'SINGHESHWAR', 'সিংহেশ্বর', '90', 2250, 0, 0, 0, NULL, NULL),
(4059, 3, 27, 221, '', '', '', 'BALIKHAN', 'বালিখা', '12', 2250, 0, 0, 0, NULL, NULL),
(4060, 3, 27, 221, '', '', '', 'BANIHALA', 'বানিহালা', '13', 2250, 0, 0, 0, NULL, NULL),
(4061, 3, 27, 221, '', '', '', 'BISHKA', 'বিসকা', '22', 2250, 0, 0, 0, NULL, NULL),
(4062, 3, 27, 221, '', '', '', 'DHAKUA', 'ঢাকুয়া', '31', 2250, 0, 0, 0, NULL, NULL),
(4063, 3, 27, 221, '', '', '', 'GALAGAON', 'গালাগাও', '36', 2250, 0, 0, 0, NULL, NULL),
(4064, 3, 27, 221, '', '', '', 'KAKNI', 'কাকনী', '40', 2250, 0, 0, 0, NULL, NULL),
(4065, 3, 27, 221, '', '', '', 'KAMARGAON', 'কামারগাও', '45', 6230, 0, 0, 0, NULL, NULL),
(4066, 3, 27, 221, '', '', '', 'KAMARIA', 'কামারিয়া', '49', 2250, 0, 0, 0, NULL, NULL),
(4067, 3, 27, 221, '', '', '', 'RAMPUR', 'রামপুর', '72', 5250, 0, 0, 0, NULL, NULL),
(4068, 3, 27, 221, '', '', '', 'TARAKANDA', 'তারাকান্দা', '94', 2250, 0, 0, 0, NULL, NULL),
(4069, 3, 27, 222, '', '', '', 'AMIRABARI', 'আমিরাবাড়ী', '13', NULL, 0, 0, 0, NULL, NULL),
(4070, 3, 27, 222, '', '', '', 'BAILAR', 'বৈলর', '15', 2220, 0, 0, 0, NULL, NULL),
(4071, 3, 27, 222, '', '', '', 'BALI PARA', 'বালিপাড়া', '19', 8500, 0, 0, 0, NULL, NULL),
(4072, 3, 27, 222, '', '', '', 'DHANIKHOLA', 'ধানীখোলা', '28', 2220, 0, 0, 0, NULL, NULL),
(4073, 3, 27, 222, '', '', '', 'HARIRAMPUR', 'হরিরামপুর', '38', 5250, 0, 0, 0, NULL, NULL),
(4074, 3, 27, 222, '', '', '', 'KANIHARI', 'কানিহারী', '47', 2220, 0, 0, 0, NULL, NULL),
(4075, 3, 27, 222, '', '', '', 'KANTHAL', 'কাঁঠাল', '57', 2220, 0, 0, 0, NULL, NULL),
(4076, 3, 27, 222, '', '', '', 'MATHBARI', 'মঠবাড়ী', '61', 8410, 0, 0, 0, NULL, NULL),
(4077, 3, 27, 222, '', '', '', 'MOKSHAPUR', 'মোক্ষপুর', '63', 2220, 0, 0, 0, NULL, NULL),
(4078, 3, 27, 222, '', '', '', 'RAMPUR', 'রামপুর', '66', 5250, 0, 0, 0, NULL, NULL),
(4079, 3, 27, 222, '', '', '', 'SAKHUA', 'সাখুয়া', '76', 2220, 0, 0, 0, NULL, NULL),
(4080, 3, 27, 222, '', '', '', 'TRISHAL', 'ত্রিশাল', '85', 2220, 0, 0, 0, NULL, NULL),
(4081, 3, 28, 223, '', '', '', 'ARAIHAZAR', 'আড়াইহাজার', '23', 1450, 0, 0, 0, NULL, NULL),
(4082, 3, 28, 223, '', '', '', 'BISHNANDI', 'বিশনন্দী', '26', NULL, 0, 0, 0, NULL, NULL),
(4083, 3, 28, 223, '', '', '', 'BRAHMANDI', 'ব্রাহ্মন্দী', '29', 1450, 0, 0, 0, NULL, NULL),
(4084, 3, 28, 223, '', '', '', 'DUPTARA', 'দুপ্তারা', '31', 1450, 0, 0, 0, NULL, NULL),
(4085, 3, 28, 223, '', '', '', 'FATEHPUR', 'ফতেপুর', '39', 3010, 0, 0, 0, NULL, NULL),
(4086, 3, 28, 223, '', '', '', 'HAIZADI', 'হাইজাদী', '47', 1450, 0, 0, 0, NULL, NULL),
(4087, 3, 28, 223, '', '', '', 'KALA PAHARIA', 'কালাপাহাড়িয়া', '55', NULL, 0, 0, 0, NULL, NULL),
(4088, 3, 28, 223, '', '', '', 'KHAGAKANDA', 'খাগকান্দা', '63', 1450, 0, 0, 0, NULL, NULL),
(4089, 3, 28, 223, '', '', '', 'MAHMUDPUR', 'মাহমুদপুর', '71', 5280, 0, 0, 0, NULL, NULL),
(4090, 3, 28, 223, '', '', '', 'SADASARDI', ' সাদাসরদি', '79', NULL, 0, 0, 0, NULL, NULL),
(4091, 3, 28, 223, '', '', '', 'SATGRAM', 'সাতগ্রাম', '87', 1450, 0, 0, 0, NULL, NULL),
(4092, 3, 28, 223, '', '', '', 'UCHITPUR', 'উচিতপুরা', '94', NULL, 0, 0, 0, NULL, NULL),
(4093, 3, 28, 224, '', '', '', 'BAIDYER BAZAR', 'বৈদ্যের বাজার', '24', NULL, 0, 0, 0, NULL, NULL),
(4094, 3, 28, 224, '', '', '', 'BARADI', 'বারদী', '27', 7210, 0, 0, 0, NULL, NULL),
(4095, 3, 28, 224, '', '', '', 'JAMPUR', 'জামপুর', '34', 1440, 0, 0, 0, NULL, NULL),
(4096, 3, 28, 224, '', '', '', 'KACHPUR', 'কাঁচপুর', '43', 1440, 0, 0, 0, NULL, NULL),
(4097, 3, 28, 224, '', '', '', 'MUGRA PARA', 'মোগরাপাড়া', '51', NULL, 0, 0, 0, NULL, NULL),
(4098, 3, 28, 224, '', '', '', 'NOAGAON', 'নোয়াগাঁও', '60', 3430, 0, 0, 0, NULL, NULL),
(4099, 3, 28, 224, '', '', '', 'PIRIJPUR', 'পিরোজপুর', '69', 2336, 0, 0, 0, NULL, NULL),
(4100, 3, 28, 224, '', '', '', 'SADIPUR', 'সাদিপুর', '77', 3120, 0, 0, 0, NULL, NULL),
(4101, 3, 28, 224, '', '', '', 'SHAMBHUPURA', 'শম্ভুপুরা', '86', 1440, 0, 0, 0, NULL, NULL),
(4102, 3, 28, 224, '', '', '', 'SANMANDI', 'সনমান্দি', '94', NULL, 0, 0, 0, NULL, NULL),
(4103, 3, 28, 225, '', '', '', 'ALIR TEK', 'আলীরটেক', '20', NULL, 0, 0, 0, NULL, NULL),
(4104, 3, 28, 225, '', '', '', 'BAKTABALLI', 'বক্তাবলী', '25', NULL, 0, 0, 0, NULL, NULL),
(4105, 3, 28, 225, '', '', '', 'ENAYETNAGAR', 'এনায়েতনগর', '31', 1400, 0, 0, 0, NULL, NULL),
(4106, 3, 28, 225, '', '', '', 'FATULLAH', 'ফতুল্লা', '37', NULL, 0, 0, 0, NULL, NULL),
(4107, 3, 28, 225, '', '', '', 'GOGNAGAR', 'গোগনগর', '47', 1400, 0, 0, 0, NULL, NULL),
(4108, 3, 28, 225, '', '', '', 'KASHIPUR', 'কাশীপুর', '63', 7511, 0, 0, 0, NULL, NULL),
(4109, 3, 28, 225, '', '', '', 'KUTUBPUR', 'কুতুবপুর', '79', 7100, 0, 0, 0, NULL, NULL),
(4110, 3, 28, 226, '', '', '', 'BHOLABA', 'ভোলাব', '22', NULL, 0, 0, 0, NULL, NULL),
(4111, 3, 28, 226, '', '', '', 'BULTA', 'ভুলতা', '25', NULL, 0, 0, 0, NULL, NULL),
(4112, 3, 28, 226, '', '', '', 'DAUDPUR', 'দাউদপুর', '31', 5280, 0, 0, 0, NULL, NULL),
(4113, 3, 28, 226, '', '', '', 'GOLAKANDAIL', 'গোলাকান্দাইল', '39', NULL, 0, 0, 0, NULL, NULL),
(4114, 3, 28, 226, '', '', '', 'KAYET PARA', 'কায়েতপাড়া', '55', NULL, 0, 0, 0, NULL, NULL),
(4115, 3, 28, 226, '', '', '', 'MURA PARA', 'মুড়াপাড়া', '63', NULL, 0, 0, 0, NULL, NULL),
(4116, 3, 28, 226, '', '', '', 'RUPGANJ', 'রূপগঞ্জ', '79', 1460, 0, 0, 0, NULL, NULL),
(4117, 3, 28, 226, '', '', '', 'BANDAR', 'বন্দর', '15', 1410, 0, 0, 0, NULL, NULL),
(4118, 3, 28, 226, '', '', '', 'DHAMGAR', 'ধামগড় ', '31', 1410, 0, 0, 0, NULL, NULL),
(4119, 3, 28, 226, '', '', '', 'KALAGACHHIA UNION', 'কলাগাছিয়া ', '47', NULL, 0, 0, 0, NULL, NULL),
(4120, 3, 28, 226, '', '', '', 'MADANPUR', 'মদনপুর', '63', 2400, 0, 0, 0, NULL, NULL),
(4121, 3, 28, 226, '', '', '', 'MUSAPUR', 'মুছাপুর ', '79', 1410, 0, 0, 0, NULL, NULL),
(4122, 3, 29, 227, '', '', '', 'AMLABA', 'আমলাব', '11', 1640, 0, 0, 0, NULL, NULL),
(4123, 3, 29, 227, '', '', '', 'BAJNABA', 'বাজনাব', '13', NULL, 0, 0, 0, NULL, NULL),
(4124, 3, 29, 227, '', '', '', 'BELABO', 'বেলাবো', '20', 1640, 0, 0, 0, NULL, NULL),
(4125, 3, 29, 227, '', '', '', 'BINYABAID', 'বিন্নাবাইদ', '25', NULL, 0, 0, 0, NULL, NULL),
(4126, 3, 29, 227, '', '', '', 'CHAR UJILABA', 'চর উজিলাব', '31', NULL, 0, 0, 0, NULL, NULL),
(4127, 3, 29, 227, '', '', '', 'NARAYANPUR', 'নারায়নপুর', '59', 7410, 0, 0, 0, NULL, NULL),
(4128, 3, 29, 227, '', '', '', 'PATULI', 'পাটুলী', '71', 1640, 0, 0, 0, NULL, NULL),
(4129, 3, 29, 227, '', '', '', 'SALLABAD', 'সল্লাবাদ', '83', 1640, 0, 0, 0, NULL, NULL),
(4130, 3, 29, 227, '', '', '', 'DEYARA', 'দেয়ারা', '', NULL, 0, 0, 0, NULL, NULL),
(4131, 3, 29, 228, '', '', '', 'BARA CHAPA', 'বড় চাপা', '21', NULL, 0, 0, 0, NULL, NULL),
(4132, 3, 29, 228, '', '', '', 'CHALAK CHAR', 'চালাকচর', '27', NULL, 0, 0, 0, NULL, NULL),
(4133, 3, 29, 228, '', '', '', 'CHANDANBARI', 'চন্দনবাড়ী', '33', 5010, 0, 0, 0, NULL, NULL),
(4134, 3, 29, 228, '', '', '', 'CHAR MANDALIA', 'চরমান্দালিয়া', '40', NULL, 0, 0, 0, NULL, NULL),
(4135, 3, 29, 228, '', '', '', 'DAULATPUR', 'দৌলতপুর', '47', 7050, 0, 0, 0, NULL, NULL),
(4136, 3, 29, 228, '', '', '', 'EKDUARIA', 'একদুয়ারিয়া', '54', NULL, 0, 0, 0, NULL, NULL),
(4137, 3, 29, 228, '', '', '', 'GOTASHIA', 'গোতাশিয়া', '61', 1650, 0, 0, 0, NULL, NULL),
(4138, 3, 29, 228, '', '', '', 'KANCHIKATA', 'কাচিকাটা', '67', 1650, 0, 0, 0, NULL, NULL),
(4139, 3, 29, 228, '', '', '', 'KHIDIRPUR', 'খিদিরপুর', '74', 1650, 0, 0, 0, NULL, NULL),
(4140, 3, 29, 228, '', '', '', 'KRISHNAPUR', 'কৃষ্ণপুর', '77', 2460, 0, 0, 0, NULL, NULL),
(4141, 3, 29, 228, '', '', '', 'LEBUTALA', 'লেবুতলা', '81', 7400, 0, 0, 0, NULL, NULL),
(4142, 3, 29, 228, '', '', '', 'SHUKUNDI', 'শুকুন্দি', '94', 1650, 0, 0, 0, NULL, NULL),
(4143, 3, 29, 229, '', '', '', 'ALOKBALI', 'আলো্কবালী', '20', 1600, 0, 0, 0, NULL, NULL),
(4144, 3, 29, 229, '', '', '', 'AMDIA', 'আমাদিয়া', '21', 1600, 0, 0, 0, NULL, NULL),
(4145, 3, 29, 229, '', '', '', 'CHAR DIGHALDI', 'চরদিঘলদী', '23', NULL, 0, 0, 0, NULL, NULL),
(4146, 3, 29, 229, '', '', '', 'CHINISHPUR', 'চিনিসপুর', '25', 1600, 0, 0, 0, NULL, NULL),
(4147, 3, 29, 229, '', '', '', 'HAJIPUR', 'হাজীপুর', '29', 5110, 0, 0, 0, NULL, NULL),
(4148, 3, 29, 229, '', '', '', 'KARIMPUR', 'করিমপুর', '41', 3040, 0, 0, 0, NULL, NULL),
(4149, 3, 29, 229, '', '', '', 'KANTHALIA', 'কাঠালিয়া', '47', 8430, 0, 0, 0, NULL, NULL),
(4150, 3, 29, 229, '', '', '', 'NURALLA PUR U/C', 'নুরালাপুর', '53', NULL, 0, 0, 0, NULL, NULL),
(4151, 3, 29, 229, '', '', '', 'MAHISHASURA', 'মহিষাশুরা', '59', 1600, 0, 0, 0, NULL, NULL),
(4152, 3, 29, 229, '', '', '', 'MEHER PARA', 'মেহের পাড়া', '65', NULL, 0, 0, 0, NULL, NULL),
(4153, 3, 29, 229, '', '', '', 'NAZARPUR', 'নজরপুর', '77', 1600, 0, 0, 0, NULL, NULL),
(4154, 3, 29, 229, '', '', '', 'PAIKAR CHAR', 'পাইকারচর', '83', NULL, 0, 0, 0, NULL, NULL),
(4155, 3, 29, 229, '', '', '', 'PANCHDONA', 'পাচদোনা', '89', 1600, 0, 0, 0, NULL, NULL),
(4156, 3, 29, 229, '', '', '', 'SILMANDI', 'শিলমান্দি', '95', 1600, 0, 0, 0, NULL, NULL),
(4157, 3, 29, 230, '', '', '', 'CHAR SINDUR', 'চরসিন্দুর', '15', 1610, 0, 0, 0, NULL, NULL),
(4158, 3, 29, 230, '', '', '', 'DANGA', 'ডাংগা', '31', 1610, 0, 0, 0, NULL, NULL),
(4159, 3, 29, 230, '', '', '', 'GAZARIA', 'গজারিয়া', '47', 2350, 0, 0, 0, NULL, NULL),
(4160, 3, 29, 230, '', '', '', 'JINARDI', 'জিনারদি', '79', 1610, 0, 0, 0, NULL, NULL),
(4161, 3, 29, 231, '', '', '', 'AMIRGANJ', 'আমিরগঞ্জ', '10', 1630, 0, 0, 0, NULL, NULL),
(4162, 3, 29, 231, '', '', '', 'ADIABAD', 'আদিয়াবাদ', '12', 1630, 0, 0, 0, NULL, NULL),
(4163, 3, 29, 231, '', '', '', 'ALIPURA', 'অলিপুরা', '14', 8630, 0, 0, 0, NULL, NULL),
(4164, 3, 29, 231, '', '', '', 'BANSHGARI', 'বাঁশগাড়ী', '16', 1630, 0, 0, 0, NULL, NULL),
(4165, 3, 29, 231, '', '', '', 'CHANDERKANDI', 'চান্দের কান্দি', '23', 1630, 0, 0, 0, NULL, NULL),
(4166, 3, 29, 231, '', '', '', 'CHANDPUR', 'চাঁনপুর', '27', 7010, 0, 0, 0, NULL, NULL),
(4167, 3, 29, 231, '', '', '', 'CHAR ARALIA', 'চর-আড়ালিয়া', '30', 1630, 0, 0, 0, NULL, NULL),
(4168, 3, 29, 231, '', '', '', 'CHAR MADHUA', 'চরমধুয়া', '33', NULL, 0, 0, 0, NULL, NULL),
(4169, 3, 29, 231, '', '', '', 'CHAR SUBUDDI', 'চরসুবুদ্দি', '37', NULL, 0, 0, 0, NULL, NULL),
(4170, 3, 29, 231, '', '', '', 'DAUKAR CHAR', 'ডৌকারচর', '40', NULL, 0, 0, 0, NULL, NULL),
(4171, 3, 29, 231, '', '', '', 'HAIRMARA', 'হাইরমারা', '44', 1630, 0, 0, 0, NULL, NULL),
(4172, 3, 29, 231, '', '', '', 'MAHESHPUR', 'মহেশপুর', '47', 1630, 0, 0, 0, NULL, NULL),
(4173, 3, 29, 231, '', '', '', 'MARJAL', 'মরজাল', '50', 1630, 0, 0, 0, NULL, NULL),
(4174, 3, 29, 231, '', '', '', 'MIRZANAGAR', 'মির্জানগর', '54', 1630, 0, 0, 0, NULL, NULL),
(4175, 3, 29, 231, '', '', '', 'MIRZAPUR', 'মির্জাপুর', '57', 7320, 0, 0, 0, NULL, NULL),
(4176, 3, 29, 231, '', '', '', 'MIRZAR CHAR', 'মির্জারচর', '61', NULL, 0, 0, 0, NULL, NULL),
(4177, 3, 29, 231, '', '', '', 'MUSAPUR', 'মুছাপুর', '64', 1410, 0, 0, 0, NULL, NULL),
(4178, 3, 29, 231, '', '', '', 'NILAKHYA', 'নিলক্ষ্যা', '71', 1630, 0, 0, 0, NULL, NULL),
(4179, 3, 29, 231, '', '', '', 'PALASHTALI', 'পলাশতলী', '74', 1630, 0, 0, 0, NULL, NULL),
(4180, 3, 29, 231, '', '', '', 'PARATALI', 'পাড়াতলী', '78', 1630, 0, 0, 0, NULL, NULL),
(4181, 3, 29, 231, '', '', '', 'RADHANAGAR', 'রাধানগর', '81', 5040, 0, 0, 0, NULL, NULL),
(4182, 3, 29, 231, '', '', '', 'ROYPURA', 'রায়পুরা', '84', 1630, 0, 0, 0, NULL, NULL),
(4183, 3, 29, 231, '', '', '', 'SREENAGAR', 'শ্রীনগর', '91', 2350, 0, 0, 0, NULL, NULL),
(4184, 3, 29, 231, '', '', '', 'UTTAR BAKHARNAGAR', 'উত্তরবাখরনগর', '94', NULL, 0, 0, 0, NULL, NULL),
(4185, 3, 29, 232, '', '', '', 'AYUBPUR', 'আয়ুবপুর', '10', 1620, 0, 0, 0, NULL, NULL),
(4186, 3, 29, 232, '', '', '', 'BAGHABA', 'বাঘাব', '21', 1620, 0, 0, 0, NULL, NULL),
(4187, 3, 29, 232, '', '', '', 'CHAK RADHA', 'চক্রধা', '31', NULL, 0, 0, 0, NULL, NULL),
(4188, 3, 29, 232, '', '', '', 'DULALPUR', 'দুলালপুর', '42', 3546, 0, 0, 0, NULL, NULL),
(4189, 3, 29, 232, '', '', '', 'JOSAR', 'যোশর', '52', NULL, 0, 0, 0, NULL, NULL),
(4190, 3, 29, 232, '', '', '', 'JOYNAGAR', 'জয়নগর', '63', 9410, 0, 0, 0, NULL, NULL),
(4191, 3, 29, 232, '', '', '', 'MASIMPUR', 'মাছিমপুর', '73', NULL, 0, 0, 0, NULL, NULL),
(4192, 3, 29, 232, '', '', '', 'PUTIA', 'পুটিয়া', '84', 1620, 0, 0, 0, NULL, NULL),
(4193, 3, 29, 232, '', '', '', 'SADHAR CHAR', 'সাধারচর', '94', NULL, 0, 0, 0, NULL, NULL),
(4194, 3, 30, 233, '', '', '', 'BANIAJAN', 'বানিয়াজান', '11', 2470, 0, 0, 0, NULL, NULL),
(4195, 3, 30, 233, '', '', '', 'DUAZ', 'দুওজ', '23', 2470, 0, 0, 0, NULL, NULL),
(4196, 3, 30, 233, '', '', '', 'LONESHWAR', 'লুনেশ্বর', '35', 2470, 0, 0, 0, NULL, NULL),
(4197, 3, 30, 233, '', '', '', 'SARMAISA', 'স্বরমুশিয়া', '47', NULL, 0, 0, 0, NULL, NULL),
(4198, 3, 30, 233, '', '', '', 'SUKHARI', 'সুখারী', '59', 2470, 0, 0, 0, NULL, NULL),
(4199, 3, 30, 233, '', '', '', 'SONAI', 'শুনই', '71', NULL, 0, 0, 0, NULL, NULL),
(4200, 3, 30, 233, '', '', '', 'TELIGATI', 'তেলিগাতী', '83', 9320, 0, 0, 0, NULL, NULL),
(4201, 3, 30, 234, '', '', '', 'ASMA', 'আসমা', '11', 2440, 0, 0, 0, NULL, NULL),
(4202, 3, 30, 234, '', '', '', 'BARHATTA', 'বারহাট্টা', '23', 2440, 0, 0, 0, NULL, NULL),
(4203, 3, 30, 234, '', '', '', 'BAUSHI', 'বাউসী', '35', NULL, 0, 0, 0, NULL, NULL),
(4204, 3, 30, 234, '', '', '', 'CHHIRAM', 'চিরাম', '47', 2440, 0, 0, 0, NULL, NULL),
(4205, 3, 30, 234, '', '', '', 'ROYPUR', 'রায়পুর', '59', 7110, 0, 0, 0, NULL, NULL),
(4206, 3, 30, 234, '', '', '', 'SAHATA', 'সাহতা', '71', 2440, 0, 0, 0, NULL, NULL),
(4207, 3, 30, 234, '', '', '', 'SINGDHA', 'সিংধা', '83', 2440, 0, 0, 0, NULL, NULL),
(4208, 3, 30, 235, '', '', '', 'BAKALJORA', 'বাকলজোরা', '12', 2420, 0, 0, 0, NULL, NULL),
(4209, 3, 30, 235, '', '', '', 'BIRISIRI', 'বিরিশিরি', '17', 2420, 0, 0, 0, NULL, NULL),
(4210, 3, 30, 235, '', '', '', 'CHANDIGARH', 'চন্ডিগড়', '25', 2420, 0, 0, 0, NULL, NULL),
(4211, 3, 30, 235, '', '', '', 'DURGAPUR', 'দুর্গাপুর', '51', 5460, 0, 0, 0, NULL, NULL),
(4212, 3, 30, 235, '', '', '', 'GAOKANDIA', 'গাঁওকান্দিয়া', '69', NULL, 0, 0, 0, NULL, NULL),
(4213, 3, 30, 235, '', '', '', 'KAKAIRGARA', 'কাকৈরগড়া', '77', 2420, 0, 0, 0, NULL, NULL),
(4214, 3, 30, 235, '', '', '', 'KULLAGORA', 'কুল্লাগড়া', '86', NULL, 0, 0, 0, NULL, NULL),
(4215, 3, 30, 236, '', '', '', 'CHAKUA', 'চাকুয়া', '13', 2460, 0, 0, 0, NULL, NULL),
(4216, 3, 30, 236, '', '', '', 'GAZIPUR', 'গাজীপুর', '27', 3320, 0, 0, 0, NULL, NULL),
(4217, 3, 30, 236, '', '', '', 'KHALIAJURI', 'খালিয়াজুরী', '40', 2460, 0, 0, 0, NULL, NULL),
(4218, 3, 30, 236, '', '', '', 'KRISHNAPUR', 'কৃষ্ণপুর', '54', 2460, 0, 0, 0, NULL, NULL),
(4219, 3, 30, 236, '', '', '', 'MENDIPUR', 'মেন্দিপুর', '67', 2460, 0, 0, 0, NULL, NULL),
(4220, 3, 30, 236, '', '', '', 'NAGAR', 'নগর', '81', 2460, 0, 0, 0, NULL, NULL),
(4221, 3, 30, 237, '', '', '', 'BARA KHARPAN', 'বড়খাপন', '11', NULL, 0, 0, 0, NULL, NULL),
(4222, 3, 30, 237, '', '', '', 'KAILATI', 'কৈলাটী', '23', 2430, 0, 0, 0, NULL, NULL),
(4223, 3, 30, 237, '', '', '', 'KALMAKANDA', 'কলমাকান্দা', '35', 2430, 0, 0, 0, NULL, NULL),
(4224, 3, 30, 237, '', '', '', 'KHARNAI', 'খারনৈ', '47', 2430, 0, 0, 0, NULL, NULL),
(4225, 3, 30, 237, '', '', '', 'LENGURA', 'লেঙ্গুরা', '59', 3150, 0, 0, 0, NULL, NULL),
(4226, 3, 30, 237, '', '', '', 'NAZIRPUR', 'নাজিরপুর', '71', 8540, 0, 0, 0, NULL, NULL),
(4227, 3, 30, 237, '', '', '', 'POGLA', 'পোগলা', '83', 2430, 0, 0, 0, NULL, NULL),
(4228, 3, 30, 237, '', '', '', 'RANGCHHATI', 'রংছাতী', '95', 2430, 0, 0, 0, NULL, NULL),
(4229, 3, 30, 238, '', '', '', 'ASUJIA', 'আশুজিয়া', '11', 2480, 0, 0, 0, NULL, NULL),
(4230, 3, 30, 238, '', '', '', 'BALAISHIMUL', 'বলাইশিমুল', '13', 2480, 0, 0, 0, NULL, NULL),
(4231, 3, 30, 238, '', '', '', 'CHIRANG', 'চিরাং', '20', 2480, 0, 0, 0, NULL, NULL),
(4232, 3, 30, 238, '', '', '', 'DALPA', 'দলপা', '27', 2480, 0, 0, 0, NULL, NULL),
(4233, 3, 30, 238, '', '', '', 'GARADOBA', 'গড়াডোবা', '33', 2480, 0, 0, 0, NULL, NULL),
(4234, 3, 30, 238, '', '', '', 'GANDA', 'গন্ডা', '40', 2480, 0, 0, 0, NULL, NULL),
(4235, 3, 30, 238, '', '', '', 'KANDIURA', 'কান্দিউড়া ', '47', 2480, 0, 0, 0, NULL, NULL),
(4236, 3, 30, 238, '', '', '', 'MASHKA', 'মাসকা', '61', 2480, 0, 0, 0, NULL, NULL),
(4237, 3, 30, 238, '', '', '', 'MUZAFFARPUR', 'মোজাফ্ফরপুর', '67', 2480, 0, 0, 0, NULL, NULL),
(4238, 3, 30, 238, '', '', '', 'NOAPARA', 'নওপাড়া', '74', 9430, 0, 0, 0, NULL, NULL),
(4239, 3, 30, 238, '', '', '', 'PAIKURA', 'পাইকুড়া', '81', 2480, 0, 0, 0, NULL, NULL),
(4240, 3, 30, 238, '', '', '', 'ROAILBARI', 'বোয়াইলবাড়ীআমতলা', '88', 2480, 0, 0, 0, NULL, NULL),
(4241, 3, 30, 238, '', '', '', 'SANDIKONA', 'সান্দিকোনা', '94', 2480, 0, 0, 0, NULL, NULL),
(4242, 3, 30, 239, '', '', '', 'FATEHPUR', 'ফতেপুর', '10', 3010, 0, 0, 0, NULL, NULL),
(4243, 3, 30, 239, '', '', '', 'GOBINDASREE', 'গোবিন্দশ্রী', '21', 2490, 0, 0, 0, NULL, NULL),
(4244, 3, 30, 239, '', '', '', 'CHANDGAON', 'চানগাঁও', '31', NULL, 0, 0, 0, NULL, NULL),
(4245, 3, 30, 239, '', '', '', 'KAITAIL', 'কাইটাল', '42', 2490, 0, 0, 0, NULL, NULL),
(4246, 3, 30, 239, '', '', '', 'MADAN', 'মদন', '52', 2490, 0, 0, 0, NULL, NULL),
(4247, 3, 30, 239, '', '', '', 'MAGHAN', 'মাঘান', '63', 2490, 0, 0, 0, NULL, NULL),
(4248, 3, 30, 239, '', '', '', 'NAYEKPUR', 'নায়েকপুর', '73', 2490, 0, 0, 0, NULL, NULL),
(4249, 3, 30, 239, '', '', '', 'TIASREE', 'তিয়শ্রী', '84', 2490, 0, 0, 0, NULL, NULL),
(4250, 3, 30, 240, '', '', '', 'BARKASHIA BIRAMP', 'বড়কাশিয়া-বিরামপুর', '10', NULL, 0, 0, 0, NULL, NULL),
(4251, 3, 30, 240, '', '', '', 'BARATALI BANIHARI', 'বড়তলী-বানিয়াহারী', '21', 2446, 0, 0, 0, NULL, NULL),
(4252, 3, 30, 240, '', '', '', 'GAGLAJUR', 'গাগালাজুর', '31', NULL, 0, 0, 0, NULL, NULL),
(4253, 3, 30, 240, '', '', '', 'MAGHAN SIADHAR', 'মাঘান-সিয়াধার', '42', 2446, 0, 0, 0, NULL, NULL),
(4254, 3, 30, 240, '', '', '', 'SAMAJ SAHILDEO', 'সমাজ-সহিলদেও', '63', 2446, 0, 0, 0, NULL, NULL),
(4255, 3, 30, 240, '', '', '', 'SUAIR', 'সুয়াইর', '73', 2446, 0, 0, 0, NULL, NULL),
(4256, 3, 30, 240, '', '', '', 'TENTULIA', 'তেতুলিয়া', '84', 9420, 0, 0, 0, NULL, NULL),
(4257, 3, 30, 241, '', '', '', 'AMTALA', 'আমতলা', '13', 2400, 0, 0, 0, NULL, NULL),
(4258, 3, 30, 241, '', '', '', 'CHALLISHA', 'চল্লিশা', '15', 2400, 0, 0, 0, NULL, NULL),
(4259, 3, 30, 241, '', '', '', 'DAKSHIN BISHIURA', 'দক্ষিণ বিশিউড়া', '23', 2400, 0, 0, 0, NULL, NULL),
(4260, 3, 30, 241, '', '', '', 'KAILATI', 'কাইলাটী', '31', 2430, 0, 0, 0, NULL, NULL),
(4261, 3, 30, 241, '', '', '', 'KALIARA GABRAGAT', 'কালিয়ারা গাবরাগাতী', '39', NULL, 0, 0, 0, NULL, NULL),
(4262, 3, 30, 241, '', '', '', 'LAKSHMIGANJ', 'লক্ষীগঞ্জ', '47', NULL, 0, 0, 0, NULL, NULL),
(4263, 3, 30, 241, '', '', '', 'MADANPUR', 'মদনপুর', '54', 2400, 0, 0, 0, NULL, NULL),
(4264, 3, 30, 241, '', '', '', 'MEDNI', 'মেদনী', '55', 2400, 0, 0, 0, NULL, NULL),
(4265, 3, 30, 241, '', '', '', 'MAUGATI', 'মৌগাতী', '63', 2400, 0, 0, 0, NULL, NULL),
(4266, 3, 30, 241, '', '', '', 'RAUHA', 'রৌহা', '79', 2400, 0, 0, 0, NULL, NULL),
(4267, 3, 30, 241, '', '', '', 'SINGHAR BANGLA', 'সিংহের বাংলা', '87', NULL, 0, 0, 0, NULL, NULL),
(4268, 3, 30, 241, '', '', '', 'AGIA', 'আগিয়া', '13', 2410, 0, 0, 0, NULL, NULL),
(4269, 3, 30, 241, '', '', '', 'BAIRATI', 'বৈরাটী', '15', 2410, 0, 0, 0, NULL, NULL),
(4270, 3, 30, 241, '', '', '', 'BISHKAKUNI', 'বিশকাকুনী', '23', NULL, 0, 0, 0, NULL, NULL),
(4271, 3, 30, 241, '', '', '', 'DHALA MULGAON', 'ধলামূলগাঁও', '31', 2410, 0, 0, 0, NULL, NULL),
(4272, 3, 30, 241, '', '', '', 'GHAGRA', 'ঘাগড়া', '39', 2370, 0, 0, 0, NULL, NULL),
(4273, 3, 30, 241, '', '', '', 'GOHALAKANDA', 'গোহালাকান্দা', '55', 2410, 0, 0, 0, NULL, NULL),
(4274, 3, 30, 241, '', '', '', 'HOGLA', 'হোগলা', '63', 2410, 0, 0, 0, NULL, NULL),
(4275, 3, 30, 241, '', '', '', 'JARIA', 'জারিয়া', '71', 2410, 0, 0, 0, NULL, NULL),
(4276, 3, 30, 241, '', '', '', 'KHALISHAUR', 'খলিশাউড়', '79', 2410, 0, 0, 0, NULL, NULL),
(4277, 3, 30, 241, '', '', '', 'NARANDIA', 'নারান্দিয়া', '87', 3500, 0, 0, 0, NULL, NULL),
(4278, 3, 30, 241, '', '', '', 'THAKURAKONA', 'ঠাকুরাকোণা', '94', 2400, 0, 0, 0, NULL, NULL),
(4279, 3, 31, 242, '', '', '', 'BAHARPUR', 'বহরপুর', '17', 7730, 0, 0, 0, NULL, NULL),
(4280, 3, 31, 242, '', '', '', 'BALIAKANDI', 'বালিয়াকান্দি', '19', 7730, 0, 0, 0, NULL, NULL),
(4281, 3, 31, 242, '', '', '', 'ISLAMPUR', 'ইসলামপুর', '47', 3080, 0, 0, 0, NULL, NULL),
(4282, 3, 31, 242, '', '', '', 'JAMALPUR', 'জামালপুর', '57', 5100, 0, 0, 0, NULL, NULL),
(4283, 3, 31, 242, '', '', '', 'JANGAL', 'জংগল', '66', 7730, 0, 0, 0, NULL, NULL),
(4284, 3, 31, 242, '', '', '', 'NARUA', 'নারুয়া', '85', 7730, 0, 0, 0, NULL, NULL),
(4285, 3, 31, 242, '', '', '', 'NAWABPUR', 'নবাবপুর', '95', 3510, 0, 0, 0, NULL, NULL),
(4286, 3, 31, 243, '', '', '', 'CHHOTA BHAKLA', 'ছোটভাকলা', '19', NULL, 0, 0, 0, NULL, NULL),
(4287, 3, 31, 243, '', '', '', 'DAULATDIA', 'দৌলতদিয়া', '38', 7710, 0, 0, 0, NULL, NULL),
(4288, 3, 31, 243, '', '', '', 'DEBAGRAM', 'দেবগ্রাম', '57', 7710, 0, 0, 0, NULL, NULL),
(4289, 3, 31, 243, '', '', '', 'UJAN CHAR', 'উজানচর', '76', NULL, 0, 0, 0, NULL, NULL),
(4290, 3, 31, 244, '', '', '', 'BOALIA', 'বোয়ালিয়া', '18', 7050, 0, 0, 0, NULL, NULL),
(4291, 3, 31, 244, '', '', '', 'KALIKAPUR', 'কালিকাপুর', '30', 8600, 0, 0, 0, NULL, NULL),
(4292, 3, 31, 244, '', '', '', 'MAJHBARI', ' মাজবাড়ী', '55', NULL, 0, 0, 0, NULL, NULL),
(4293, 3, 31, 244, '', '', '', 'MADAPUR', 'মদাপুর', '60', 7700, 0, 0, 0, NULL, NULL),
(4294, 3, 31, 244, '', '', '', 'MRIGI', 'মৃগী', '70', 7700, 0, 0, 0, NULL, NULL),
(4295, 3, 31, 244, '', '', '', 'RATANDIA', 'রতনদিয়া', '85', 7700, 0, 0, 0, NULL, NULL),
(4296, 3, 31, 244, '', '', '', 'SAORAIL', 'সাওরাইল', '95', NULL, 0, 0, 0, NULL, NULL),
(4297, 3, 31, 244, '', '', '', 'KALUKHALI', 'কালুখালী', '', NULL, 0, 0, 0, NULL, NULL),
(4298, 3, 31, 245, '', '', '', 'BAHADURPUR', 'বাহাদুরপুর', '16', 7040, 0, 0, 0, NULL, NULL),
(4299, 3, 31, 245, '', '', '', 'HABASPUR', 'হাবাসপুর', '20', NULL, 0, 0, 0, NULL, NULL),
(4300, 3, 31, 245, '', '', '', 'JASHAI', 'যশাই', '25', NULL, 0, 0, 0, NULL, NULL),
(4301, 3, 31, 245, '', '', '', 'KALIMAHAR', 'ডোয়াইল ', '35', 7720, 0, 0, 0, NULL, NULL),
(4302, 3, 31, 245, '', '', '', 'KASBA MAJHAIL', 'ডোয়াইল ', '40', NULL, 0, 0, 0, NULL, NULL),
(4303, 3, 31, 245, '', '', '', 'MACHH PARA', 'মাছপাড়া', '50', NULL, 0, 0, 0, NULL, NULL),
(4304, 3, 31, 245, '', '', '', 'MAURAT', 'মৌরাট', '65', 7720, 0, 0, 0, NULL, NULL),
(4305, 3, 31, 245, '', '', '', 'BABUPARA', 'বাবুপাড়া', '75', 7720, 0, 0, 0, NULL, NULL),
(4306, 3, 31, 245, '', '', '', 'PATTA', 'পাট্টা', '80', 7720, 0, 0, 0, NULL, NULL),
(4307, 3, 31, 245, '', '', '', 'SARISHA', 'সরিষা', '90', 7720, 0, 0, 0, NULL, NULL),
(4308, 3, 31, 246, '', '', '', 'ALIPUR', 'আলীপুর', '12', 9400, 0, 0, 0, NULL, NULL),
(4309, 3, 31, 246, '', '', '', 'BANIBAHA', 'বানীবহ', '14', 7700, 0, 0, 0, NULL, NULL),
(4310, 3, 31, 246, '', '', '', 'BARAT', 'বরাট', '21', 7700, 0, 0, 0, NULL, NULL),
(4311, 3, 31, 246, '', '', '', 'BASANTAPUR', 'বসন্তপুর', '29', 7700, 0, 0, 0, NULL, NULL),
(4312, 3, 31, 246, '', '', '', 'CHANDANI', 'চন্দনী', '32', 7700, 0, 0, 0, NULL, NULL),
(4313, 3, 31, 246, '', '', '', 'DADSHI', 'দাদশী', '36', 7700, 0, 0, 0, NULL, NULL),
(4314, 3, 31, 246, '', '', '', 'KHANKHANAPUR', 'খানখানাপুর', '43', 7700, 0, 0, 0, NULL, NULL),
(4315, 3, 31, 246, '', '', '', 'KHANGANJ', 'খানগঞ্জ', '45', 7700, 0, 0, 0, NULL, NULL),
(4316, 3, 31, 246, '', '', '', 'MIZANPUR', 'মিজানপুর', '51', 7700, 0, 0, 0, NULL, NULL),
(4317, 3, 31, 246, '', '', '', 'MULGHAR', 'মূলঘর', '58', 9370, 0, 0, 0, NULL, NULL),
(4318, 3, 31, 246, '', '', '', 'PANCHURIA', 'পাঁচুরিয়া', '65', 7700, 0, 0, 0, NULL, NULL),
(4319, 3, 31, 246, '', '', '', 'RAMKANTAPUR', 'রামকান্তপুর', '80', 7700, 0, 0, 0, NULL, NULL),
(4320, 3, 31, 246, '', '', '', 'SHAHID WAHABPUR', 'শহীদওহাবপুর', '87', 7700, 0, 0, 0, NULL, NULL),
(4321, 3, 31, 246, '', '', '', 'SULTANPUR', 'সুলতানপুর', '94', 3190, 0, 0, 0, NULL, NULL),
(4322, 3, 32, 247, '', '', '', 'ARSHI NAGAR', 'আরশীনগর ', '12', NULL, 0, 0, 0, NULL, NULL),
(4323, 3, 32, 247, '', '', '', 'CHAR BHAGA', 'চরভাগা ', '15', 8030, 0, 0, 0, NULL, NULL),
(4324, 3, 32, 247, '', '', '', 'CHAR KUMARIA', 'চরকুমারিয়া ', '17', 8030, 0, 0, 0, NULL, NULL),
(4325, 3, 32, 247, '', '', '', 'CHHAYGAON', 'ছয়গাও ', '25', 8030, 0, 0, 0, NULL, NULL),
(4326, 3, 32, 247, '', '', '', 'CHAR CENSUS', 'চরসেন্সাস ', '28', NULL, 0, 0, 0, NULL, NULL),
(4327, 3, 32, 247, '', '', '', 'DHAKHIN TARABUNIA', 'দক্ষিণ তারাবুানয়া ', '32', NULL, 0, 0, 0, NULL, NULL),
(4328, 3, 32, 247, '', '', '', 'DIGAR MAHISHKHALI', 'ডিএমখালী ', '43', NULL, 0, 0, 0, NULL, NULL),
(4329, 3, 32, 247, '', '', '', 'KACHIKATA', 'কাচিকটিা ', '51', NULL, 0, 0, 0, NULL, NULL),
(4330, 3, 32, 247, '', '', '', 'MAHISAR', 'মহিষার ', '60', 8030, 0, 0, 0, NULL, NULL),
(4331, 3, 32, 247, '', '', '', 'NARAYANPUR', 'নারায়নপুর ', '69', 7410, 0, 0, 0, NULL, NULL),
(4332, 3, 32, 247, '', '', '', 'RAMBHADRAPUR', 'রামভদ্রপুর ', '77', 8030, 0, 0, 0, NULL, NULL),
(4333, 3, 32, 247, '', '', '', 'SAKHIPUR', 'সখিপুর ', '86', 9430, 0, 0, 0, NULL, NULL),
(4334, 3, 32, 247, '', '', '', 'TARABUNIA', 'উত্তর তারাবুনিয়া ', '94', NULL, 0, 0, 0, NULL, NULL),
(4335, 3, 32, 248, '', '', '', 'DARUL AMAN', 'দারুলআমান ', '23', 8040, 0, 0, 0, NULL, NULL),
(4336, 3, 32, 248, '', '', '', 'DHANKATI', 'ধানকাটি ', '35', 8040, 0, 0, 0, NULL, NULL),
(4337, 3, 32, 248, '', '', '', 'ISLAM PUR', 'ইসলামপুর ', '40', NULL, 0, 0, 0, NULL, NULL),
(4338, 3, 32, 248, '', '', '', 'KANESHWAR', 'কনেশ্বর ', '47', 8040, 0, 0, 0, NULL, NULL),
(4339, 3, 32, 248, '', '', '', 'PURBA DAMUDYA', 'পূর্বডামুড্যা ', '59', 8040, 0, 0, 0, NULL, NULL),
(4340, 3, 32, 248, '', '', '', 'SIDULKURA', 'শিধলকুড়া ', '71', 8040, 0, 0, 0, NULL, NULL),
(4341, 3, 32, 248, '', '', '', 'SIDYA', 'সিড্যা ', '83', 8040, 0, 0, 0, NULL, NULL),
(4342, 3, 32, 249, '', '', '', 'ALADLPUR CHAR', 'আলাওলপুর', '11', NULL, 0, 0, 0, NULL, NULL),
(4343, 3, 32, 249, '', '', '', 'GOSAIRHAT', 'গোসাইরহাট', '23', 8050, 0, 0, 0, NULL, NULL),
(4344, 3, 32, 249, '', '', '', 'IDILPUR', 'ইদিলপুর', '35', 8050, 0, 0, 0, NULL, NULL),
(4345, 3, 32, 249, '', '', '', 'KODALPUR', 'কোদালপুর', '47', 8050, 0, 0, 0, NULL, NULL),
(4346, 3, 32, 249, '', '', '', 'KUCHAIPATTI', 'কুচাইপট্টি', '51', NULL, 0, 0, 0, NULL, NULL),
(4347, 3, 32, 249, '', '', '', 'NAGER PARA', 'নাগেরপাড়া', '59', NULL, 0, 0, 0, NULL, NULL),
(4348, 3, 32, 249, '', '', '', 'NALMURI', 'নলমুড়ি', '71', 8050, 0, 0, 0, NULL, NULL),
(4349, 3, 32, 249, '', '', '', 'SAMANTASAR', 'সামন্তসার', '83', 8050, 0, 0, 0, NULL, NULL),
(4350, 3, 32, 250, '', '', '', 'BHOJESHWAR', 'ভােজশ্বর ', '11', 8010, 0, 0, 0, NULL, NULL),
(4351, 3, 32, 250, '', '', '', 'BHUMKHARA', 'ভূমখাড়া ', '12', 8010, 0, 0, 0, NULL, NULL),
(4352, 3, 32, 250, '', '', '', 'BIJHARI', 'বিঝারী ', '18', 8010, 0, 0, 0, NULL, NULL),
(4353, 3, 32, 250, '', '', '', 'CHAMTA', ' চামটা', '25', 8010, 0, 0, 0, NULL, NULL),
(4354, 3, 32, 250, '', '', '', 'CHAR ATRA', 'চর আএা ', '31', 8010, 0, 0, 0, NULL, NULL),
(4355, 3, 32, 250, '', '', '', 'DINGA MANIK', 'ডিঙ্গামানিক ', '37', 8010, 0, 0, 0, NULL, NULL),
(4356, 3, 32, 250, '', '', '', 'FATEH JANGAPUR', 'ফতেজংপুর', '44', NULL, 0, 0, 0, NULL, NULL),
(4357, 3, 32, 250, '', '', '', 'GHARISAR', ' ঘারিসার', '50', 8010, 0, 0, 0, NULL, NULL),
(4358, 3, 32, 250, '', '', '', 'JAPSA', 'জপসা ', '56', 8010, 0, 0, 0, NULL, NULL),
(4359, 3, 32, 250, '', '', '', 'KEDARPUR', 'কেদারপুর ', '63', 8010, 0, 0, 0, NULL, NULL),
(4360, 3, 32, 250, '', '', '', 'MUKTARER CHAR', 'মোক্তােরর চর ', '69', NULL, 0, 0, 0, NULL, NULL),
(4361, 3, 32, 250, '', '', '', 'NASASAN', 'নসাশন ', '82', NULL, 0, 0, 0, NULL, NULL),
(4362, 3, 32, 250, '', '', '', 'NOAPARA', 'নওপাড়া ', '88', 9430, 0, 0, 0, NULL, NULL),
(4363, 3, 32, 250, '', '', '', 'RAJNAGAR', 'রাজনগর', '94', 9340, 0, 0, 0, NULL, NULL),
(4364, 3, 32, 251, '', '', '', 'ANGARIA', 'আংগারিয়া', '17', 8602, 0, 0, 0, NULL, NULL),
(4365, 3, 32, 251, '', '', '', 'BINODPUR', 'বিনোদপুর', '19', 5280, 0, 0, 0, NULL, NULL),
(4366, 3, 32, 251, '', '', '', 'CHANDRAPUR', 'চন্দ্রপুর', '28', 8000, 0, 0, 0, NULL, NULL),
(4367, 3, 32, 251, '', '', '', 'CHIKANDI', 'চিকন্দী', '38', 8000, 0, 0, 0, NULL, NULL),
(4368, 3, 32, 251, '', '', '', 'CHITALIA', 'চিতলীয়া', '47', 8000, 0, 0, 0, NULL, NULL),
(4369, 3, 32, 251, '', '', '', 'DOMSAR', 'ডোমসার', '57', NULL, 0, 0, 0, NULL, NULL),
(4370, 3, 32, 251, '', '', '', 'MOHAMMADPUR', 'মাহমুদপুর', '62', 7630, 0, 0, 0, NULL, NULL),
(4371, 3, 32, 251, '', '', '', 'PALONG', 'পালং', '66', 8000, 0, 0, 0, NULL, NULL),
(4372, 3, 32, 251, '', '', '', 'RUDRAKAR', 'রুদ্রকর', '76', 8000, 0, 0, 0, NULL, NULL),
(4373, 3, 32, 251, '', '', '', 'SHAUL PARA', 'শৌলপাড়া', '85', NULL, 0, 0, 0, NULL, NULL),
(4374, 3, 32, 251, '', '', '', 'TULASAR', 'তুলাসার', '95', 8000, 0, 0, 0, NULL, NULL),
(4375, 3, 32, 252, '', '', '', 'BARA GOPALPUR', 'বড়গোপালপুর', '12', 8010, 0, 0, 0, NULL, NULL),
(4376, 3, 32, 252, '', '', '', 'BARAKANDI', 'বড়কান্দি', '14', 8010, 0, 0, 0, NULL, NULL),
(4377, 3, 32, 252, '', '', '', 'BARA KRISHNAGAR', 'বিকেনগর', '21', NULL, 0, 0, 0, NULL, NULL),
(4378, 3, 32, 252, '', '', '', 'BILASPUR', 'বিলাশপুর', '29', 8010, 0, 0, 0, NULL, NULL),
(4379, 3, 32, 252, '', '', '', 'JOYNAGAR', 'জয়নগর', '43', 9410, 0, 0, 0, NULL, NULL),
(4380, 3, 32, 252, '', '', '', 'KUNDER CHAR', 'কুন্ডেরচর', '51', 8010, 0, 0, 0, NULL, NULL),
(4381, 3, 32, 252, '', '', '', 'MULNA', 'মূলনা', '58', 8010, 0, 0, 0, NULL, NULL),
(4382, 3, 32, 252, '', '', '', 'NAODOBA', 'নাওডোবা', '65', 8010, 0, 0, 0, NULL, NULL),
(4383, 3, 32, 252, '', '', '', 'PALER CHAR', 'পালোরচর', '73', 8010, 0, 0, 0, NULL, NULL),
(4384, 3, 32, 252, '', '', '', 'PURBA NAODOBA', 'পূর্ব নাওডোবা', '80', 8010, 0, 0, 0, NULL, NULL),
(4385, 3, 32, 252, '', '', '', 'SENER CHAR', 'সেনেরচর', '87', 8010, 0, 0, 0, NULL, NULL),
(4386, 3, 32, 252, '', '', '', 'ZANJIRA', 'জাজিরা', '94', 8010, 0, 0, 0, NULL, NULL),
(4387, 3, 33, 253, '', '', '', 'DHANSHAIL', 'ধানশাইল', '12', NULL, 0, 0, 0, NULL, NULL),
(4388, 3, 33, 253, '', '', '', 'GAURIPUR', 'গৌরিপুর', '15', 8550, 0, 0, 0, NULL, NULL),
(4389, 3, 33, 253, '', '', '', 'HATIBANDHA MALIJHIKANDA', 'হাতিবান্দা', '17', NULL, 0, 0, 0, NULL, NULL),
(4390, 3, 33, 253, '', '', '', 'JHENAIGATI', 'ঝিনাইগাতী', '25', 2120, 0, 0, 0, NULL, NULL),
(4391, 3, 33, 253, '', '', '', 'KANGSHA', 'কাংশা', '43', NULL, 0, 0, 0, NULL, NULL),
(4392, 3, 33, 253, '', '', '', 'MALIJHIKANDA', 'মালিঝিকান্দা', '50', 2120, 0, 0, 0, NULL, NULL),
(4393, 3, 33, 253, '', '', '', 'NALKURA', 'নলকুড়া', '60', 2120, 0, 0, 0, NULL, NULL),
(4394, 3, 33, 254, '', '', '', 'BANESHWARDI', 'বানেশ্বর্দী', '17', 2150, 0, 0, 0, NULL, NULL),
(4395, 3, 33, 254, '', '', '', 'CHANDRAKONA', 'ন্দ্রকোনা', '19', 2150, 0, 0, 0, NULL, NULL),
(4396, 3, 33, 254, '', '', '', 'CHAR ASHTADHAR', 'চরঅষ্টধর', '28', 2150, 0, 0, 0, NULL, NULL),
(4397, 3, 33, 254, '', '', '', 'GANAPADDI', 'গনপদ্দী', '38', 2150, 0, 0, 0, NULL, NULL),
(4398, 3, 33, 254, '', '', '', 'GOURDWAR', 'গৌড়দ্বার', '47', 2150, 0, 0, 0, NULL, NULL),
(4399, 3, 33, 254, '', '', '', 'NAKLA', 'নকলা', '57', 2150, 0, 0, 0, NULL, NULL),
(4400, 3, 33, 254, '', '', '', 'PATHAKATA', 'পাঠাকাটা', '66', 2150, 0, 0, 0, NULL, NULL),
(4401, 3, 33, 254, '', '', '', 'TALKI', 'টালকী', '76', 2150, 0, 0, 0, NULL, NULL),
(4402, 3, 33, 254, '', '', '', 'URPHA', 'উরফা', '85', 2150, 0, 0, 0, NULL, NULL),
(4403, 3, 33, 255, '', '', '', 'BAGHBER', 'বাঘবেড়', '30', 2110, 0, 0, 0, NULL, NULL),
(4404, 3, 33, 255, '', '', '', 'JOGANIA', 'যোগানিয়া', '34', 2110, 0, 0, 0, NULL, NULL),
(4405, 3, 33, 255, '', '', '', 'KAKARKANDI', 'কাকারকান্দি', '38', NULL, 0, 0, 0, NULL, NULL),
(4406, 3, 33, 255, '', '', '', 'KALASPUR', 'কলসপাড়', '41', NULL, 0, 0, 0, NULL, NULL),
(4407, 3, 33, 255, '', '', '', 'NALITABARI', 'নালিতাবাড়ী', '51', 2110, 0, 0, 0, NULL, NULL),
(4408, 3, 33, 255, '', '', '', 'NAYABIL', 'নয়াবিল', '55', 2110, 0, 0, 0, NULL, NULL),
(4409, 3, 33, 255, '', '', '', 'NUNNI', 'নন্নী', '69', 2110, 0, 0, 0, NULL, NULL),
(4410, 3, 33, 255, '', '', '', 'MARICHPURA', 'মরিচপুরান', '72', NULL, 0, 0, 0, NULL, NULL),
(4411, 3, 33, 255, '', '', '', 'PORAGAON', 'পোড়াগাও', '75', 2110, 0, 0, 0, NULL, NULL),
(4412, 3, 33, 255, '', '', '', 'RAJNAGAR', 'রাজনগর', '77', 9340, 0, 0, 0, NULL, NULL),
(4413, 3, 33, 255, '', '', '', 'RAMCHANDRAKURA MANDALIA', 'রামচন্দ্রকুড়া', '86', NULL, 0, 0, 0, NULL, NULL),
(4414, 3, 33, 255, '', '', '', 'RUPNARAYANKURA', 'রূপনারায়নকুড়া', '94', 2110, 0, 0, 0, NULL, NULL),
(4415, 3, 33, 256, '', '', '', 'BAJITKHILA', 'বাজিতখিলা', '11', 2100, 0, 0, 0, NULL, NULL),
(4416, 3, 33, 256, '', '', '', 'BALAIR CHAR', 'বলাইরচর', '13', NULL, 0, 0, 0, NULL, NULL),
(4417, 3, 33, 256, '', '', '', 'BETMARI GHUGHURAKANDI', 'বেতমারী ঘুঘুরাকান্দি', '15', 2100, 0, 0, 0, NULL, NULL),
(4418, 3, 33, 256, '', '', '', 'BHATSALA', 'ভাতশালা', '20', 2100, 0, 0, 0, NULL, NULL),
(4419, 3, 33, 256, '', '', '', 'CHAR MUCHARIA', 'চরমোচারিয়া', '27', 2100, 0, 0, 0, NULL, NULL),
(4420, 3, 33, 256, '', '', '', 'CHAR PAKSHIMARI', 'চরপক্ষীমারী', '33', 2100, 0, 0, 0, NULL, NULL),
(4421, 3, 33, 256, '', '', '', 'CHAR SHERPUR', 'চরশেরপুর', '40', 2100, 0, 0, 0, NULL, NULL),
(4422, 3, 33, 256, '', '', '', 'DHALA', 'ধলা', '47', 2316, 0, 0, 0, NULL, NULL),
(4423, 3, 33, 256, '', '', '', 'GHAZIR KHAMAR', 'গাজির খামার', '54', NULL, 0, 0, 0, NULL, NULL),
(4424, 3, 33, 256, '', '', '', 'KAMARER CHAR', 'কামারের চর', '61', 2100, 0, 0, 0, NULL, NULL),
(4425, 3, 33, 256, '', '', '', 'KAMARIA', 'কামারিয়া', '67', 2250, 0, 0, 0, NULL, NULL),
(4426, 3, 33, 256, '', '', '', 'LAKSHMANPUR', 'লছমন পুর', '74', NULL, 0, 0, 0, NULL, NULL),
(4427, 3, 33, 256, '', '', '', 'PAKURIA', 'পাকুড়িয়া', '81', 6280, 0, 0, 0, NULL, NULL),
(4428, 3, 33, 256, '', '', '', 'RAUHA', 'রৌহা', '88', 2400, 0, 0, 0, NULL, NULL),
(4429, 3, 33, 257, '', '', '', 'BHELUA', 'ভেলুয়া', '15', 2130, 0, 0, 0, NULL, NULL),
(4430, 3, 33, 257, '', '', '', 'GARJARIPA', 'গড়জরিপা', '31', 2130, 0, 0, 0, NULL, NULL),
(4431, 3, 33, 257, '', '', '', 'GOSAIPUR', 'গোসাইপুর', '39', 2130, 0, 0, 0, NULL, NULL),
(4432, 3, 33, 257, '', '', '', 'KAKILAKURA', 'কাকিলাকুড়া', '47', 2130, 0, 0, 0, NULL, NULL),
(4433, 3, 33, 257, '', '', '', 'KHARIA KAZIR CHAR', 'খড়িয়া কাজির চর', '55', 2130, 0, 0, 0, NULL, NULL),
(4434, 3, 33, 257, '', '', '', 'KURIKAHANIA', 'কুড়িকাহনীয়া', '63', 2130, 0, 0, 0, NULL, NULL),
(4435, 3, 33, 257, '', '', '', 'RANI SHIMUL', 'রাণীশিমুল', '71', 2130, 0, 0, 0, NULL, NULL),
(4436, 3, 33, 257, '', '', '', 'SINGA BARUNA', 'সিংগাবরুনা', '79', 2130, 0, 0, 0, NULL, NULL),
(4437, 3, 33, 257, '', '', '', 'SREEBARDI', 'শ্রীবরদী ', '86', 2130, 0, 0, 0, NULL, NULL),
(4438, 3, 34, 258, '', '', '', 'TANTIHATI', 'তাতিহাটি', '94', 2130, 0, 0, 0, NULL, NULL),
(4439, 3, 34, 258, '', '', '', 'FULKI', 'ফুলকী', '35', 1920, 0, 0, 0, NULL, NULL),
(4440, 3, 34, 258, '', '', '', 'HABLA', 'হাবলা', '47', 1920, 0, 0, 0, NULL, NULL),
(4441, 3, 34, 258, '', '', '', 'KANCHANPUR', 'কাঞ্চনপুর', '59', 1830, 0, 0, 0, NULL, NULL),
(4442, 3, 34, 258, '', '', '', 'KASHIL', 'কাশিল', '71', 1920, 0, 0, 0, NULL, NULL),
(4443, 3, 34, 258, '', '', '', 'KAOALJANI', 'কাউলজানী', '83', NULL, 0, 0, 0, NULL, NULL),
(4444, 3, 34, 258, '', '', '', 'BASAIL', 'বাসাইল', '', 1920, 0, 0, 0, NULL, NULL),
(4445, 3, 34, 259, '', '', '', 'ARJUNA', 'অর্জুনা', '13', 1960, 0, 0, 0, NULL, NULL),
(4446, 3, 34, 259, '', '', '', 'ALOA', 'অলোয়া', '27', 1960, 0, 0, 0, NULL, NULL),
(4447, 3, 34, 259, '', '', '', 'FALDA', 'ফলদা', '40', 1960, 0, 0, 0, NULL, NULL),
(4448, 3, 34, 259, '', '', '', 'GABSARA', 'গাবসারা', '54', NULL, 0, 0, 0, NULL, NULL),
(4449, 3, 34, 259, '', '', '', 'GOBINDASI', 'গোবিন্দাসী', '67', NULL, 0, 0, 0, NULL, NULL),
(4450, 3, 34, 259, '', '', '', 'NIKRAIL', 'নিকরাইল', '81', 1960, 0, 0, 0, NULL, NULL),
(4451, 3, 34, 260, '', '', '', 'ATIA', 'আটিয়া', '11', 1910, 0, 0, 0, NULL, NULL),
(4452, 3, 34, 260, '', '', '', 'DELDUAR', 'দেলদুয়ার', '23', 1910, 0, 0, 0, NULL, NULL),
(4453, 3, 34, 260, '', '', '', 'DEOLI', 'দেউলি', '35', 1910, 0, 0, 0, NULL, NULL),
(4454, 3, 34, 260, '', '', '', 'DUBAIL', 'ডুবাইল', '41', 1910, 0, 0, 0, NULL, NULL),
(4455, 3, 34, 260, '', '', '', 'ELASIN', 'এলাসিন', '47', 1910, 0, 0, 0, NULL, NULL),
(4456, 3, 34, 260, '', '', '', 'FAZILHATI', 'ফাজিলহাটী', '59', 1910, 0, 0, 0, NULL, NULL),
(4457, 3, 34, 260, '', '', '', 'LAUHATI', 'লাউহাটী', '65', 1910, 0, 0, 0, NULL, NULL),
(4458, 3, 34, 260, '', '', '', 'PATHRAIL', 'পাথরাইল', '71', 1910, 0, 0, 0, NULL, NULL),
(4459, 3, 34, 261, '', '', '', 'BALIBHADRA', 'বলিভদ্র', '21', NULL, 0, 0, 0, NULL, NULL),
(4460, 3, 34, 261, '', '', '', 'BANIAJAN', 'বানিয়াজান', '25', 2470, 0, 0, 0, NULL, NULL),
(4461, 3, 34, 261, '', '', '', 'BIRTARA', 'বীরতারা', '38', 1550, 0, 0, 0, NULL, NULL),
(4462, 3, 34, 261, '', '', '', 'JADUNATHPUR', 'যদুনাথপুর', '47', NULL, 0, 0, 0, NULL, NULL),
(4463, 3, 34, 261, '', '', '', 'DHOPAKHALI', 'ধোপাখালী', '57', 9310, 0, 0, 0, NULL, NULL),
(4464, 3, 34, 261, '', '', '', 'JADUNATHPUR', 'যদুনাথপুর', '68', NULL, 0, 0, 0, NULL, NULL),
(4465, 3, 34, 261, '', '', '', 'MUSUDDI', 'মুশুদ্দী', '80', 1940, 0, 0, 0, NULL, NULL),
(4466, 3, 34, 261, '', '', '', 'PAISKA', 'পাইস্কা', '85', 1940, 0, 0, 0, NULL, NULL),
(4467, 3, 34, 262, '', '', '', 'ANEHOLA', 'আনেহলা', '15', 1980, 0, 0, 0, NULL, NULL),
(4468, 3, 34, 262, '', '', '', 'DEULABARI', 'দেউলাবাড়ী', '17', 1980, 0, 0, 0, NULL, NULL),
(4469, 3, 34, 262, '', '', '', 'DEOPARA', 'দেওপাড়া', '25', 1980, 0, 0, 0, NULL, NULL),
(4470, 3, 34, 262, '', '', '', 'DHALA PARA', 'ধলাপাড়া', '34', 1980, 0, 0, 0, NULL, NULL),
(4471, 3, 34, 262, '', '', '', 'DIGALKANDI', 'দিঘলকান্দী', '43', 1980, 0, 0, 0, NULL, NULL),
(4472, 3, 34, 262, '', '', '', 'DIGAR', 'দিগড়', '51', 1980, 0, 0, 0, NULL, NULL),
(4473, 3, 34, 262, '', '', '', 'GHATAIL', 'ঘাটাইল', '60', 1980, 0, 0, 0, NULL, NULL),
(4474, 3, 34, 262, '', '', '', 'JAMURIA', 'জামুরিয়া', '69', 1980, 0, 0, 0, NULL, NULL),
(4475, 3, 34, 262, '', '', '', 'LAKHER PARA', 'লোকেরপাড়া', '77', NULL, 0, 0, 0, NULL, NULL),
(4476, 3, 34, 262, '', '', '', 'RASULPUR', 'রসুলপুর', '86', 8340, 0, 0, 0, NULL, NULL),
(4477, 3, 34, 262, '', '', '', 'SANDHANPUR', 'সন্ধানপুর', '94', 1980, 0, 0, 0, NULL, NULL),
(4478, 3, 34, 263, '', '', '', 'GHATAIL CANTT.', 'ঘাটাইল সেনানিবাস', '98', NULL, 0, 0, 0, NULL, NULL),
(4479, 3, 34, 263, '', '', '', 'DHOPAKANDI', 'ধোপাকান্দি', '21', 1990, 0, 0, 0, NULL, NULL),
(4480, 3, 34, 263, '', '', '', 'HADIRA', 'হাদিরা', '58', NULL, 0, 0, 0, NULL, NULL),
(4481, 3, 34, 263, '', '', '', 'HEMNAGAR', 'হেমনগর', '65', 1990, 0, 0, 0, NULL, NULL),
(4482, 3, 34, 263, '', '', '', 'JHAWAIL', 'ঝাওয়াইল', '73', NULL, 0, 0, 0, NULL, NULL),
(4483, 3, 34, 263, '', '', '', 'MIRZAPUR', 'মির্জাপুর', '80', 7320, 0, 0, 0, NULL, NULL),
(4484, 3, 34, 263, '', '', '', 'NAGDA SIMLA', 'নগদাশিমলা', '94', NULL, 0, 0, 0, NULL, NULL),
(4485, 3, 34, 263, '', '', '', 'ALAMNOGOR', 'আলমনগর', '', NULL, 0, 0, 0, NULL, NULL),
(4486, 3, 34, 264, '', '', '', 'BALLA', 'বল্লা', '12', 1830, 0, 0, 0, NULL, NULL),
(4487, 3, 34, 264, '', '', '', 'BANGRA', 'বাংড়া', '14', 1970, 0, 0, 0, NULL, NULL),
(4488, 3, 34, 264, '', '', '', 'BIR BASUNDA', 'বীরবাসিন্দা', '21', NULL, 0, 0, 0, NULL, NULL),
(4489, 3, 34, 264, '', '', '', 'DASHKIA', 'দশকিয়া', '25', NULL, 0, 0, 0, NULL, NULL),
(4490, 3, 34, 264, '', '', '', 'DURGAPUR', 'দূর্গাপুর', '29', 5460, 0, 0, 0, NULL, NULL),
(4491, 3, 34, 264, '', '', '', 'GOHALIABARI', 'গোহালিয়াবাড়ী', '43', NULL, 0, 0, 0, NULL, NULL),
(4492, 3, 34, 264, '', '', '', 'KOK DAHARA', 'কোকডহরা', '58', 1970, 0, 0, 0, NULL, NULL),
(4493, 3, 34, 264, '', '', '', 'NAGBARI', 'নাগবাড়ী', '65', 1970, 0, 0, 0, NULL, NULL),
(4494, 3, 34, 264, '', '', '', 'NARANDIA', 'নারান্দিয়া', '73', 3500, 0, 0, 0, NULL, NULL),
(4495, 3, 34, 264, '', '', '', 'PAIKARA', 'পাইকড়া', '80', 1970, 0, 0, 0, NULL, NULL),
(4496, 3, 34, 264, '', '', '', 'PARKI', 'পারখী', '83', NULL, 0, 0, 0, NULL, NULL),
(4497, 3, 34, 264, '', '', '', 'SALLA', 'সল্লা', '87', 3000, 0, 0, 0, NULL, NULL),
(4498, 3, 34, 264, '', '', '', 'SAHADEBPUR', 'সহদেবপুর', '94', 1970, 0, 0, 0, NULL, NULL),
(4499, 3, 34, 265, '', '', '', 'ALOKDIA', 'আলোকদিয়া', '21', 1940, 0, 0, 0, NULL, NULL),
(4500, 3, 34, 265, '', '', '', 'ARANKHOLA', 'অরণখোলা', '24', 1940, 0, 0, 0, NULL, NULL),
(4501, 3, 34, 265, '', '', '', 'AUSNARA', 'আউশনারা', '28', 1940, 0, 0, 0, NULL, NULL),
(4502, 3, 34, 265, '', '', '', 'GOLABARI', 'গোলাবাড়ী', '66', 1940, 0, 0, 0, NULL, NULL),
(4503, 3, 34, 265, '', '', '', 'MIRZABARI', 'মির্জাবাড়ী', '78', 1940, 0, 0, 0, NULL, NULL),
(4504, 3, 34, 265, '', '', '', 'SOLAKURI', 'শোলাকুড়ী', '92', NULL, 0, 0, 0, NULL, NULL),
(4505, 3, 34, 266, '', '', '', 'AJGANA', 'আজগানা', '13', 1940, 0, 0, 0, NULL, NULL),
(4506, 3, 34, 266, '', '', '', 'ANAITARA', 'আনাইতারা', '15', NULL, 0, 0, 0, NULL, NULL),
(4507, 3, 34, 266, '', '', '', 'BAHURIA', 'বহুরিয়া', '23', 1940, 0, 0, 0, NULL, NULL),
(4508, 3, 34, 266, '', '', '', 'BANAIL', 'বানাইল', '31', 1940, 0, 0, 0, NULL, NULL),
(4509, 3, 34, 266, '', '', '', 'BANSHTAIL', 'বাঁশতৈল', '34', 1940, 0, 0, 0, NULL, NULL),
(4510, 3, 34, 266, '', '', '', 'BHAORA', 'ভাওড়া', '36', NULL, 0, 0, 0, NULL, NULL),
(4511, 3, 34, 266, '', '', '', 'BHATGRAM', 'ভাতগ্রাম', '39', 1940, 0, 0, 0, NULL, NULL),
(4512, 3, 34, 266, '', '', '', 'FATEHPUR', 'ফতেপুর', '47', 3010, 0, 0, 0, NULL, NULL),
(4513, 3, 34, 266, '', '', '', 'GORAI', 'গোড়াই', '55', 1940, 0, 0, 0, NULL, NULL),
(4514, 3, 34, 266, '', '', '', 'JAMURKI', 'জামুর্কী', '63', 1940, 0, 0, 0, NULL, NULL),
(4515, 3, 34, 266, '', '', '', 'LATIFPUR', 'লতিফপুর', '67', 8100, 0, 0, 0, NULL, NULL),
(4516, 3, 34, 266, '', '', '', 'MAHERA', 'মহেড়া', '71', 1940, 0, 0, 0, NULL, NULL),
(4517, 3, 34, 266, '', '', '', 'TARAFPUR', 'তরফপুর', '87', 1940, 0, 0, 0, NULL, NULL),
(4518, 3, 34, 266, '', '', '', 'UARSI', 'উয়ার্শী', '94', 1940, 0, 0, 0, NULL, NULL),
(4519, 3, 34, 267, '', '', '', 'BEKRA', 'বেকড়া', '10', NULL, 0, 0, 0, NULL, NULL),
(4520, 3, 34, 267, '', '', '', 'BHADRA', 'ভাদ্রা', '12', 1936, 0, 0, 0, NULL, NULL),
(4521, 3, 34, 267, '', '', '', 'BHARA', 'ভারড়া', '14', NULL, 0, 0, 0, NULL, NULL),
(4522, 3, 34, 267, '', '', '', 'DUPTIAIR', 'দপ্তিয়র', '21', NULL, 0, 0, 0, NULL, NULL),
(4523, 3, 34, 267, '', '', '', 'DHUBARIA', 'ধুবড়িয়া', '36', 1936, 0, 0, 0, NULL, NULL),
(4524, 3, 34, 267, '', '', '', 'GAYHATA', 'গয়হাটা', '43', 1936, 0, 0, 0, NULL, NULL),
(4525, 3, 34, 267, '', '', '', 'MAMUDNAGAR', 'মামুদনগর', '58', 1936, 0, 0, 0, NULL, NULL),
(4526, 3, 34, 267, '', '', '', 'MOKHNA', 'মোকনা', '65', NULL, 0, 0, 0, NULL, NULL),
(4527, 3, 34, 267, '', '', '', 'NAGARPUR', 'নাগরপুর', '73', 1936, 0, 0, 0, NULL, NULL),
(4528, 3, 34, 267, '', '', '', 'PAKUTIA', 'পাকুটিয়া', '80', 1936, 0, 0, 0, NULL, NULL),
(4529, 3, 34, 267, '', '', '', 'SAHABATPUR', 'সহবতপুর', '87', 1936, 0, 0, 0, NULL, NULL),
(4530, 3, 34, 267, '', '', '', 'SALIMABAD', 'সলিমাবাদ', '94', 3420, 0, 0, 0, NULL, NULL),
(4531, 3, 34, 268, '', '', '', 'BAHERATAIL', 'বহেড়াতৈল', '13', 1950, 0, 0, 0, NULL, NULL),
(4532, 3, 34, 268, '', '', '', 'DARIAPUR', 'দাড়িয়াপুর', '21', 7102, 0, 0, 0, NULL, NULL),
(4533, 3, 34, 268, '', '', '', 'GAZARIA', 'গজারিয়া', '27', 2350, 0, 0, 0, NULL, NULL),
(4534, 3, 34, 268, '', '', '', 'HATIBANDHA', 'হাতীবান্ধা', '40', 1950, 0, 0, 0, NULL, NULL),
(4535, 3, 34, 268, '', '', '', 'JADABPUR', 'যাদবপুর', '54', 7340, 0, 0, 0, NULL, NULL),
(4536, 3, 34, 268, '', '', '', 'KAKRAJAN', 'কাকড়াজান', '67', 1950, 0, 0, 0, NULL, NULL),
(4537, 3, 34, 268, '', '', '', 'KALIA', 'কালিয়া', '81', 1950, 0, 0, 0, NULL, NULL),
(4538, 3, 34, 268, '', '', '', 'KALMEGHA', 'কালমেঘা', '83', 8720, 0, 0, 0, NULL, NULL),
(4539, 3, 34, 269, '', '', '', 'BAGHIL', 'বাঘিল', '37', 1900, 0, 0, 0, NULL, NULL),
(4540, 3, 34, 269, '', '', '', 'DANYA', 'দাইন্যা', '39', 1900, 0, 0, 0, NULL, NULL),
(4541, 3, 34, 269, '', '', '', 'GALA', 'গালা', '41', 1830, 0, 0, 0, NULL, NULL),
(4542, 3, 34, 269, '', '', '', 'GHARINDA', 'ঘারিন্দা', '47', 1900, 0, 0, 0, NULL, NULL),
(4543, 3, 34, 269, '', '', '', 'HUGRA', 'হুগড়া', '53', 1900, 0, 0, 0, NULL, NULL),
(4544, 3, 34, 269, '', '', '', 'KARATIA', 'করটিয়া', '59', 1900, 0, 0, 0, NULL, NULL),
(4545, 3, 34, 269, '', '', '', 'KATULI', 'কাতুলী', '65', 1900, 0, 0, 0, NULL, NULL);
INSERT INTO `geo_unions` (`id`, `geo_division_id`, `geo_district_id`, `geo_upazila_id`, `division_bbs_code`, `district_bbs_code`, `upazila_bbs_code`, `union_name_eng`, `union_name_bng`, `bbs_code`, `postcode`, `status`, `created_by`, `modified_by`, `created_at`, `updated_at`) VALUES
(4546, 3, 34, 269, '', '', '', 'KAKUA', 'কাকুয়া', '71', 1900, 0, 0, 0, NULL, NULL),
(4547, 3, 34, 269, '', '', '', 'MAGRA', 'মগড়া', '77', NULL, 0, 0, 0, NULL, NULL),
(4548, 3, 34, 269, '', '', '', 'MAHAMUDNAGAR', 'মাহমুদনগর', '80', NULL, 0, 0, 0, NULL, NULL),
(4549, 3, 34, 269, '', '', '', 'SILIMPUR', 'ছিলিমপুর', '83', 1900, 0, 0, 0, NULL, NULL),
(4550, 3, 34, 269, '', '', '', 'PORABARI', 'পোড়াবাড়ী', '90', 1900, 0, 0, 0, NULL, NULL);

-- --------------------------------------------------------

--
-- Table structure for table `geo_upazilas`
--

CREATE TABLE `geo_upazilas` (
  `id` int(10) UNSIGNED NOT NULL,
  `geo_division_id` tinyint(3) UNSIGNED NOT NULL DEFAULT '0',
  `geo_district_id` tinyint(3) UNSIGNED NOT NULL,
  `division_bbs_code` varchar(4) COLLATE utf8mb4_unicode_ci DEFAULT NULL,
  `district_bbs_code` varchar(4) COLLATE utf8mb4_unicode_ci DEFAULT NULL,
  `upazila_name_eng` varchar(50) COLLATE utf8mb4_unicode_ci NOT NULL,
  `upazila_name_bng` varchar(100) COLLATE utf8mb4_unicode_ci NOT NULL,
  `bbs_code` varchar(4) COLLATE utf8mb4_unicode_ci NOT NULL,
  `status` tinyint(4) NOT NULL DEFAULT '3' COMMENT '0=Pending, 1=Delete, 2=Inactive, 3=active, 4=PreviousActive',
  `created_by` int(11) DEFAULT NULL,
  `modified_by` int(11) DEFAULT NULL,
  `created_at` datetime DEFAULT NULL,
  `updated_at` datetime DEFAULT NULL
) ENGINE=InnoDB DEFAULT CHARSET=utf8mb4 COLLATE=utf8mb4_unicode_ci;

--
-- Dumping data for table `geo_upazilas`
--

INSERT INTO `geo_upazilas` (`id`, `geo_division_id`, `geo_district_id`, `division_bbs_code`, `district_bbs_code`, `upazila_name_eng`, `upazila_name_bng`, `bbs_code`, `status`, `created_by`, `modified_by`, `created_at`, `updated_at`) VALUES
(1, 1, 1, '', '', 'AMTALI', 'আমতলী ', '09', 1, 1, 1, NULL, NULL),
(2, 1, 1, '', '', 'BAMNA', 'বামনা ', '19', 1, 1, 1, NULL, NULL),
(3, 1, 1, '', '', 'BARGUNA SADAR', 'বরগুনা সদর ', '28', 1, 1, 1, NULL, NULL),
(4, 1, 1, '', '', 'BETAGI', 'বেতাগী ', '47', 1, 1, 1, NULL, NULL),
(5, 1, 1, '', '', 'PATHARGHATA', 'পাথরঘাটা ', '85', 1, 1, 1, NULL, NULL),
(6, 1, 1, '', '', 'TALTALI', 'তালতলি ', '90', 1, 1, 1, NULL, NULL),
(7, 1, 2, '', '', 'AGAILJHARA', 'আগৈলঝাড়া', '2', 1, 1, 1, NULL, NULL),
(8, 1, 2, '', '', 'BABUGANJ', 'বাবুগঞ্জ ', '3', 1, 1, 1, NULL, NULL),
(9, 1, 2, '', '', 'BAKERGANJ', 'বাকেরগঞ্জ', '7', 1, 1, 1, NULL, NULL),
(10, 1, 2, '', '', 'BANARI PARA', 'বানারীপাড়া ', '10', 1, 1, 1, NULL, NULL),
(11, 1, 2, '', '', 'GAURNADI', 'গৌরনদী ', '32', 1, 1, 1, NULL, NULL),
(12, 1, 2, '', '', 'HIZLA', 'হিজলা ', '36', 1, 1, 1, NULL, NULL),
(13, 1, 2, '', '', 'BARISAL SADAR (KOTWALI)', 'বরিশাল সদর (কোতোয়ালী)', '51', 1, 1, 1, NULL, NULL),
(14, 1, 2, '', '', 'MEHENDIGANJ', 'মেহেন্দিগঞ্জ ', '62', 1, 1, 1, NULL, NULL),
(15, 1, 2, '', '', 'MULADI', 'মুলাদী  ', '69', 1, 1, 1, NULL, NULL),
(16, 1, 2, '', '', 'WAZIRPUR', 'উজিরপুর  ', '94', 1, 1, 1, NULL, NULL),
(17, 1, 3, '', '', 'BHOLA SADAR', 'ভোলা সদর', '18', 1, 1, 1, NULL, NULL),
(18, 1, 3, '', '', 'BURHANUDDIN', 'বোরহানউদ্দিন ', '21', 1, 1, 1, NULL, NULL),
(19, 1, 3, '', '', 'DAULAT KHAN', 'দৌলতখান', '29', 1, 1, 1, NULL, NULL),
(20, 1, 3, '', '', 'LALMOHAN', 'লালমোহন ', '54', 1, 1, 1, NULL, NULL),
(21, 1, 3, '', '', 'MANPURA', 'মনপুরা ', '65', 1, 1, 1, NULL, NULL),
(22, 1, 3, '', '', 'TAZUMUDDIN', 'তজুমদ্দিন ', '91', 1, 1, 1, NULL, NULL),
(23, 1, 4, '', '', 'JHALOKATI SADAR', 'ঝালকাঠি সদর', '40', 1, 1, 1, NULL, NULL),
(24, 1, 4, '', '', 'NALCHITY', 'নলছিটি ', '73', 1, 1, 1, NULL, NULL),
(25, 1, 4, '', '', 'KATHALIA', 'কাঠালিয়া', '43', 1, 1, 1, NULL, NULL),
(26, 1, 5, '', '', 'BAUPHAL', 'বাউফল ', '38', 1, 1, 1, NULL, NULL),
(27, 1, 5, '', '', 'DASHMINA', 'দশমিনা ', '52', 1, 1, 1, NULL, NULL),
(28, 1, 5, '', '', 'DUMKI', 'দুমকি ', '55', 1, 1, 1, NULL, NULL),
(29, 1, 5, '', '', 'KALAPARA', 'কলাপাড়া ', '66', 1, 1, 1, NULL, NULL),
(30, 1, 5, '', '', 'MIRZAGANJ', 'মির্জাগঞ্জ', '76', 1, 1, 1, NULL, NULL),
(31, 1, 5, '', '', 'PATUAKHALI SADAR', 'পটুয়াখালী সদর ', '95', 1, 1, 1, NULL, NULL),
(32, 1, 5, '', '', 'RANGABALI', 'রাঙ্গাবালী ', '97', 1, 1, 1, NULL, NULL),
(33, 1, 6, '', '', 'BHANDARIA', 'ভান্ডারিয়া ', '14', 1, 1, 1, NULL, NULL),
(34, 1, 6, '', '', 'KAWKHALI', 'কাউখালী ', '47', 1, 1, 1, NULL, NULL),
(35, 1, 6, '', '', 'MATHBARIA', 'মঠবাড়ীয়া ', '58', 1, 1, 1, NULL, NULL),
(36, 1, 6, '', '', 'NAZIRPUR', 'নাজিরপুর ', '76', 1, 1, 1, NULL, NULL),
(37, 1, 6, '', '', 'PIROJPUR SADAR', 'পিরোজপুর সদর ', '80', 1, 1, 1, NULL, NULL),
(38, 1, 6, '', '', 'NESARABAD (SWARUPKATI)', 'নেছারাবা ( স্বরুপকাঠী) ', '87', 1, 1, 1, NULL, NULL),
(39, 1, 6, '', '', 'ZIANAGAR', 'জিয়ানগর ', '90', 1, 1, 1, NULL, NULL),
(40, 2, 7, '', '', 'ALIKADAM', 'আলীকদম ', '4', 1, 1, 1, NULL, NULL),
(41, 2, 7, '', '', 'BANDARBAN SADAR', 'বান্দরবান সদর', '14', 1, 1, 1, NULL, NULL),
(42, 2, 7, '', '', 'LAMA', 'লামা', '51', 1, 1, 1, NULL, NULL),
(43, 2, 7, '', '', 'NAIKHONGCHHARI', 'নাইক্ষ্যংছড়ি', '73', 1, 1, 1, NULL, NULL),
(44, 2, 7, '', '', 'ROWANGCHHARI', 'রোয়াংছড়ি', '89', 1, 1, 1, NULL, NULL),
(45, 2, 7, '', '', 'RUMA', 'রুমা ', '91', 1, 1, 1, NULL, NULL),
(46, 2, 7, '', '', 'THANCHI', 'থানচি', '95', 1, 1, 1, NULL, NULL),
(47, 2, 8, '', '', 'AKHAURA', 'আখাউড়া', '2', 1, 1, 1, NULL, NULL),
(48, 2, 8, '', '', 'BANCHHARAMPUR', 'বাঞ্ছারামপুর ', '4', 1, 1, 1, NULL, NULL),
(49, 2, 8, '', '', 'BIJOYNAGAR', 'বিজয়নগর', '7', 1, 1, 1, NULL, NULL),
(50, 2, 8, '', '', 'BRAHMANBARIA SADAR', 'ব্রাহ্মণবাড়িয়া সদর', '13', 1, 1, 1, NULL, NULL),
(51, 2, 8, '', '', 'ASHUGANJ', 'আশুগঞ্জ', '33', 1, 1, 1, NULL, NULL),
(52, 2, 8, '', '', 'KASBA', 'কসবা', '63', 1, 1, 1, NULL, NULL),
(53, 2, 8, '', '', 'NABINAGAR', 'নবীনগর', '85', 1, 1, 1, NULL, NULL),
(54, 2, 8, '', '', 'NASIRNAGAR', 'নাসিরনগর', '90', 1, 1, 1, NULL, NULL),
(55, 2, 8, '', '', 'SARAIL', 'সরাইল', '94', 1, 1, 1, NULL, NULL),
(56, 2, 9, '', '', 'CHANDPUR SADAR', 'চাঁদপুর সদর', '22', 1, 1, 1, NULL, NULL),
(57, 2, 9, '', '', 'FARIDGANJ', 'ফরিদগঞ্জ', '45', 1, 1, 1, NULL, NULL),
(58, 2, 9, '', '', 'HAIM CHAR', 'হাইমচর', '47', 1, 1, 1, NULL, NULL),
(59, 2, 9, '', '', 'HAJIGANJ', 'হাজীগঞ্জ', '49', 1, 1, 1, NULL, NULL),
(60, 2, 9, '', '', 'KACHUA', 'কচুয়া', '58', 1, 1, 1, NULL, NULL),
(61, 2, 9, '', '', 'MATLAB DAKSHIN', 'মতলব দক্ষিণ', '76', 1, 1, 1, NULL, NULL),
(62, 2, 9, '', '', 'MATLAB UTTAR', 'মতলব উত্তর', '79', 1, 1, 1, NULL, NULL),
(63, 2, 9, '', '', 'SHAHRASTI', 'শাহরাস্তি', '95', 1, 1, 1, NULL, NULL),
(64, 2, 10, '', '', 'ANOWARA', 'আনোয়ারা', '4', 1, 1, 1, NULL, NULL),
(65, 2, 10, '', '', 'BANSHKHALI', 'বাঁশখালী', '8', 1, 1, 1, NULL, NULL),
(66, 2, 10, '', '', 'BOALKHALI', 'বোয়ালখালী', '12', 1, 1, 1, NULL, NULL),
(67, 2, 10, '', '', 'CHANDANAISH', 'চন্দনাইশ', '18', 1, 1, 1, NULL, NULL),
(68, 2, 10, '', '', 'FATIKCHHARI', 'ফটিকছড়ি', '33', 1, 1, 1, NULL, NULL),
(69, 2, 10, '', '', 'HATHAZARI', 'হাটহাজারী', '37', 1, 1, 1, NULL, NULL),
(70, 2, 10, '', '', 'LOHAGARA', 'লোহাগাড়া', '47', 1, 1, 1, NULL, NULL),
(71, 2, 10, '', '', 'MIRSHARAI', 'মীরসরাই', '53', 1, 1, 1, NULL, NULL),
(72, 2, 10, '', '', 'PATIYA', 'পটিয়া', '61', 1, 1, 1, NULL, NULL),
(73, 2, 10, '', '', 'RANGUNIA', 'রাঙ্গুনিয়া', '70', 1, 1, 1, NULL, NULL),
(74, 2, 10, '', '', 'RAOZAN', 'রাউজান', '74', 1, 1, 1, NULL, NULL),
(75, 2, 10, '', '', 'SANDWIP', 'সন্দ্বীপ', '78', 1, 1, 1, NULL, NULL),
(76, 2, 10, '', '', 'SATKANIA', 'সাতকানিয়া', '82', 1, 1, 1, NULL, NULL),
(77, 2, 10, '', '', 'SITAKUNDA', 'সীতাকুণ্ড', '86', 1, 1, 1, NULL, NULL),
(78, 2, 11, '', '', 'BARURA', 'বরুড়া', '9', 1, 1, 1, NULL, NULL),
(79, 2, 11, '', '', 'BRAHMAN PARA', 'ব্রাহ্মণপাড়া', '15', 1, 1, 1, NULL, NULL),
(80, 2, 11, '', '', 'BURICHANG', 'বুড়িচং', '18', 1, 1, 1, NULL, NULL),
(81, 2, 11, '', '', 'CHANDINA', 'চান্দিনা', '27', 1, 1, 1, NULL, NULL),
(82, 2, 11, '', '', 'CHAUDDAGRAM', 'চৌদ্দগ্রাম', '31', 1, 1, 1, NULL, NULL),
(83, 2, 11, '', '', 'COMILLA SADAR DAKSHIN', 'কুমিল্লা সদর দক্ষিণ', '33', 1, 1, 1, NULL, NULL),
(84, 2, 11, '', '', 'DAUDKANDI', 'দাউদকান্দি', '36', 1, 1, 1, NULL, NULL),
(85, 2, 11, '', '', 'DEBIDWAR', 'দেবিদ্বার', '40', 1, 1, 1, NULL, NULL),
(86, 2, 11, '', '', 'HOMNA', 'হোমনা ', '54', 1, 1, 1, NULL, NULL),
(87, 2, 11, '', '', 'COMILLA ADARSHA SADAR', 'কুমিল্লা সদর', '67', 1, 1, 1, NULL, NULL),
(88, 2, 11, '', '', 'LAKSAM', 'লাকসাম', '72', 1, 1, 1, NULL, NULL),
(89, 2, 11, '', '', 'MANOHARGANJ', 'মনোহরগঞ্জ', '74', 1, 1, 1, NULL, NULL),
(90, 2, 11, '', '', 'MEGHNA', 'মেঘনা', '75', 1, 1, 1, NULL, NULL),
(91, 2, 11, '', '', 'MURADNAGAR', 'মুরাদনগর', '81', 1, 1, 1, NULL, NULL),
(92, 2, 11, '', '', 'NANGALKOT', 'নাঙ্গলকোট', '87', 1, 1, 1, NULL, NULL),
(93, 2, 11, '', '', 'TITAS', 'তিতাস', '94', 1, 1, 1, NULL, NULL),
(94, 2, 12, '', '', 'CHAKARIA', 'চকরিয়া', '16', 1, 1, 1, NULL, NULL),
(95, 2, 12, '', '', 'COX\'S BAZAR SADAR', 'কক্সবাজার সদর', '24', 1, 1, 1, NULL, NULL),
(96, 2, 12, '', '', 'KUTUBDIA', 'কুতুবদিয়া', '45', 1, 1, 1, NULL, NULL),
(97, 2, 12, '', '', 'MAHESHKHALI', 'মহেশখালী', '49', 1, 1, 1, NULL, NULL),
(98, 2, 12, '', '', 'PEKUA', 'পেকুয়া', '56', 1, 1, 1, NULL, NULL),
(99, 2, 12, '', '', 'RAMU', 'রামু', '66', 1, 1, 1, NULL, NULL),
(100, 2, 12, '', '', 'TEKNAF', 'টেকনাফ', '90', 1, 1, 1, NULL, NULL),
(101, 2, 12, '', '', 'UKHIA', 'উখিয়া', '94', 1, 1, 1, NULL, NULL),
(102, 2, 13, '', '', 'CHHAGALNAIYA', 'ছাগলনাইয়া', '14', 1, 1, 1, NULL, NULL),
(103, 2, 13, '', '', 'DAGANBHUIYAN', 'দাগনভূঞা', '25', 1, 1, 1, NULL, NULL),
(104, 2, 13, '', '', 'FENI SADAR', 'ফেনী সদর', '29', 1, 1, 1, NULL, NULL),
(105, 2, 13, '', '', 'FULGAZI', 'ফুলগাজী', '41', 1, 1, 1, NULL, NULL),
(106, 2, 13, '', '', 'PARSHURAM', 'পরশুরাম', '51', 1, 1, 1, NULL, NULL),
(107, 2, 13, '', '', 'SONAGAZI', 'সোনাগাজী', '94', 1, 1, 1, NULL, NULL),
(108, 2, 14, '', '', 'DIGHINALA', 'দিঘীনালা', '43', 1, 1, 1, NULL, NULL),
(109, 2, 14, '', '', 'MANIKCHHARI', 'মানিকছড়ি', '67', 1, 1, 1, NULL, NULL),
(110, 2, 14, '', '', 'KHAGRACHHARI SADAR', 'খাগড়াছড়ি সদর', '49', 1, 1, 1, NULL, NULL),
(111, 2, 14, '', '', 'LAKSHMICHHARI', 'লক্ষীছড়ি', '61', 1, 1, 1, NULL, NULL),
(112, 2, 14, '', '', 'MAHALCHHARI', 'মহালছড়ি', '65', 1, 1, 1, NULL, NULL),
(113, 2, 14, '', '', 'MATIRANGA', 'মাটিরাঙ্গা', '70', 1, 1, 1, NULL, NULL),
(114, 2, 14, '', '', 'PANCHHARI', 'পানছড়ি', '77', 1, 1, 1, NULL, NULL),
(115, 2, 14, '', '', 'RAMGARH', 'রামগড়', '80', 1, 1, 1, NULL, NULL),
(116, 2, 15, '', '', 'KAMALNAGAR', 'কমলনগর', '33', 1, 1, 1, NULL, NULL),
(117, 2, 15, '', '', 'LAKSHMIPUR SADAR', 'লক্ষ্মীপুর সদর', '43', 1, 1, 1, NULL, NULL),
(118, 2, 15, '', '', 'ROYPUR', 'রায়পুর', '58', 1, 1, 1, NULL, NULL),
(119, 2, 15, '', '', 'RAMGANJ', 'রামগঞ্জ', '65', 1, 1, 1, NULL, NULL),
(120, 2, 15, '', '', 'RAMGATI', 'রামগতি ', '73', 1, 1, 1, NULL, NULL),
(121, 2, 16, '', '', 'BEGUMGANJ', 'বেগমগঞ্জ', '7', 1, 1, 1, NULL, NULL),
(122, 2, 16, '', '', 'CHATKHIL', 'চাটখিল', '10', 1, 1, 1, NULL, NULL),
(123, 2, 16, '', '', 'COMPANIGANJ', 'কোম্পানীগঞ্জ', '21', 1, 1, 1, NULL, NULL),
(124, 2, 16, '', '', 'HATIYA', 'হাতিয়া', '36', 1, 1, 1, NULL, NULL),
(125, 2, 16, '', '', 'SENBAGH', 'সেনবাগ', '80', 1, 1, 1, NULL, NULL),
(126, 2, 16, '', '', 'SONAIMURI', 'সোনাইমুড়ী', '83', 1, 1, 1, NULL, NULL),
(127, 2, 16, '', '', 'SUBARNACHAR', 'সুবর্ণচর', '85', 1, 1, 1, NULL, NULL),
(128, 2, 16, '', '', 'NOAKHALI ', 'নোয়াখালী ', '87', 1, 1, 1, NULL, NULL),
(129, 2, 17, '', '', 'BAGHAICHHARI', 'বাঘাইছড়ি', '7', 1, 1, 1, NULL, NULL),
(130, 2, 17, '', '', 'BARKAL ', 'বরকল', '21', 1, 1, 1, NULL, NULL),
(131, 2, 17, '', '', 'KAWKHALI (BETBUNIA)', 'কাউখালী', '25', 1, 1, 1, NULL, NULL),
(132, 2, 17, '', '', 'KAPTAI  ', 'কাপ্তাই ', '36', 1, 1, 1, NULL, NULL),
(133, 2, 17, '', '', 'JURAI CHHARI', 'জুরাছড়ি', '47', 1, 1, 1, NULL, NULL),
(134, 2, 17, '', '', 'LANGADU  ', 'লংগদু ', '58', 1, 1, 1, NULL, NULL),
(135, 2, 17, '', '', 'NANIARCHAR  ', 'নানিয়ারচর ', '75', 1, 1, 1, NULL, NULL),
(136, 2, 17, '', '', 'RANGAMATI SADAR', 'রাঙ্গামাটি সদর', '87', 1, 1, 1, NULL, NULL),
(137, 2, 17, '', '', 'RAJOSTHOLI ', 'রাজস্থলী', '78', 1, 1, 1, NULL, NULL),
(138, 2, 17, '', '', 'BILAYCHHARI', 'বিলাইছড়ি', '29', 1, 1, 1, NULL, NULL),
(139, 3, 18, '', '', 'TEJGAON UNNON CIRCLE', 'তেজগাঁও উন্নয়ন সার্কেল', '', 1, 1, 1, NULL, NULL),
(140, 3, 18, '', '', 'BADDA', 'বাড্ডা', '4', 1, 1, 1, NULL, NULL),
(141, 3, 18, '', '', 'BANGSHAL', 'বংশাল', '5', 1, 1, 1, NULL, NULL),
(142, 3, 18, '', '', 'BIMAN BANDAR', 'বিমান বন্দর', '6', 1, 1, 1, NULL, NULL),
(143, 3, 18, '', '', 'BANANI', 'বনানী', '7', 1, 1, 1, NULL, NULL),
(144, 3, 18, '', '', 'CANTONMENT', 'সেনানিবাস', '8', 1, 1, 1, NULL, NULL),
(145, 3, 18, '', '', 'CHAK BAZAR', 'চকবাজার', '9', 1, 1, 1, NULL, NULL),
(146, 3, 18, '', '', 'DAKSHINKHAN', 'দক্ষিনখান', '10', 1, 1, 1, NULL, NULL),
(147, 3, 18, '', '', 'DARUS SALAM', 'দারুস সালাম', '11', 1, 1, 1, NULL, NULL),
(148, 3, 18, '', '', 'DEMRA', 'ডেমরা', '12', 1, 1, 1, NULL, NULL),
(149, 3, 18, '', '', 'DHAMRAI', 'ধামরাই', '14', 1, 1, 1, NULL, NULL),
(150, 3, 18, '', '', 'DOHAR', 'দোহার', '18', 1, 1, 1, NULL, NULL),
(151, 3, 18, '', '', 'KERANIGANJ', 'কেরাণীগঞ্জ', '38', 1, 1, 1, NULL, NULL),
(152, 3, 18, '', '', 'NAWABGANJ', 'নবাবগঞ্জ', '62', 1, 1, 1, NULL, NULL),
(153, 3, 18, '', '', 'SAVAR', 'সাভার', '72', 1, 1, 1, NULL, NULL),
(154, 3, 19, '', '', 'ALFADANGA', 'আলফাডাঙ্গা', '3', 1, 1, 1, NULL, NULL),
(155, 3, 19, '', '', 'BHANGA', 'ভাঙ্গা', '10', 1, 1, 1, NULL, NULL),
(156, 3, 19, '', '', 'BOALMARI', 'বোয়ালমারী', '18', 1, 1, 1, NULL, NULL),
(157, 3, 19, '', '', 'CHAR BHADRASAN', 'চরভদ্রাসন', '21', 1, 1, 1, NULL, NULL),
(158, 3, 19, '', '', 'FARIDPUR SADAR', 'ফরিদপুর সদর', '47', 1, 1, 1, NULL, NULL),
(159, 3, 19, '', '', 'MADHUKHALI', 'মধুখালী', '56', 1, 1, 1, NULL, NULL),
(160, 3, 19, '', '', 'NAGARKANDA', 'নগরকান্দা', '62', 1, 1, 1, NULL, NULL),
(161, 3, 19, '', '', 'SADARPUR', 'সদরপুর', '84', 1, 1, 1, NULL, NULL),
(162, 3, 19, '', '', 'SALTHA', 'সালথা', '90', 1, 1, 1, NULL, NULL),
(163, 3, 20, '', '', 'GAZIPUR SADAR', 'গাজীপুর সদর', '30', 1, 1, 1, NULL, NULL),
(164, 3, 20, '', '', 'KALIAKAIR', 'কালিয়াকৈর', '32', 1, 1, 1, NULL, NULL),
(165, 3, 20, '', '', 'KALIGANJ', 'কালীগঞ্জ', '34', 1, 1, 1, NULL, NULL),
(166, 3, 20, '', '', 'KAPASIA', 'কাপাসিয়া', '36', 1, 1, 1, NULL, NULL),
(167, 3, 20, '', '', 'SREEPUR', 'শ্রীপুর', '86', 1, 1, 1, NULL, NULL),
(168, 3, 21, '', '', 'GOPALGANJ SADAR', 'গোপালগঞ্জ সদর', '32', 1, 1, 1, NULL, NULL),
(169, 3, 21, '', '', 'KASHIANI', 'কাশিয়ানী', '43', 1, 1, 1, NULL, NULL),
(170, 3, 21, '', '', 'KOTALIPARA', 'কোটালীপাড়া', '51', 1, 1, 1, NULL, NULL),
(171, 3, 21, '', '', 'MUKSUDPUR', 'মুকসুদপুর', '58', 1, 1, 1, NULL, NULL),
(172, 3, 21, '', '', 'TUNGIPARA', 'টুংগীপাড়া', '91', 1, 1, 1, NULL, NULL),
(173, 3, 22, '', '', 'BAKSHIGANJ', 'বকশীগঞ্জ', '7', 1, 1, 1, NULL, NULL),
(174, 3, 22, '', '', 'DEWANGANJ', 'দেওয়ানগঞ্জ', '15', 1, 1, 1, NULL, NULL),
(175, 3, 22, '', '', 'ISLAMPUR', 'ইসলামপুর', '29', 1, 1, 1, NULL, NULL),
(176, 3, 22, '', '', 'JAMALPUR SADAR', 'জামালপুর সদর', '36', 1, 1, 1, NULL, NULL),
(177, 3, 22, '', '', 'MADARGANJ', 'মাদারগঞ্জ', '58', 1, 1, 1, NULL, NULL),
(178, 3, 22, '', '', 'MELANDAHA', 'মেলান্দহ', '61', 1, 1, 1, NULL, NULL),
(179, 3, 22, '', '', 'SARISHABARI UPAZILA', 'সরিষাবাড়ী', '85', 1, 1, 1, NULL, NULL),
(180, 3, 23, '', '', 'AUSTAGRAM', 'অষ্টগ্রাম', '2', 1, 1, 1, NULL, NULL),
(181, 3, 23, '', '', 'BAJITPUR', 'বাজিতপুর', '6', 1, 1, 1, NULL, NULL),
(182, 3, 23, '', '', 'BHAIRAB', 'ভৈরব', '11', 1, 1, 1, NULL, NULL),
(183, 3, 23, '', '', 'HOSSAINPUR', 'হোসেনপুর', '27', 1, 1, 1, NULL, NULL),
(184, 3, 23, '', '', 'ITNA', 'ইটনা', '33', 1, 1, 1, NULL, NULL),
(185, 3, 23, '', '', 'KARIMGANJ', 'করিমগঞ্জ', '42', 1, 1, 1, NULL, NULL),
(186, 3, 23, '', '', 'KATIADI', 'কটিয়াদী', '45', 1, 1, 1, NULL, NULL),
(187, 3, 23, '', '', 'KISHOREGANJ SADAR', 'কিশোরগঞ্জ সদর', '49', 1, 1, 1, NULL, NULL),
(188, 3, 23, '', '', 'KULIAR CHAR', 'কুলিয়ারচর', '54', 1, 1, 1, NULL, NULL),
(189, 3, 23, '', '', 'MITHAMAIN', 'মিঠামইন', '59', 1, 1, 1, NULL, NULL),
(190, 3, 23, '', '', 'NIKLI', 'নিকলী', '76', 1, 1, 1, NULL, NULL),
(191, 3, 23, '', '', 'PAKUNDIA', 'পাকুন্দিয়া', '79', 1, 1, 1, NULL, NULL),
(192, 3, 23, '', '', 'TARAIL', 'তাড়াইল', '92', 1, 1, 1, NULL, NULL),
(193, 3, 24, '', '', 'KALKINI', 'কালকিনি', '40', 1, 1, 1, NULL, NULL),
(194, 3, 24, '', '', 'MADARIPUR SADAR', 'মাদারীপুর সদর', '54', 1, 1, 1, NULL, NULL),
(195, 3, 24, '', '', 'RAJOIR', 'রাজৈর', '80', 1, 1, 1, NULL, NULL),
(196, 3, 24, '', '', 'SHIBCHAR', 'শিবচর', '87', 1, 1, 1, NULL, NULL),
(197, 3, 25, '', '', 'DAULATPUR', 'দৌলতপুর', '10', 1, 1, 1, NULL, NULL),
(198, 3, 25, '', '', 'GHIOR', 'ঘিওর', '22', 1, 1, 1, NULL, NULL),
(199, 3, 25, '', '', 'HARIRAMPUR', 'হরিরামপুর', '28', 1, 1, 1, NULL, NULL),
(200, 3, 25, '', '', 'MANIKGANJ SADAR', 'মানিকগঞ্জ সদর', '46', 1, 1, 1, NULL, NULL),
(201, 3, 25, '', '', 'SATURIA', 'সাটুরিয়া', '70', 1, 1, 1, NULL, NULL),
(202, 3, 25, '', '', 'SHIBALAYA', 'শিবালয়', '78', 1, 1, 1, NULL, NULL),
(203, 3, 25, '', '', 'SINGAIR', 'সিংগাইর', '82', 1, 1, 1, NULL, NULL),
(204, 3, 26, '', '', 'GAZARIA', 'গজারিয়া', '24', 1, 1, 1, NULL, NULL),
(205, 3, 26, '', '', 'LOHAJANG', 'লৌহজং', '44', 1, 1, 1, NULL, NULL),
(206, 3, 26, '', '', 'MUNSHIGANJ SADAR', 'মুন্সিগঞ্জ সদর', '56', 1, 1, 1, NULL, NULL),
(207, 3, 26, '', '', 'SERAJDIKHAN', 'সিরাজদিখান', '74', 1, 1, 1, NULL, NULL),
(208, 3, 26, '', '', 'SREENAGAR', 'শ্রীনগর', '84', 1, 1, 1, NULL, NULL),
(209, 3, 26, '', '', 'TONGIBARI', 'টংগিবাড়ী', '94', 1, 1, 1, NULL, NULL),
(210, 3, 27, '', '', 'BHALUKA', 'ভালুকা', '13', 1, 1, 1, NULL, NULL),
(211, 3, 27, '', '', 'DHOBAURA', 'ধোবাউড়া', '16', 1, 1, 1, NULL, NULL),
(212, 3, 27, '', '', 'FULBARIA', 'ফুলবাড়ীয়া', '20', 1, 1, 1, NULL, NULL),
(213, 3, 27, '', '', 'GAFFARGAON', 'গফরগাঁও', '22', 1, 1, 1, NULL, NULL),
(214, 3, 27, '', '', 'GAURIPUR', 'গৌরীপুর', '23', 1, 1, 1, NULL, NULL),
(215, 3, 27, '', '', 'HALUAGHAT', 'হালুয়াঘাট', '24', 1, 1, 1, NULL, NULL),
(216, 3, 27, '', '', 'ISHWARGANJ', 'ঈশ্বরগঞ্জ', '31', 1, 1, 1, NULL, NULL),
(217, 3, 27, '', '', 'MYMENSINGH SADAR', 'ময়মনসিংহ সদর', '52', 1, 1, 1, NULL, NULL),
(218, 3, 27, '', '', 'MUKTAGACHHA', 'মুক্তাগাছা', '65', 1, 1, 1, NULL, NULL),
(219, 3, 27, '', '', 'NANDAIL', 'নান্দাইল', '72', 1, 1, 1, NULL, NULL),
(220, 3, 27, '', '', 'PHULPUR', 'ফুলপুর', '81', 1, 1, 1, NULL, NULL),
(221, 3, 27, '', '', 'TARAKANDA', 'তারাকান্দা', '88', 1, 1, 1, NULL, NULL),
(222, 3, 27, '', '', 'TRISHAL', 'ত্রিশাল', '94', 1, 1, 1, NULL, NULL),
(223, 3, 28, '', '', 'ARAIHAZAR', 'আড়াইহাজার', '2', 1, 1, 1, NULL, NULL),
(224, 3, 28, '', '', 'SONARGAON', 'সোনারগাঁ', '4', 1, 1, 1, NULL, NULL),
(225, 3, 28, '', '', 'NARAYANGANJ SADAR', 'নারায়নগঞ্জ সদর', '58', 1, 1, 1, NULL, NULL),
(226, 3, 28, '', '', 'RUPGANJ', 'রূপগঞ্জ', '68', 1, 1, 1, NULL, NULL),
(227, 3, 29, '', '', 'BELABO', 'বেলাবো', '7', 1, 1, 1, NULL, NULL),
(228, 3, 29, '', '', 'MANOHARDI', 'মনোহরদী', '52', 1, 1, 1, NULL, NULL),
(229, 3, 29, '', '', 'NARSINGDI ', 'নরসিংদী ', '60', 1, 1, 1, NULL, NULL),
(230, 3, 29, '', '', 'PALASH', 'পলাশ', '63', 1, 1, 1, NULL, NULL),
(231, 3, 29, '', '', 'ROYPURA', 'রায়পুরা', '64', 1, 1, 1, NULL, NULL),
(232, 3, 29, '', '', 'SHIBPUR', 'শিবপুর', '76', 1, 1, 1, NULL, NULL),
(233, 3, 30, '', '', 'ATPARA', 'আটপাড়া', '4', 1, 1, 1, NULL, NULL),
(234, 3, 30, '', '', 'BARHATTA', 'বারহাট্টা', '9', 1, 1, 1, NULL, NULL),
(235, 3, 30, '', '', 'DURGAPUR', 'দুর্গাপুর', '18', 1, 1, 1, NULL, NULL),
(236, 3, 30, '', '', 'KHALIAJURI', 'খালিয়াজুরী', '38', 1, 1, 1, NULL, NULL),
(237, 3, 30, '', '', 'KALMAKANDA', 'কলমাকান্দা', '40', 1, 1, 1, NULL, NULL),
(238, 3, 30, '', '', 'KENDUA', 'কেন্দুয়া', '47', 1, 1, 1, NULL, NULL),
(239, 3, 30, '', '', 'MADAN', 'মদন', '56', 1, 1, 1, NULL, NULL),
(240, 3, 30, '', '', 'MOHANGANJ', 'মোহনগঞ্জ', '63', 1, 1, 1, NULL, NULL),
(241, 3, 30, '', '', 'NETROKONA SADAR', 'নেত্রকোণা সদর', '74', 1, 1, 1, NULL, NULL),
(242, 3, 31, '', '', 'BALIAKANDI', 'বালিয়াকান্দি', '7', 1, 1, 1, NULL, NULL),
(243, 3, 31, '', '', 'GOALANDA', 'গোয়ালন্দ', '29', 1, 1, 1, NULL, NULL),
(244, 3, 31, '', '', 'KALUKHALI', 'কালুখালী', '47', 1, 1, 1, NULL, NULL),
(245, 3, 31, '', '', 'PANGSHA', 'পাংশা', '73', 1, 1, 1, NULL, NULL),
(246, 3, 31, '', '', 'RAJBARI SADAR', 'রাজবাড়ী সদর', '76', 1, 1, 1, NULL, NULL),
(247, 3, 32, '', '', 'BHEDARGANJ', 'ভেদরগঞ্জ', '14', 1, 1, 1, NULL, NULL),
(248, 3, 32, '', '', 'DAMUDYA', 'ডামুড্যা', '25', 1, 1, 1, NULL, NULL),
(249, 3, 32, '', '', 'GOSAIRHAT', 'গোসাইরহাট', '36', 1, 1, 1, NULL, NULL),
(250, 3, 32, '', '', 'NARIA', 'নড়িয়া', '65', 1, 1, 1, NULL, NULL),
(251, 3, 32, '', '', 'SHARIATPUR SADAR', 'শরিয়তপুর সদর', '69', 1, 1, 1, NULL, NULL),
(252, 3, 32, '', '', 'ZANJIRA', 'জাজিরা', '94', 1, 1, 1, NULL, NULL),
(253, 3, 33, '', '', 'JHENAIGATI', 'ঝিনাইগাতী', '37', 1, 1, 1, NULL, NULL),
(254, 3, 33, '', '', 'NAKLA', 'নকলা', '67', 1, 1, 1, NULL, NULL),
(255, 3, 33, '', '', 'NALITABARI', 'নালিতাবাড়ী', '70', 1, 1, 1, NULL, NULL),
(256, 3, 33, '', '', 'SHERPUR SADAR', 'শেরপুর সদর', '88', 1, 1, 1, NULL, NULL),
(257, 3, 33, '', '', 'SREEBARDI', 'শ্রীবরদী', '90', 1, 1, 1, NULL, NULL),
(258, 3, 34, '', '', 'BASAIL', 'বাসাইল', '9', 1, 1, 1, NULL, NULL),
(259, 3, 34, '', '', 'BHUAPUR', 'ভুয়াপুর', '19', 1, 1, 1, NULL, NULL),
(260, 3, 34, '', '', 'DELDUAR', 'দেলদুয়ার', '23', 1, 1, 1, NULL, NULL),
(261, 3, 34, '', '', 'DHANBARI', 'ধনবাড়ী', '25', 1, 1, 1, NULL, NULL),
(262, 3, 34, '', '', 'GHATAIL', 'ঘাটাইল', '28', 1, 1, 1, NULL, NULL),
(263, 3, 34, '', '', 'GOPALPUR', 'গোপালপুর', '38', 1, 1, 1, NULL, NULL),
(264, 3, 34, '', '', 'KALIHATI', 'কালিহাতী', '47', 1, 1, 1, NULL, NULL),
(265, 3, 34, '', '', 'MADHUPUR', 'মধুপুর', '57', 1, 1, 1, NULL, NULL),
(266, 3, 34, '', '', 'MIRZAPUR', 'মির্জাপুর', '66', 1, 1, 1, NULL, NULL),
(267, 3, 34, '', '', 'NAGARPUR', 'নাগরপুর', '76', 1, 1, 1, NULL, NULL),
(268, 3, 34, '', '', 'SAKHIPUR', 'সখিপুর', '85', 1, 1, 1, NULL, NULL),
(269, 3, 34, '', '', 'TANGAIL SADAR', 'টাঙ্গাইল সদর', '95', 1, 1, 1, NULL, NULL),
(271, 4, 35, '', '', 'CHITALMARI', 'চিতলমারী ', '14', 1, 1, 1, NULL, NULL),
(272, 4, 35, '', '', 'FAKIRHAT', 'ফকিরহাট ', '34', 1, 1, 1, NULL, NULL),
(273, 4, 35, '', '', 'KACHUA', 'কচুয়া ', '38', 1, 1, 1, NULL, NULL),
(274, 4, 35, '', '', 'MOLLAHAT', 'মোল্লাহাট ', '56', 1, 1, 1, NULL, NULL),
(275, 4, 35, '', '', 'MONGLA', 'মোংলা ', '58', 1, 1, 1, NULL, NULL),
(276, 4, 35, '', '', 'MORRELGANJ', 'মোড়েলগঞ্জ ', '60', 1, 1, 1, NULL, NULL),
(277, 4, 35, '', '', 'RAMPAL', 'রামপাল ', '73', 1, 1, 1, NULL, NULL),
(278, 4, 35, '', '', 'SARANKHOLA', 'শরণখোলা', '', 1, 1, 1, NULL, NULL),
(279, 4, 36, '', '', 'ALAMDANGA', 'আলমডাঙ্গা ', '7', 1, 1, 1, NULL, NULL),
(280, 4, 36, '', '', 'CHUADANGA SADAR', 'চুয়াডাঙ্গা সদর ', '23', 1, 1, 1, NULL, NULL),
(281, 4, 36, '', '', 'DAMURHUDA', 'দামুড়হুদা ', '31', 1, 1, 1, NULL, NULL),
(282, 4, 36, '', '', 'JIBAN NAGAR', 'জীবননগর ', '55', 1, 1, 1, NULL, NULL),
(283, 4, 37, '', '', 'ABHAYNAGAR', 'অভয়নগর ', '4', 1, 1, 1, NULL, NULL),
(284, 4, 37, '', '', 'BAGHER PARA', 'বাঘারপাড়া ', '9', 1, 1, 1, NULL, NULL),
(285, 4, 37, '', '', 'CHAUGACHHA', 'চৌগাছা', '11', 1, 1, 1, NULL, NULL),
(286, 4, 37, '', '', 'JHIKARGACHHA', 'ঝিকরগাছা ', '23', 1, 1, 1, NULL, NULL),
(287, 4, 37, '', '', 'KESHABPUR', 'কেশবপুর ', '38', 1, 1, 1, NULL, NULL),
(288, 4, 37, '', '', 'JESSORE SADAR', 'যশোর সদর ', '47', 1, 1, 1, NULL, NULL),
(289, 4, 37, '', '', 'MANIRAMPUR', 'মণিরামপুর', '61', 1, 1, 1, NULL, NULL),
(290, 4, 37, '', '', 'SHARSHA', 'শার্শা ', '90', 1, 1, 1, NULL, NULL),
(291, 4, 38, '', '', 'HARINAKUNDA', 'হরিণাকুন্ডু ', '14', 1, 1, 1, NULL, NULL),
(292, 4, 38, '', '', 'JHENAIDAH SADAR', 'ঝিনাইদহ সদর', '19', 1, 1, 1, NULL, NULL),
(293, 4, 38, '', '', 'KALIGANJ', 'কালীগঞ্জ ', '33', 1, 1, 1, NULL, NULL),
(294, 4, 38, '', '', 'KOTCHANDPUR', 'কোটচাঁদপুর ', '42', 1, 1, 1, NULL, NULL),
(295, 4, 38, '', '', 'MAHESHPUR', 'মহেশপুর ', '71', 1, 1, 1, NULL, NULL),
(296, 4, 38, '', '', 'SHAILKUPA', 'শৈলকুপা ', '80', 1, 1, 1, NULL, NULL),
(297, 4, 39, '', '', 'BATIAGHATA', 'বটিয়াঘাটা ', '12', 1, 1, 1, NULL, NULL),
(298, 4, 39, '', '', 'DACOPE', 'দাকোপ ', '17', 1, 1, 1, NULL, NULL),
(299, 4, 39, '', '', 'DUMURIA', 'ডুমুরিয়া ', '30', 1, 1, 1, NULL, NULL),
(300, 4, 39, '', '', 'KOYRA', 'কয়রা ', '53', 1, 1, 1, NULL, NULL),
(301, 4, 39, '', '', 'PAIKGACHHA', 'পাইকগাছা ', '64', 1, 1, 1, NULL, NULL),
(302, 4, 39, '', '', 'PHULTALA', 'ফুলতলা ', '69', 1, 1, 1, NULL, NULL),
(303, 4, 39, '', '', 'RUPSA', 'রূপসা ', '75', 1, 1, 1, NULL, NULL),
(304, 4, 39, '', '', 'TEROKHADA', 'তেরখাদা ', '94', 1, 1, 1, NULL, NULL),
(305, 4, 39, '', '', 'DHEGHOLIA', 'দিঘলিয়া', '40', 0, 1, 1, NULL, NULL),
(306, 4, 40, '', '', 'BHERAMARA', 'ভেড়ামারা ', '15', 0, 1, 1, NULL, NULL),
(307, 4, 40, '', '', 'DAULATPUR', 'দৌলতপুর ', '39', 0, 1, 1, NULL, NULL),
(308, 4, 40, '', '', 'KHOKSA', 'খোকসা', '63', 0, 1, 1, NULL, NULL),
(309, 4, 40, '', '', 'KUMARKHALI', 'কুমারখালী ', '71', 0, 1, 1, NULL, NULL),
(310, 4, 40, '', '', 'KUSHTIA SADAR', 'কুষ্টিয়া সদর ', '79', 0, 1, 1, NULL, NULL),
(311, 4, 40, '', '', 'MIRPUR', 'মিরপুর ', '94', 0, 1, 1, NULL, NULL),
(312, 4, 41, '', '', 'MAGURA SADAR', 'মাগুরা সদর ', '57', 0, 1, 1, NULL, NULL),
(313, 4, 41, '', '', 'MOHAMMADPUR', 'মহম্মদপুর ', '66', 0, 1, 1, NULL, NULL),
(314, 4, 41, '', '', 'SHALIKHA', 'শালিখা ', '85', 0, 1, 1, NULL, NULL),
(315, 4, 41, '', '', 'SREEPUR', 'শ্রীপুর ', '95', 0, 1, 1, NULL, NULL),
(316, 4, 42, '', '', 'GANGNI', 'গাংনী ', '47', 0, 1, 1, NULL, NULL),
(317, 4, 42, '', '', 'MUJIB NAGAR', 'মুজিবনগর ', '60', 0, 1, 1, NULL, NULL),
(318, 4, 42, '', '', 'MEHERPUR SADAR', 'মেহেরপুর সদর', '87', 0, 1, 1, NULL, NULL),
(319, 4, 43, '', '', 'KALIA', 'কালিয়া', '28', 0, 1, 1, NULL, NULL),
(320, 4, 43, '', '', 'LOHAGARA', 'লোহাগড়া', '52', 0, 1, 1, NULL, NULL),
(321, 4, 43, '', '', 'NARAIL SADAR', 'নড়াইল সদর ', '76', 0, 1, 1, NULL, NULL),
(322, 4, 44, '', '', 'ASSASUNI', 'আশাশুনি ', '4', 0, 1, 1, NULL, NULL),
(323, 4, 44, '', '', 'DEBHATA', 'দেবহাটা ', '25', 0, 1, 1, NULL, NULL),
(324, 4, 44, '', '', 'KALAROA', 'কলারোয়া ', '43', 0, 1, 1, NULL, NULL),
(325, 4, 44, '', '', 'KALIGANJ', 'কালিগঞ্জ ', '47', 0, 1, 1, NULL, NULL),
(326, 4, 44, '', '', 'SATKHIRA SADAR', 'সাতক্ষীরা সদর', '82', 0, 1, 1, NULL, NULL),
(327, 4, 44, '', '', 'SHYAMNAGAR', 'শ্যামনগর ', '86', 0, 1, 1, NULL, NULL),
(328, 4, 44, '', '', 'TALA', 'তালা ', '90', 0, 1, 1, NULL, NULL),
(329, 5, 45, '', '', 'ADAMDIGHI', 'আদমদিঘি', '06', 0, 1, 1, NULL, NULL),
(330, 5, 45, '', '', 'BOGRA SADAR', 'বগুড়া  সদর', '20', 0, 1, 1, NULL, NULL),
(331, 5, 45, '', '', 'DHUNAT', 'ধুনট', '27', 0, 1, 1, NULL, NULL),
(332, 5, 45, '', '', 'DHUPCHANCHIA', 'দুপচাচিঁয়া', '33', 0, 1, 1, NULL, NULL),
(333, 5, 45, '', '', 'GABTALI', 'গাবতলি', '40', 0, 1, 1, NULL, NULL),
(334, 5, 45, '', '', 'KAHALOO', 'কাহালু', '54', 0, 1, 1, NULL, NULL),
(335, 5, 45, '', '', 'NANDIGRAM', 'নন্দিগ্রাম', '67', 0, 1, 1, NULL, NULL),
(336, 5, 45, '', '', 'SARIAKANDI', 'সারিয়াকান্দি', '81', 0, 1, 1, NULL, NULL),
(337, 5, 45, '', '', 'SHAJAHANPUR', 'শাজাহানপুর', '85', 0, 1, 1, NULL, NULL),
(338, 5, 45, '', '', 'SHERPUR', 'শেরপুর', '88', 0, 1, 1, NULL, NULL),
(339, 5, 45, '', '', 'SHIBGANJ', 'শিবগঞ্জ', '94', 0, 1, 1, NULL, NULL),
(340, 5, 45, '', '', 'SONATOLA', 'সোনাতলা ', '95', 0, 1, 1, NULL, NULL),
(341, 5, 46, '', '', 'AKKELPUR', 'আক্কেলপুর ', '13', 0, 1, 1, NULL, NULL),
(342, 5, 46, '', '', 'JOYPURHAT SADAR', ' জয়পুরহাট সদর', '47', 0, 1, 1, NULL, NULL),
(343, 5, 46, '', '', 'KALAI', 'কালাই', '58', 0, 1, 1, NULL, NULL),
(344, 5, 47, '', '', 'ATRAI', 'আত্রাই', '03', 0, 1, 1, NULL, NULL),
(345, 5, 47, '', '', 'DHAMOIRHAT', 'ধামইরহাট', '28', 0, 1, 1, NULL, NULL),
(346, 5, 47, '', '', 'MANDA', 'মান্দা', '47', 0, 1, 1, NULL, NULL),
(347, 5, 47, '', '', 'MAHADEBPUR', 'মহাদেবপুর', '50', 0, 1, 1, NULL, NULL),
(348, 5, 47, '', '', 'NAOGAON SADAR', 'নওগাঁ সদর', '60', 0, 1, 1, NULL, NULL),
(349, 5, 47, '', '', 'NIAMATPUR', 'নিয়ামতপুর', '69', 0, 1, 1, NULL, NULL),
(350, 5, 47, '', '', 'PATNITALA', 'পত্নীতলা', '75', 0, 1, 1, NULL, NULL),
(351, 5, 47, '', '', 'RANINAGAR', 'রাণীনগর', '85', 0, 1, 1, NULL, NULL),
(352, 5, 47, '', '', 'SAPAHAR', 'সাপাহার', '86', 0, 1, 1, NULL, NULL),
(353, 5, 47, '', '', 'BODOLGACHI', 'বদলগাছী', '', 0, 1, 1, NULL, NULL),
(354, 5, 47, '', '', 'PORSHA', 'পোরশা', '', 0, 1, 1, NULL, NULL),
(355, 5, 48, '', '', 'BAGATIPARA', 'বাগাতিপাড়া', '09', 0, 1, 1, NULL, NULL),
(356, 5, 48, '', '', 'BARAIGRAM', 'বড়াইগ্রাম', '15', 0, 1, 1, NULL, NULL),
(357, 5, 48, '', '', 'GURUDASPUR', 'গুরুদাসপুর', '41', 0, 1, 1, NULL, NULL),
(358, 5, 48, '', '', 'LALPUR', 'লালপুর', '', 0, 1, 1, NULL, NULL),
(359, 5, 48, '', '', 'NATORE SADAR', 'নাটোর সদর', '63', 0, 1, 1, NULL, NULL),
(360, 5, 48, '', '', 'SINGRA', 'সিংরা', '91', 0, 1, 1, NULL, NULL),
(361, 5, 49, '', '', 'BHOLAHAT', 'ভোলাহাট', '18', 0, 1, 1, NULL, NULL),
(362, 5, 49, '', '', 'GOMASTAPUR', 'গোমস্তাপুর', '37', 0, 1, 1, NULL, NULL),
(363, 5, 49, '', '', 'NACHOLE', 'নাচোল', '56', 0, 1, 1, NULL, NULL),
(364, 5, 49, '', '', 'CHAPAI NABABGANJ SADAR', 'চাঁপাই নাবাবগঞ্জ সদর', '66', 0, 1, 1, NULL, NULL),
(365, 5, 49, '', '', 'SHIBGANJ', 'শিবগঞ্জ ', '88', 0, 1, 1, NULL, NULL),
(366, 5, 50, '', '', 'ATGHARIA', 'আটঘারিয়া', '05', 0, 1, 1, NULL, NULL),
(367, 5, 50, '', '', 'BERA', 'বেড়া', '16', 0, 1, 1, NULL, NULL),
(368, 5, 50, '', '', 'BHANGURA', 'ভাঙ্গুরা', '19', 0, 1, 1, NULL, NULL),
(369, 5, 50, '', '', 'CHATMOHAR', 'চাটমোহর ', '22', 0, 1, 1, NULL, NULL),
(370, 5, 50, '', '', 'FARIDPUR', 'ফরিদপুর', '33', 0, 1, 1, NULL, NULL),
(371, 5, 50, '', '', 'ISHWARDI', 'ঈশ্বরদী ', '39', 0, 1, 1, NULL, NULL),
(372, 5, 50, '', '', 'PABNA SADAR', 'পাবনা সদর', '55', 0, 1, 1, NULL, NULL),
(373, 5, 50, '', '', 'SANTHIA', 'সাঁথিয়া', '72', 0, 1, 1, NULL, NULL),
(374, 5, 50, '', '', 'SUJANAGAR', 'সুজানগর', '83', 0, 1, 1, NULL, NULL),
(375, 5, 51, '', '', 'BAGHA', 'বাঘা', '10', 0, 1, 1, NULL, NULL),
(376, 5, 51, '', '', 'BAGHMARA', 'বাগমারা', '12', 0, 1, 1, NULL, NULL),
(377, 5, 51, '', '', 'CHARGHAT', 'চারঘাট ', '25', 0, 1, 1, NULL, NULL),
(378, 5, 51, '', '', 'DURGAPUR', 'দুর্গাপুর ', '31', 0, 1, 1, NULL, NULL),
(379, 5, 51, '', '', 'GODAGARI', 'গোদাগাড়ী ', '34', 0, 1, 1, NULL, NULL),
(380, 5, 51, '', '', 'MOHANPUR', 'মোহনপুর', '53', 0, 1, 1, NULL, NULL),
(381, 5, 51, '', '', 'PABA', 'পবা', '72', 0, 1, 1, NULL, NULL),
(382, 5, 51, '', '', 'PUTHIA', 'পুথিয়া', '82', 0, 1, 1, NULL, NULL),
(383, 5, 51, '', '', 'TANORE', 'তানোর', '94', 0, 1, 1, NULL, NULL),
(384, 5, 52, '', '', 'BELKUCHI', 'বেলকুচি ', '11', 0, 1, 1, NULL, NULL),
(385, 5, 52, '', '', 'CHAUHALI', 'চৌহালি', '27', 0, 1, 1, NULL, NULL),
(386, 5, 52, '', '', 'KAMARKHANDA', 'কামারখন্দ', '44', 0, 1, 1, NULL, NULL),
(387, 5, 52, '', '', 'KAZIPUR', 'কাজিপুর', '50', 0, 1, 1, NULL, NULL),
(388, 5, 52, '', '', 'ROYGANJ', 'রাইগঞ্জ', '61', 0, 1, 1, NULL, NULL),
(389, 5, 52, '', '', 'SHAHJADPUR', 'শাহজাদপুর', '67', 0, 1, 1, NULL, NULL),
(390, 5, 52, '', '', 'SIRAJGANJ SADAR', 'সিরাজগঞ্জ সদর', '78', 0, 1, 1, NULL, NULL),
(391, 5, 52, '', '', 'TARASH', 'তারাশ', '89', 0, 1, 1, NULL, NULL),
(392, 5, 52, '', '', 'ULLAH PARA', 'উল্লাহ পারা', '94', 0, 1, 1, NULL, NULL),
(393, 6, 53, '', '', 'BIRAMPUR', 'বিরামপুর ', '10', 0, 1, 1, NULL, NULL),
(394, 6, 53, '', '', 'BIRGANJ', 'বীরগঞ্জ', '12', 0, 1, 1, NULL, NULL),
(395, 6, 53, '', '', 'BIRAL', 'বিরল', '17', 0, 1, 1, NULL, NULL),
(396, 6, 53, '', '', 'BOCHAGANJ', 'বোচাগঞ্জ', '21', 0, 1, 1, NULL, NULL),
(397, 6, 53, '', '', 'CHIRIRBANDAR', 'চিরিরবন্দর', '30', 0, 1, 1, NULL, NULL),
(398, 6, 53, '', '', 'FULBARI', 'ফুলবাড়ী', '38', 0, 1, 1, NULL, NULL),
(399, 6, 53, '', '', 'GHORAGHAT', 'ঘোড়াঘাট', '43', 0, 1, 1, NULL, NULL),
(400, 6, 53, '', '', 'HAKIMPUR', 'হাকিমপুর', '47', 0, 1, 1, NULL, NULL),
(401, 6, 53, '', '', 'KAHAROLE', 'কাহারোল', '56', 0, 1, 1, NULL, NULL),
(402, 6, 53, '', '', 'KHANSAMA', 'খানসামা', '60', 0, 1, 1, NULL, NULL),
(403, 6, 53, '', '', 'NAWABGANJ', 'নবাবগঞ্জ', '69', 0, 1, 1, NULL, NULL),
(404, 6, 53, '', '', 'PARBATIPUR', 'পার্বতীপুর', '77', 0, 1, 1, NULL, NULL),
(405, 6, 53, '', '', 'DINAJPUR SADAR', 'দিনাজপুর সদর', '64', 0, 1, 1, NULL, NULL),
(406, 6, 54, '', '', 'FULCHHARI', 'ফুলছড়ি', '21', 0, 1, 1, NULL, NULL),
(407, 6, 54, '', '', 'GAIBANDHA SADAR', 'গাইবান্ধা সদর', '24', 0, 1, 1, NULL, NULL),
(408, 6, 54, '', '', 'GOBINDAGANJ', 'গোবিন্দগঞ্জ', '30', 0, 1, 1, NULL, NULL),
(409, 6, 54, '', '', 'PALASHBARI', 'পলাশবাড়ী', '67', 0, 1, 1, NULL, NULL),
(410, 6, 54, '', '', 'SADULLAPUR', 'সাদুল্লাপুর', '82', 0, 1, 1, NULL, NULL),
(411, 6, 54, '', '', 'SAGHATA', 'সাঘাটা', '88', 0, 1, 1, NULL, NULL),
(412, 6, 54, '', '', 'SUNDARGANJ', 'সুন্দরগঞ্জ', '91', 0, 1, 1, NULL, NULL),
(413, 6, 55, '', '', 'BHURUNGAMARI', 'ভুরুঙ্গামারী', '6', 0, 1, 1, NULL, NULL),
(414, 6, 55, '', '', 'CHAR RAJIBPUR', 'চর রাজিবপুর', '8', 0, 1, 1, NULL, NULL),
(415, 6, 55, '', '', 'CHILMARI', 'চিলমারী ', '9', 0, 1, 1, NULL, NULL),
(416, 6, 55, '', '', 'PHULBARI', 'ফুলবাড়ী', '18', 0, 1, 1, NULL, NULL),
(417, 6, 55, '', '', 'KURIGRAM SADAR', 'কুড়িগ্রাম সদর', '52', 0, 1, 1, NULL, NULL),
(418, 6, 55, '', '', 'NAGESHWARI', 'নাগেশ্বরী', '61', 0, 1, 1, NULL, NULL),
(419, 6, 55, '', '', 'RAJARHAT', 'রাজারহাট', '77', 0, 1, 1, NULL, NULL),
(420, 6, 55, '', '', 'RAUMARI', 'রৌমারী', '79', 0, 1, 1, NULL, NULL),
(421, 6, 55, '', '', 'ULIPUR', 'উলিপুর', '94', 0, 1, 1, NULL, NULL),
(422, 6, 56, '', '', 'ADITMARI', 'আদিতমারী', '2', 0, 1, 1, NULL, NULL),
(423, 6, 56, '', '', 'HATIBANDHA', 'হাতীবান্ধা', '33', 0, 1, 1, NULL, NULL),
(424, 6, 56, '', '', 'KALIGANJ', 'কালীগঞ্জ', '39', 0, 1, 1, NULL, NULL),
(425, 6, 56, '', '', 'LALMONIRHAT SADAR', 'লালমনিরহাট সদর', '55', 0, 1, 1, NULL, NULL),
(426, 6, 56, '', '', 'PATGRAM', 'পাটগ্রাম', '70', 0, 1, 1, NULL, NULL),
(427, 6, 57, '', '', 'DOMAR UPAZILA', 'ডোমার উপজেলা', '15', 0, 1, 1, NULL, NULL),
(428, 6, 57, '', '', 'JALDHAKA', 'জলঢাকা', '36', 0, 1, 1, NULL, NULL),
(429, 6, 57, '', '', 'KISHOREGANJ', 'কিশোরগঞ্জ', '45', 0, 1, 1, NULL, NULL),
(430, 6, 57, '', '', 'NILPHAMARI SADAR', 'নীলফামারী সদর', '64', 0, 1, 1, NULL, NULL),
(431, 6, 57, '', '', 'SAIDPUR UPAZILA', 'সৈয়দপুর উপজেলা', '85', 0, 1, 1, NULL, NULL),
(432, 6, 57, '', '', 'DIMLA', 'ডিমলা', '12', 0, 1, 1, NULL, NULL),
(433, 6, 58, '', '', 'ATWARI', 'আটোয়ারী', '4', 0, 1, 1, NULL, NULL),
(434, 6, 58, '', '', 'BODA', 'বোদা', '25', 0, 1, 1, NULL, NULL),
(435, 6, 58, '', '', 'DEBIGANJ', 'দেবীগঞ্জ', '34', 0, 1, 1, NULL, NULL),
(436, 6, 58, '', '', 'PANCHAGARH SADAR', 'পঞ্চগড় সদর', '73', 0, 1, 1, NULL, NULL),
(437, 6, 58, '', '', 'TENTULIA', 'তেতুলিয়া', '90', 0, 1, 1, NULL, NULL),
(438, 6, 59, '', '', 'BADARGANJ', 'বদরগঞ্জ', '3', 0, 1, 1, NULL, NULL),
(439, 6, 59, '', '', 'KAUNIA', 'কাউনিয়া', '42', 0, 1, 1, NULL, NULL),
(440, 6, 59, '', '', 'RANGPUR SADAR', 'রংপুর সদর', '49', 0, 1, 1, NULL, NULL),
(441, 6, 59, '', '', 'MITHA PUKUR', 'মিঠাপুকুর', '58', 0, 1, 1, NULL, NULL),
(442, 6, 59, '', '', 'PIRGACHHA', 'পীরগাছা', '73', 0, 1, 1, NULL, NULL),
(443, 6, 59, '', '', 'PIRGANJ', 'পীরগঞ্জ ', '76', 0, 1, 1, NULL, NULL),
(444, 6, 59, '', '', 'TARAGANJ', 'তারাগঞ্জ', '92', 0, 1, 1, NULL, NULL),
(445, 6, 59, '', '', 'GANGAHORA', 'গঙ্গাচড়া', '', 0, 1, 1, NULL, NULL),
(446, 6, 60, '', '', 'BALIADANGI', 'বালিয়াডাঙ্গী', '8', 0, 1, 1, NULL, NULL),
(447, 6, 60, '', '', 'HARIPUR', 'হরিপুর', '51', 0, 1, 1, NULL, NULL),
(448, 6, 60, '', '', 'PIRGANJ', 'পীরগঞ্জ', '82', 0, 1, 1, NULL, NULL),
(449, 6, 60, '', '', 'RANISANKAIL', 'রাণীশংকৈল', '86', 0, 1, 1, NULL, NULL),
(450, 6, 60, '', '', 'THAKURGAON SADAR', 'ঠাকুরগাঁও সদর', '94', 0, 1, 1, NULL, NULL),
(451, 7, 61, '', '', 'AJMIRIGANJ', 'আজমিরীগঞ্জ', '44', 0, 1, 1, NULL, NULL),
(452, 7, 61, '', '', 'BAHUBAL', 'বাহুবল ', '5', 0, 1, 1, NULL, NULL),
(453, 7, 61, '', '', 'BANIACHONG', 'বানিয়াচং ', '11', 0, 1, 1, NULL, NULL),
(454, 7, 61, '', '', 'CHUNARUGHAT', 'চুনারুঘাট ', '26', 0, 1, 1, NULL, NULL),
(455, 7, 61, '', '', 'HABIGANJ SADAR', 'হবিগঞ্জ সদর ', '44', 0, 1, 1, NULL, NULL),
(456, 7, 61, '', '', 'LAKHAI', 'লাখাই ', '68', 0, 1, 1, NULL, NULL),
(457, 7, 61, '', '', 'MADHABPUR', 'মাধবপুর ', '71', 0, 1, 1, NULL, NULL),
(458, 7, 61, '', '', 'NABIGANJ', 'নবীগঞ্জ ', '77', 0, 1, 1, NULL, NULL),
(459, 7, 62, '', '', 'BARLEKHA', 'বড়লেখা ', '14', 0, 1, 1, NULL, NULL),
(460, 7, 62, '', '', 'JURI', 'জুড়ী ', '35', 0, 1, 1, NULL, NULL),
(461, 7, 62, '', '', 'KAMALGANJ', 'কমলগঞ্জ ', '56', 0, 1, 1, NULL, NULL),
(462, 7, 62, '', '', 'KULAURA', 'কুলাউড়া ', '65', 0, 1, 1, NULL, NULL),
(463, 7, 62, '', '', 'MAULVIBAZAR SADAR', 'মৌলভীবাজার সদর ', '74', 0, 1, 1, NULL, NULL),
(464, 7, 62, '', '', 'RAJNAGAR', 'রাজনগর ', '80', 0, 1, 1, NULL, NULL),
(465, 7, 62, '', '', 'SREEMANGAL', 'শ্রীমঙ্গল', '83', 0, 1, 1, NULL, NULL),
(466, 7, 63, '', '', 'BISHWAMBARPUR', 'বিশ্বম্ভরপুর ', '18', 0, 1, 1, NULL, NULL),
(467, 7, 63, '', '', 'CHHATAK', 'ছাতক ', '23', 0, 1, 1, NULL, NULL),
(468, 7, 63, '', '', 'DERAI', 'দিরাই ', '29', 0, 1, 1, NULL, NULL),
(469, 7, 63, '', '', 'DHARAMPASHA', 'ধর্মপাশা ', '32', 0, 1, 1, NULL, NULL),
(470, 7, 63, '', '', 'DOWARABAZAR', 'দোয়ারাবাজার ', '33', 0, 1, 1, NULL, NULL),
(471, 7, 63, '', '', 'JAGANNATHPUR', 'জগন্নাথপুর ', '47', 0, 1, 1, NULL, NULL),
(472, 7, 63, '', '', 'JAMALGANJ', 'জামালগঞ্জ ', '50', 0, 1, 1, NULL, NULL),
(473, 7, 63, '', '', 'SULLA', 'শাল্লা ', '86', 0, 1, 1, NULL, NULL),
(474, 7, 63, '', '', 'SUNAMGANJ SADAR', 'সুনামগঞ্জ সদর ', '89', 0, 1, 1, NULL, NULL),
(475, 7, 63, '', '', 'TAHIRPUR', 'তাহিরপুর ', '92', 0, 1, 1, NULL, NULL),
(476, 7, 63, '', '', 'DAKSHIN  SUNAMGANJ', 'দক্ষিণ  সুনামগঞ্জ', '', 0, 1, 1, NULL, NULL),
(477, 7, 64, '', '', 'BALAGANJ', 'বালাগঞ্জ ', '8', 0, 1, 1, NULL, NULL),
(478, 7, 64, '', '', 'BEANI BAZAR', 'বিয়ানীবাজার ', '17', 0, 1, 1, NULL, NULL),
(479, 7, 64, '', '', 'BISHWANATH', 'বিশ্বনাথ ', '20', 0, 1, 1, NULL, NULL),
(480, 7, 64, '', '', 'COMPANIGANJ', 'কোম্পানীগঞ্জ ', '27', 0, 1, 1, NULL, NULL),
(481, 7, 64, '', '', 'DAKSHIN SURMA', 'দক্ষিণ সুরমা ', '31', 0, 1, 1, NULL, NULL),
(482, 7, 64, '', '', 'FENCHUGANJ', 'ফেঞ্চুগঞ্জ ', '35', 0, 1, 1, NULL, NULL),
(483, 7, 64, '', '', 'GOLAPGANJ', 'গোলাপগঞ্জ ', '38', 0, 1, 1, NULL, NULL),
(484, 7, 64, '', '', 'GOWAINGHAT', 'গোয়াইনঘাট ', '41', 0, 1, 1, NULL, NULL),
(485, 7, 64, '', '', 'JAINTIAPUR', 'জৈন্তাপুর ', '53', 0, 1, 1, NULL, NULL),
(486, 7, 64, '', '', 'KANAIGHAT', 'কানাইঘাট ', '59', 0, 1, 1, NULL, NULL),
(487, 7, 64, '', '', 'SYLHET SADAR', 'সিলেট সদর ', '62', 0, 1, 1, NULL, NULL),
(488, 7, 64, '', '', 'ZAKIGANJ', 'জকিগঞ্জ ', '94', 0, 1, 1, NULL, NULL),
(490, 7, 64, '', '', 'OSMANINAGAR', 'ওসমানীনগর ', '95', 0, 1, 1, NULL, NULL);

-- --------------------------------------------------------

--
-- Table structure for table `is_self_employeds`
--

CREATE TABLE `is_self_employeds` (
  `id` bigint(20) UNSIGNED NOT NULL,
  `title_eng` varchar(191) COLLATE utf8mb4_unicode_ci NOT NULL,
  `title_bng` varchar(191) COLLATE utf8mb4_unicode_ci NOT NULL,
  `status` tinyint(4) NOT NULL DEFAULT '3' COMMENT '0=Pending, 1=Delete, 2=Inactive, 3=active, 4=PreviousActive',
  `created_by` int(11) DEFAULT NULL,
  `modified_by` int(11) DEFAULT NULL,
  `created_at` timestamp NULL DEFAULT NULL,
  `updated_at` timestamp NULL DEFAULT NULL
) ENGINE=InnoDB DEFAULT CHARSET=utf8mb4 COLLATE=utf8mb4_unicode_ci;

--
-- Dumping data for table `is_self_employeds`
--

INSERT INTO `is_self_employeds` (`id`, `title_eng`, `title_bng`, `status`, `created_by`, `modified_by`, `created_at`, `updated_at`) VALUES
(1, 'Yes', 'হ্যাঁ', 3, NULL, NULL, NULL, NULL),
(2, 'No', 'না', 3, NULL, NULL, NULL, NULL);

-- --------------------------------------------------------

--
-- Table structure for table `khotians`
--

CREATE TABLE `khotians` (
  `id` int(11) NOT NULL,
  `division_id` int(100) NOT NULL,
  `district_id` int(110) NOT NULL,
  `upazila_id` int(100) NOT NULL,
  `union_id` int(100) NOT NULL,
  `khotian_no` int(100) NOT NULL DEFAULT '0',
  `dag_no` int(100) NOT NULL DEFAULT '0',
  `land_part` varchar(255) NOT NULL DEFAULT '0' COMMENT 'acre',
  `type` varchar(100) NOT NULL DEFAULT '0',
  `status` tinyint(11) NOT NULL DEFAULT '1'
) ENGINE=InnoDB DEFAULT CHARSET=utf8mb4;

--
-- Dumping data for table `khotians`
--

INSERT INTO `khotians` (`id`, `division_id`, `district_id`, `upazila_id`, `union_id`, `khotian_no`, `dag_no`, `land_part`, `type`, `status`) VALUES
(19, 2, 8, 48, 2373, 1, 505, '0.25', 'bari', 1),
(20, 2, 8, 48, 2373, 1, 506, '0.6', 'danga', 1),
(21, 6, 57, 432, 905, 1, 101, '0.25', 'bari', 1),
(22, 2, 8, 48, 2373, 2, 500, '0.25', 'Doba', 1),
(23, 1, 1, 1, 1440, 3, 111, '0.6', 'bari', 1),
(24, 1, 1, 1, 1440, 8, 101, '0.29', 'bari', 1),
(25, 1, 1, 1, 1440, 8, 500, '0.25', 'danga', 1),
(26, 1, 1, 1, 1440, 9, 902, '0.25', 'bari', 1);

-- --------------------------------------------------------

--
-- Table structure for table `logic_informations`
--

CREATE TABLE `logic_informations` (
  `id` bigint(20) UNSIGNED NOT NULL,
  `tracking_no` bigint(20) UNSIGNED NOT NULL,
  `division_id` smallint(5) UNSIGNED NOT NULL,
  `district_id` smallint(5) UNSIGNED NOT NULL,
  `upazila_id` smallint(5) UNSIGNED NOT NULL,
  `name` varchar(100) COLLATE utf8mb4_unicode_ci NOT NULL,
  `father_or_husband_name` varchar(100) COLLATE utf8mb4_unicode_ci NOT NULL,
  `present_address` text COLLATE utf8mb4_unicode_ci NOT NULL,
  `office_id` int(10) UNSIGNED NOT NULL,
  `joining_date` date NOT NULL,
  `end_date` date NOT NULL,
  `finance_amount` double(13,3) NOT NULL,
  `is_dropout` enum('Yes','No') COLLATE utf8mb4_unicode_ci NOT NULL,
  `status` tinyint(4) NOT NULL DEFAULT '3' COMMENT '0=Pending, 1=Delete, 2=Inactive, 3=active, 4=PreviousActive',
  `created_at` timestamp NULL DEFAULT NULL,
  `updated_at` timestamp NULL DEFAULT NULL
) ENGINE=InnoDB DEFAULT CHARSET=utf8mb4 COLLATE=utf8mb4_unicode_ci;

-- --------------------------------------------------------

--
-- Table structure for table `migrations`
--

CREATE TABLE `migrations` (
  `id` int(10) UNSIGNED NOT NULL,
  `migration` varchar(191) COLLATE utf8mb4_unicode_ci NOT NULL,
  `batch` int(11) NOT NULL
) ENGINE=InnoDB DEFAULT CHARSET=utf8mb4 COLLATE=utf8mb4_unicode_ci;

--
-- Dumping data for table `migrations`
--

INSERT INTO `migrations` (`id`, `migration`, `batch`) VALUES
(1, '2014_10_12_000000_create_users_table', 1),
(2, '2014_10_12_100000_create_password_resets_table', 1),
(3, '2017_07_11_093858_laratrust_setup_tables', 1),
(4, '2017_10_25_190625_create_posts_table', 1),
(5, '2019_06_08_092334_create_sessions_table', 1),
(6, '2019_06_08_094003_create_batch_numbers_table', 1),
(7, '2019_06_08_094825_create_blood_groups_table', 1),
(8, '2019_06_08_095144_create_religions_table', 1),
(9, '2019_06_08_095624_create_offices_table', 1),
(10, '2019_06_08_101124_create_applications_table', 1),
(11, '2019_06_08_165425_create_logic_informations_table', 1),
(12, '2019_06_12_023136_create_attachments_table', 1),
(13, '2019_06_18_132332_create_geo_divisions_table', 1),
(14, '2019_06_18_132448_create_geo_districts_table', 1),
(15, '2019_06_18_132536_create_geo_upazilas_table', 1),
(16, '2019_06_18_132606_create_geo_unions_table', 1),
(17, '2019_06_22_122342_create_genders_table', 1),
(18, '2019_06_22_125201_create_educational_qualifications_table', 1),
(19, '2019_06_24_101529_create_is_self_employed_table', 1),
(20, '2019_07_23_044030_create_sp_permission_table', 1),
(21, '2019_08_01_062045_create_user_profiles_table', 1),
(22, '2019_08_22_094646_add_file_name_to_applications', 1);

-- --------------------------------------------------------

--
-- Table structure for table `offices`
--

CREATE TABLE `offices` (
  `id` bigint(20) UNSIGNED NOT NULL,
  `title` varchar(191) COLLATE utf8mb4_unicode_ci NOT NULL,
  `created_at` timestamp NULL DEFAULT NULL,
  `updated_at` timestamp NULL DEFAULT NULL
) ENGINE=InnoDB DEFAULT CHARSET=utf8mb4 COLLATE=utf8mb4_unicode_ci;

-- --------------------------------------------------------

--
-- Table structure for table `owners`
--

CREATE TABLE `owners` (
  `id` int(11) NOT NULL,
  `division_id` int(100) NOT NULL,
  `district_id` int(100) NOT NULL,
  `upazila_id` int(100) NOT NULL,
  `union_id` int(100) NOT NULL,
  `khotian_no` int(100) NOT NULL,
  `owner_name` varchar(255) NOT NULL,
  `father_name` varchar(255) NOT NULL,
  `part` varchar(100) NOT NULL COMMENT 'total=1',
  `status` tinyint(11) NOT NULL DEFAULT '1'
) ENGINE=InnoDB DEFAULT CHARSET=utf8mb4;

--
-- Dumping data for table `owners`
--

INSERT INTO `owners` (`id`, `division_id`, `district_id`, `upazila_id`, `union_id`, `khotian_no`, `owner_name`, `father_name`, `part`, `status`) VALUES
(15, 2, 8, 48, 2373, 1, 'Abdul Kamal', 'Rokon', '0.3', 1),
(16, 2, 8, 48, 2373, 1, 'Shariful', 'Rokon', '0.5', 1),
(17, 2, 8, 48, 2373, 1, 'A. Kuddus', 'Jahin', '0.2', 1),
(18, 6, 57, 432, 905, 1, 'Shariful', 'Mofizur', '1', 1),
(19, 2, 8, 48, 2373, 2, 'A. Kuddus', 'Jahin', '1', 1),
(20, 1, 1, 1, 1440, 3, 'Abc', 'Rokon', '0.5', 1),
(21, 1, 1, 1, 1440, 3, 'Xyz', 'Jahin', '0.5', 1),
(22, 1, 1, 1, 1440, 8, 'Rakibvr', 'Rokon r', '1', 1),
(23, 1, 1, 1, 1440, 9, 'Rakib', 'Rokon', '0.5', 1),
(24, 1, 1, 1, 1440, 9, 'Abc', 'Jahin', '0.3', 1);

-- --------------------------------------------------------

--
-- Table structure for table `password_resets`
--

CREATE TABLE `password_resets` (
  `email` varchar(191) COLLATE utf8mb4_unicode_ci NOT NULL,
  `token` varchar(191) COLLATE utf8mb4_unicode_ci NOT NULL,
  `created_at` timestamp NULL DEFAULT NULL
) ENGINE=InnoDB DEFAULT CHARSET=utf8mb4 COLLATE=utf8mb4_unicode_ci;

-- --------------------------------------------------------

--
-- Table structure for table `permissions`
--

CREATE TABLE `permissions` (
  `id` int(10) UNSIGNED NOT NULL,
  `name` varchar(191) COLLATE utf8mb4_unicode_ci NOT NULL,
  `display_name_en` varchar(191) COLLATE utf8mb4_unicode_ci DEFAULT NULL,
  `display_name_bn` varchar(191) COLLATE utf8mb4_unicode_ci DEFAULT NULL,
  `created_at` timestamp NULL DEFAULT NULL,
  `updated_at` timestamp NULL DEFAULT NULL
) ENGINE=InnoDB DEFAULT CHARSET=utf8mb4 COLLATE=utf8mb4_unicode_ci;

--
-- Dumping data for table `permissions`
--

INSERT INTO `permissions` (`id`, `name`, `display_name_en`, `display_name_bn`, `created_at`, `updated_at`) VALUES
(1, 'UserController@index', 'Index Users', 'ইউজার ইনডেক্স দেখতে পারবে', '2019-09-18 06:46:13', '2019-09-18 07:52:24'),
(2, 'UserController@create', 'Create Users', 'ইউজার তৈরী করতে পারবে', '2019-09-18 06:46:13', '2019-09-18 07:49:11'),
(3, 'UserController@store', 'Store Users', 'ইউজার স্টোর করতে পারবে', '2019-09-18 06:46:13', '2019-09-18 07:50:18'),
(4, 'UserController@show', 'Show Users', 'ইউজারকে দেখতে পারবে', '2019-09-18 06:46:13', '2019-09-18 07:51:50'),
(5, 'UserController@edit', 'Edit User', 'ইউজার ইডিট', '2019-09-18 06:46:14', '2019-09-18 07:53:56'),
(6, 'UserController@update', 'Update User', 'ইউজার আপডেট', '2019-09-18 06:46:14', '2019-09-18 07:54:47'),
(7, 'UserController@destroy', 'Delete User', 'ইউজার ডিলিট', '2019-09-18 06:46:14', '2019-09-18 07:55:32'),
(13, 'ApplicationController@index', 'Application Index', 'আবেদনের ইনডেক্স', '2019-09-18 08:38:01', '2019-09-18 08:38:50'),
(14, 'ApplicationController@create', 'Create Application', 'আবেদন তৈরী করতে পারবে', '2019-09-18 08:43:38', '2019-09-18 08:43:38'),
(15, 'ApplicationController@store', 'Store Application', 'আবেদন স্টোর করতে পারবে', '2019-09-18 08:45:34', '2019-09-18 08:45:34'),
(16, 'ApplicationController@show', 'Show Application', 'আবেদন দেখতে পারবে', '2019-09-18 08:46:33', '2019-09-18 08:46:33'),
(17, 'ApplicationController@edit', 'Edit Application', 'আবেদন ইডিট করতে পারবে', '2019-09-18 08:47:34', '2019-09-18 08:47:34'),
(18, 'ApplicationController@update', 'Update Application', 'আবেদন আপডেট করতে পারবে', '2019-09-18 08:48:40', '2019-09-18 08:48:40'),
(19, 'ApplicationController@destroy', 'Delete Application', 'আবেদন ডিলিট করতে পারবে', '2019-09-18 08:50:07', '2019-09-18 08:50:07'),
(24, 'AttachmentController@index', 'Index Attachment', 'সংযুক্তির ইনডেক্স', '2019-09-18 08:55:08', '2019-09-18 08:55:08'),
(25, 'AttachmentController@create', 'Create Attachment', 'সংযুক্তির তৈরী করতে পারবে', '2019-09-18 08:56:27', '2019-09-18 08:56:27'),
(26, 'AttachmentController@store', 'Store Attachment', 'সংযুক্তি স্টোর করতে পারবে', '2019-09-18 08:57:44', '2019-09-18 08:57:44'),
(27, 'AttachmentController@show', 'Show Attachment', 'সংযুক্তির দেখতে পারবে', '2019-09-18 09:02:15', '2019-09-18 09:02:15'),
(28, 'AttachmentController@edit', 'Edit Attachment', 'সংযুক্তির মডিফাই করতে পারবে', '2019-09-18 09:03:16', '2019-09-18 09:03:16'),
(29, 'AttachmentController@update', 'Update Attachment', 'সংযুক্তি আপডেট করতে পারবে', '2019-09-18 09:04:05', '2019-09-18 09:04:05'),
(30, 'AttachmentController@destroy', 'Delete Attachment', 'সংযুক্তি ডিলিট করতে পারবে', '2019-09-18 09:04:47', '2019-09-18 09:04:47'),
(31, 'RoleController@index', 'Index Role', 'রোল ইনডেক্স', '2019-09-18 09:09:15', '2019-09-19 05:03:26'),
(32, 'RoleController@create', 'Create Role', 'রোল তৈরী করতে পারবে', '2019-09-18 09:11:06', '2019-09-19 05:03:58'),
(33, 'RoleController@store', 'Store Role', 'রোল স্টোর করতে পারবে', '2019-09-18 09:12:04', '2019-09-19 05:04:25'),
(34, 'RoleController@edit', 'Edit Role', 'রোল মডিফাই করতে পারবে', '2019-09-18 09:13:10', '2019-09-19 05:05:12'),
(35, 'RoleController@update', 'Update Role', 'রোল আপডেট করতে পারবে', '2019-09-18 09:14:06', '2019-09-19 05:05:28'),
(36, 'RoleController@show', '‍Show Role', 'রোল দেখতে পারবে', '2019-09-18 09:15:01', '2019-09-19 05:07:26'),
(37, 'ReportController@filter', 'Report Filter', 'রির্পোট ফিল্টার', '2019-09-18 09:16:48', '2019-09-19 05:13:43'),
(38, 'ReportController@reportApplication', 'Report Application', 'রির্পোট আবেদনপ্রত্র', '2019-09-18 09:19:04', '2019-09-19 05:15:04'),
(39, 'ReportController@attachFilter', 'Attach Filter', 'সংযুক্তি ফিল্টার', '2019-09-18 09:36:28', '2019-09-19 05:18:58'),
(40, 'ReportController@importExportView', 'Report Import Export', 'রির্পোট এর্মোপ্ট এক্সর্পোট', '2019-09-18 09:37:30', '2019-09-19 05:21:44'),
(41, 'ReportController@export', 'Report Excel Export', 'রির্পোট এক্সেল', '2019-09-18 09:38:42', '2019-09-19 05:23:00'),
(42, 'ReportController@import', 'Report File Import', 'রির্পোট এমর্পোট', '2019-09-18 09:40:43', '2019-09-19 05:25:08'),
(43, 'HomeController@index', 'Index Home', 'ইনডেক্স হোম', '2019-09-18 09:42:02', '2019-09-19 05:36:45'),
(44, 'HomeController@applications', 'Applications Home', 'হোম আবেদন', '2019-09-18 09:42:54', '2019-09-19 05:29:32'),
(45, 'HomeController@personalInfo', 'Personal Information Home', 'হোম পারসোনাল ইনফরমেশন', '2019-09-18 09:47:43', '2019-09-19 05:29:57'),
(46, 'HomeController@attachedInfo', 'Attached Information Home', 'হোম সংযুক্তি ইনফরমেশন', '2019-09-18 09:53:00', '2019-09-19 05:30:24'),
(71, 'PermissionController@index', 'Index Permission', 'পারমিশন ইনডেক্স', '2019-09-19 04:08:28', '2019-09-19 04:08:28'),
(72, 'PermissionController@create', 'Create Permission', 'পারমিশন এড করতে পারবে', '2019-09-19 04:09:45', '2019-09-19 04:09:45'),
(73, 'PermissionController@store', 'Store Permission', 'পারমিশন স্টোর করতে পারবে', '2019-09-19 04:11:03', '2019-09-19 04:11:03'),
(74, 'PermissionController@show', 'Show Permission', 'পারমিশন দেখতে পারবে', '2019-09-19 04:11:50', '2019-09-19 04:11:50'),
(75, 'PermissionController@edit', 'Edit Permission', 'পারমিশন মডিফাই করতে পারবে', '2019-09-19 04:12:31', '2019-09-19 04:12:31'),
(76, 'PermissionController@update', 'Update Permission', 'পারমিশন আপডেট করতে পারবে', '2019-09-19 04:13:13', '2019-09-19 04:13:13');

-- --------------------------------------------------------

--
-- Table structure for table `permission_role`
--

CREATE TABLE `permission_role` (
  `permission_id` int(10) UNSIGNED NOT NULL,
  `role_id` int(10) UNSIGNED NOT NULL
) ENGINE=InnoDB DEFAULT CHARSET=utf8mb4 COLLATE=utf8mb4_unicode_ci;

--
-- Dumping data for table `permission_role`
--

INSERT INTO `permission_role` (`permission_id`, `role_id`) VALUES
(1, 1),
(1, 2),
(1, 3),
(1, 4),
(2, 1),
(2, 2),
(2, 3),
(2, 4),
(3, 1),
(3, 2),
(3, 3),
(3, 4),
(4, 1),
(4, 2),
(4, 3),
(4, 4),
(5, 1),
(5, 2),
(5, 3),
(5, 4),
(6, 1),
(6, 2),
(6, 3),
(6, 4),
(7, 1),
(7, 2),
(7, 3),
(7, 4),
(13, 1),
(13, 2),
(13, 3),
(13, 4),
(14, 1),
(14, 2),
(14, 3),
(14, 4),
(15, 1),
(15, 2),
(15, 3),
(15, 4),
(16, 1),
(16, 2),
(16, 3),
(16, 4),
(17, 1),
(17, 2),
(17, 3),
(17, 4),
(18, 1),
(18, 2),
(18, 3),
(18, 4),
(19, 1),
(19, 2),
(19, 3),
(19, 4),
(24, 1),
(24, 2),
(24, 3),
(24, 4),
(25, 1),
(25, 2),
(25, 3),
(25, 4),
(26, 1),
(26, 2),
(26, 3),
(26, 4),
(27, 1),
(27, 2),
(27, 3),
(27, 4),
(28, 1),
(28, 2),
(28, 3),
(28, 4),
(29, 1),
(29, 2),
(29, 3),
(29, 4),
(30, 1),
(30, 2),
(30, 3),
(30, 4),
(31, 1),
(31, 2),
(31, 3),
(31, 4),
(32, 1),
(32, 2),
(32, 3),
(32, 4),
(33, 1),
(33, 2),
(33, 3),
(33, 4),
(34, 1),
(34, 2),
(34, 3),
(34, 4),
(35, 1),
(35, 2),
(35, 3),
(35, 4),
(36, 1),
(36, 2),
(36, 3),
(36, 4),
(37, 1),
(37, 2),
(37, 3),
(37, 4),
(38, 1),
(38, 2),
(38, 3),
(38, 4),
(39, 1),
(39, 2),
(39, 3),
(39, 4),
(40, 1),
(40, 2),
(40, 3),
(40, 4),
(41, 1),
(41, 2),
(41, 3),
(41, 4),
(42, 1),
(42, 2),
(42, 3),
(42, 4),
(43, 1),
(43, 2),
(43, 3),
(43, 4),
(44, 1),
(44, 2),
(44, 3),
(44, 4),
(45, 1),
(45, 2),
(45, 3),
(45, 4),
(46, 1),
(46, 2),
(46, 3),
(46, 4),
(71, 1),
(72, 1),
(73, 1),
(74, 1),
(75, 1),
(76, 1);

-- --------------------------------------------------------

--
-- Table structure for table `permission_user`
--

CREATE TABLE `permission_user` (
  `user_id` int(10) UNSIGNED NOT NULL,
  `permission_id` int(10) UNSIGNED NOT NULL,
  `team_id` int(10) UNSIGNED DEFAULT NULL,
  `user_type` varchar(191) COLLATE utf8mb4_unicode_ci NOT NULL
) ENGINE=InnoDB DEFAULT CHARSET=utf8mb4 COLLATE=utf8mb4_unicode_ci;

-- --------------------------------------------------------

--
-- Table structure for table `posts`
--

CREATE TABLE `posts` (
  `id` int(10) UNSIGNED NOT NULL,
  `slug` varchar(191) COLLATE utf8mb4_unicode_ci NOT NULL,
  `author_id` int(10) UNSIGNED NOT NULL,
  `title` varchar(191) COLLATE utf8mb4_unicode_ci NOT NULL,
  `excerpt` text COLLATE utf8mb4_unicode_ci NOT NULL,
  `content` longtext COLLATE utf8mb4_unicode_ci NOT NULL,
  `status` int(11) NOT NULL DEFAULT '1',
  `type` int(10) UNSIGNED NOT NULL DEFAULT '1',
  `comment_count` bigint(20) UNSIGNED NOT NULL DEFAULT '0',
  `published_at` datetime NOT NULL,
  `created_at` timestamp NULL DEFAULT NULL,
  `updated_at` timestamp NULL DEFAULT NULL
) ENGINE=InnoDB DEFAULT CHARSET=utf8mb4 COLLATE=utf8mb4_unicode_ci;

-- --------------------------------------------------------

--
-- Table structure for table `religions`
--

CREATE TABLE `religions` (
  `id` bigint(20) UNSIGNED NOT NULL,
  `title_eng` varchar(191) COLLATE utf8mb4_unicode_ci NOT NULL,
  `title_bng` varchar(191) COLLATE utf8mb4_unicode_ci NOT NULL,
  `status` tinyint(4) NOT NULL DEFAULT '3' COMMENT '0=Pending, 1=Delete, 2=Inactive, 3=active, 4=PreviousActive',
  `created_by` int(11) DEFAULT NULL,
  `modified_by` int(11) DEFAULT NULL,
  `created_at` timestamp NULL DEFAULT NULL,
  `updated_at` timestamp NULL DEFAULT NULL
) ENGINE=InnoDB DEFAULT CHARSET=utf8mb4 COLLATE=utf8mb4_unicode_ci;

--
-- Dumping data for table `religions`
--

INSERT INTO `religions` (`id`, `title_eng`, `title_bng`, `status`, `created_by`, `modified_by`, `created_at`, `updated_at`) VALUES
(1, 'Islam', 'ইসলাম', 3, NULL, NULL, NULL, NULL),
(2, 'Hindu', 'হিন্দু', 3, NULL, NULL, NULL, NULL),
(3, 'Buddha', 'বৈদ্ধ', 3, NULL, NULL, NULL, NULL),
(4, 'Christian', 'খ্রিক্ষ্টান', 3, NULL, NULL, NULL, NULL),
(5, 'Other', 'অন্যান্য', 3, NULL, NULL, NULL, NULL);

-- --------------------------------------------------------

--
-- Table structure for table `roles`
--

CREATE TABLE `roles` (
  `id` int(10) UNSIGNED NOT NULL,
  `name` varchar(191) COLLATE utf8mb4_unicode_ci NOT NULL,
  `display_name_en` varchar(191) COLLATE utf8mb4_unicode_ci DEFAULT NULL,
  `display_name_bn` varchar(191) COLLATE utf8mb4_unicode_ci DEFAULT NULL,
  `create_by` int(11) DEFAULT NULL,
  `update_by` int(11) DEFAULT NULL,
  `created_at` timestamp NULL DEFAULT NULL,
  `updated_at` timestamp NULL DEFAULT NULL
) ENGINE=InnoDB DEFAULT CHARSET=utf8mb4 COLLATE=utf8mb4_unicode_ci;

--
-- Dumping data for table `roles`
--

INSERT INTO `roles` (`id`, `name`, `display_name_en`, `display_name_bn`, `create_by`, `update_by`, `created_at`, `updated_at`) VALUES
(1, 'super_admin', 'Super Admin', 'সুপার এ্যাডমিন', NULL, NULL, '2019-09-18 06:46:13', '2019-09-18 06:46:13'),
(2, 'division_admin', 'Division Admin', 'বিভাগ এ্যাডমিন', NULL, NULL, '2019-09-18 06:46:15', '2019-09-18 06:46:15'),
(3, 'district_admin', 'District Admin', 'জেলা এ্যাডমিন', NULL, NULL, '2019-09-18 06:46:16', '2019-09-18 06:46:16'),
(4, 'upazila_admin', 'Upazila Admin', 'উপাজেলা এ্যাডমিন', NULL, NULL, '2019-09-18 06:46:17', '2019-09-18 06:46:17'),
(5, 'data_entry_user', 'Data Entry User', 'ডাটা এন্টি ইউজার', NULL, NULL, '2019-09-18 06:46:18', '2019-09-18 06:46:18');

-- --------------------------------------------------------

--
-- Table structure for table `role_user`
--

CREATE TABLE `role_user` (
  `user_id` int(10) UNSIGNED NOT NULL,
  `role_id` int(10) UNSIGNED NOT NULL,
  `team_id` int(10) UNSIGNED DEFAULT NULL,
  `user_type` varchar(191) COLLATE utf8mb4_unicode_ci NOT NULL
) ENGINE=InnoDB DEFAULT CHARSET=utf8mb4 COLLATE=utf8mb4_unicode_ci;

--
-- Dumping data for table `role_user`
--

INSERT INTO `role_user` (`user_id`, `role_id`, `team_id`, `user_type`) VALUES
(1, 1, NULL, 'App\\User'),
(2, 2, NULL, 'App\\User'),
(3, 3, NULL, 'App\\User'),
(4, 4, NULL, 'App\\User'),
(5, 5, NULL, 'App\\User');

-- --------------------------------------------------------

--
-- Table structure for table `sessions`
--

CREATE TABLE `sessions` (
  `id` bigint(20) UNSIGNED NOT NULL,
  `title_eng` varchar(191) COLLATE utf8mb4_unicode_ci NOT NULL,
  `title_bng` varchar(191) COLLATE utf8mb4_unicode_ci NOT NULL,
  `status` tinyint(4) NOT NULL DEFAULT '3' COMMENT '0=Pending, 1=Delete, 2=Inactive, 3=active, 4=PreviousActive',
  `created_by` int(11) DEFAULT NULL,
  `modified_by` int(11) DEFAULT NULL,
  `created_at` timestamp NULL DEFAULT NULL,
  `updated_at` timestamp NULL DEFAULT NULL
) ENGINE=InnoDB DEFAULT CHARSET=utf8mb4 COLLATE=utf8mb4_unicode_ci;

--
-- Dumping data for table `sessions`
--

INSERT INTO `sessions` (`id`, `title_eng`, `title_bng`, `status`, `created_by`, `modified_by`, `created_at`, `updated_at`) VALUES
(1, '2015-16', '২০১৫-১৬', 3, NULL, NULL, NULL, NULL),
(2, '2016-17', '২০১৬-১৭', 3, NULL, NULL, NULL, NULL),
(3, '2017-18', '২০১৭-১৮', 3, NULL, NULL, NULL, NULL),
(4, '2018-19', '২০১৮-১৯', 3, NULL, NULL, NULL, NULL),
(5, '2019-20', '২০১৯-২০', 3, NULL, NULL, NULL, NULL);

-- --------------------------------------------------------

--
-- Table structure for table `sp_permissions`
--

CREATE TABLE `sp_permissions` (
  `id` bigint(20) UNSIGNED NOT NULL,
  `user_id` int(11) NOT NULL,
  `division_id` int(11) DEFAULT NULL,
  `district_id` int(11) DEFAULT NULL,
  `upazila_id` int(11) DEFAULT NULL,
  `created_at` timestamp NULL DEFAULT NULL,
  `updated_at` timestamp NULL DEFAULT NULL
) ENGINE=InnoDB DEFAULT CHARSET=utf8mb4 COLLATE=utf8mb4_unicode_ci;

--
-- Dumping data for table `sp_permissions`
--

INSERT INTO `sp_permissions` (`id`, `user_id`, `division_id`, `district_id`, `upazila_id`, `created_at`, `updated_at`) VALUES
(1, 4, 5, 6, 7, NULL, NULL);

-- --------------------------------------------------------

--
-- Table structure for table `users`
--

CREATE TABLE `users` (
  `id` int(10) UNSIGNED NOT NULL,
  `name_en` varchar(191) COLLATE utf8mb4_unicode_ci NOT NULL,
  `name_bn` varchar(191) COLLATE utf8mb4_unicode_ci DEFAULT NULL,
  `division_id` int(11) DEFAULT NULL,
  `district_id` int(11) DEFAULT NULL,
  `upazila_id` int(11) DEFAULT NULL,
  `union_id` int(100) NOT NULL,
  `email` varchar(191) COLLATE utf8mb4_unicode_ci DEFAULT NULL,
  `password` varchar(191) COLLATE utf8mb4_unicode_ci NOT NULL,
  `contact_no` varchar(191) COLLATE utf8mb4_unicode_ci DEFAULT NULL,
  `otp_code` int(100) DEFAULT NULL,
  `nid` varchar(255) COLLATE utf8mb4_unicode_ci NOT NULL,
  `api_token` varchar(60) COLLATE utf8mb4_unicode_ci DEFAULT NULL,
  `remember_token` varchar(100) COLLATE utf8mb4_unicode_ci DEFAULT NULL,
  `created_at` timestamp NULL DEFAULT NULL,
  `updated_at` timestamp NULL DEFAULT NULL
) ENGINE=InnoDB DEFAULT CHARSET=utf8mb4 COLLATE=utf8mb4_unicode_ci;

--
-- Dumping data for table `users`
--

INSERT INTO `users` (`id`, `name_en`, `name_bn`, `division_id`, `district_id`, `upazila_id`, `union_id`, `email`, `password`, `contact_no`, `otp_code`, `nid`, `api_token`, `remember_token`, `created_at`, `updated_at`) VALUES
(1, 'Super Admin', 'Super Admin', 2, 8, 48, 2373, 'super_admin@app.com', '$2y$10$NdrkgTrAOYnZuEm8KrRdQ.yCzx.3koEZ4pvxQKgiZAxgtSDFo5Wvy', '01773592777', NULL, 'super_admin@app.com', '46836055fe9217fff02a1205876977ad6581b0df34b5e0a1a2917ddd13ee', NULL, '2019-07-30 06:03:01', '2019-12-03 03:55:24'),
(2, 'Division Admin', 'Division Admin', 5, 9, 1, 0, 'division_admin@app.com', '$2y$10$H417GMORkZLuqk6WMZ08vuBzXoLaknosEyulw8dYXmjTL9CsD1yDq', '1461674467', NULL, '0', 'e2b32a5604f75463ceded1ff17584090ec7247f4ec85c9705dbf492172fb', NULL, '2019-07-30 06:03:02', '2019-07-30 06:03:02'),
(3, 'District Admin', 'District Admin', 1, 4, 5, 0, 'district_admin@app.com', '$2y$10$n1lJRyrFPYVWyZrfC3NE8eq.hnkAVzpN7G/OT6.p0CihR3v0o4Cbu', '1416771939', NULL, '0', '7563212ff6fa3f7e5311b007aa25505520beef5acccaffe2abf235c3ccbb', NULL, '2019-07-30 06:03:03', '2019-07-30 06:03:03'),
(4, 'Data Entry User', 'Data Entry User', 5, 6, 7, 0, 'data_entry_user@app.com', '$2y$10$NdrkgTrAOYnZuEm8KrRdQ.yCzx.3koEZ4pvxQKgiZAxgtSDFo5Wvy', '1428851194', NULL, '0', 'adcfbdfac20332b319af4c4a2b55e9b83e223b99495bcb3b2a72955522f7', NULL, '2019-07-30 06:03:04', '2019-07-30 06:03:04'),
(5, 'Cru User', 'Cru User', 2, 3, 3, 0, 'cru_user@app.com', '$2y$10$D7xTlRkA0r57eZctS4CajuLuvFAXdf3NdOcUDwvf2fEpX5QSzBu4S', '1488822549', NULL, '0', NULL, 'yiNXVCoO3Q', '2019-07-30 06:03:05', '2019-07-30 06:03:05'),
(6, 'Md Asaduzzaman', 'Md Asaduzzaman', 1, 3, 55, 0, 'asad@gmail.com', '$2y$10$NdrkgTrAOYnZuEm8KrRdQ.yCzx.3koEZ4pvxQKgiZAxgtSDFo5Wvy', NULL, NULL, '0', NULL, NULL, '2019-07-30 22:19:01', '2019-07-30 22:19:01'),
(7, 'Md Asaduzzaman', 'Md Asaduzzaman', NULL, NULL, NULL, 0, 'asad44@gmail.com', '$2y$10$XI8i9a21hTI4Md/v/3Gl0.hGopOa6S/O2ftXARcKoo/EChj606Rdu', NULL, NULL, '0', NULL, NULL, '2019-08-01 00:54:13', '2019-08-01 00:54:13'),
(8, 'Mr X', 'Mr X', 2, 2, 2, 0, 'test11@gmail.com', '$2y$10$qznDZeG36qxMAKI885l8temAD00AFUZ6QwVBecvst3rbSQz/v5rby', '01933333333', NULL, '0', NULL, NULL, '2019-08-04 02:26:26', '2019-08-04 02:26:26'),
(9, 'Mr W', 'Mr W', 3, 3, 2, 0, 'test123@gmail.com', '$2y$10$k5MRrY24wne6/7y6CRTjs.4v7ZHlEaOhSTPHKtq/ZwGvK9LabWnGe', '01922222333', NULL, '0', NULL, NULL, '2019-08-04 02:51:13', '2019-08-04 02:51:13'),
(10, 'Mr A', 'Mr A', 1, 1, 1, 0, 'test1234@gmail.com', '$2y$10$lQBZPRUlw.qTt2W6BUR9yuOLJi/t45WZQRF5EVnZzefoOKmdpyTla', '01932222222', NULL, '0', NULL, NULL, '2019-08-04 02:53:44', '2019-08-04 02:53:44'),
(11, 'Mr CX', 'Mr CX', 2, 3, 2, 0, 'teste@gmail.com', '$2y$10$dBotK2ggZemsJoM8Q10W9eGL.tMIOoiaVSRS5VoloOs9CXN.eegb6', '01923111111', NULL, '0', NULL, NULL, '2019-08-04 07:27:43', '2019-08-04 07:27:43'),
(12, 'Mr XYX', 'Mr XYX', 3, 3, 3, 0, 'tets444@gmail.com', '$2y$10$Sv28bIrQzQ/ct/MOAzpLsuRA.hX12aVHh45/zHB090NyLghuK03AW', '01821212222', NULL, '0', NULL, NULL, '2019-08-04 07:29:10', '2019-08-04 07:29:10'),
(13, 'Mr XYCV', 'Mr XYCV', 1, 15, 14, 0, 'tester@gmail.com', '$2y$10$g7LYNnw34BKptAry1Rdc5uR6HvRxkQhze1l8/DDeI9k.updEs1Q0m', '01832222222', NULL, '0', NULL, NULL, '2019-08-04 07:30:54', '2019-08-04 07:30:54'),
(14, 'MD XYX', 'MD XYX', 2, 16, 15, 0, 'testww@gmail.com', '$2y$10$Tox3lRHMVhZb7TqQIUBlJ.pNPBYtTKFGkfx0as4d2Ybajz/UAeRJm', '01493333333', NULL, '0', NULL, NULL, '2019-08-04 07:32:34', '2019-08-04 07:32:34'),
(30, 'MR FSD', 'MR FSD', 3, 21, 7, 0, 'ahscse@gmail.com', '$2y$10$X5p0hV2e77TCdaspXxodauYG5lbXJLxKOp.0E5cTMmRLJtccAXeSK', '01432222223', NULL, '0', NULL, NULL, '2019-08-04 08:01:01', '2019-08-04 08:01:01'),
(38, 'Sohag Roy', NULL, 2, 8, 48, 2373, NULL, '$2y$10$NdrkgTrAOYnZuEm8KrRdQ.yCzx.3koEZ4pvxQKgiZAxgtSDFo5Wvy', '01773592770', NULL, '19957311219000300', NULL, NULL, '2019-10-11 19:04:04', '2019-12-03 03:51:15'),
(41, 'Shovo', NULL, 3, 18, 140, 3296, NULL, '$2y$10$GX1VVmL5RsxgES4IDXnrB.rAZo2ci2nu7eAgC8.hwm9g0hAnCBxOe', NULL, NULL, '12345678911', NULL, NULL, '2019-10-14 12:32:18', '2019-10-14 12:32:18'),
(42, 'dsfgdsf', NULL, 2, 7, 40, 2337, NULL, '$2y$10$yCWWWqrzAncGFauJ5VGSouPLWV4ljMUAFeBA8grVj/nPRCgFuQ.Di', NULL, NULL, '12345678912', NULL, NULL, '2019-10-14 12:35:17', '2019-10-14 12:35:17'),
(43, 'asad', NULL, 5, 48, 355, 229, NULL, '$2y$10$BEnwSJHNgzAqKJctTznk/uJ4XI4.opR.aSWMP59dwHMlU6qgPWgA2', NULL, NULL, '123456789', NULL, NULL, '2019-10-17 10:28:18', '2019-10-17 10:28:18'),
(45, 'kuddus', NULL, 1, 1, 1, 1440, NULL, '$2y$10$NdrkgTrAOYnZuEm8KrRdQ.yCzx.3koEZ4pvxQKgiZAxgtSDFo5Wvy', NULL, NULL, '123456789', NULL, NULL, '2019-10-17 13:33:21', '2019-10-17 13:33:21'),
(46, 'asdasd', NULL, 2, 7, 40, 2337, NULL, '$2y$10$GLD8RI8qhj3RBMlXUmQPVeNioifOAklGXdoLa5H3S4Gf5k5np1IBO', NULL, NULL, '12345678912345', NULL, NULL, '2019-10-17 13:37:39', '2019-10-17 13:37:39'),
(47, 'Rakib', NULL, 1, 1, 1, 1440, NULL, '$2y$10$94G8m21Zgf2IQJ3zAldmKuqRTXJtLRd/xteAhnuiPQsSzvy4S2QUm', NULL, NULL, '123456789123456', NULL, NULL, '2019-10-17 13:39:05', '2019-10-17 13:39:05'),
(48, 'Kamal', NULL, 1, 1, 1, 1440, NULL, '$2y$10$XW/DXWZhPzk0NvLNXxJmAetefjpm0ow7gcFjH7q14zJ7INz1tfP1K', NULL, NULL, '98765432112345', NULL, NULL, '2019-10-17 13:46:36', '2019-10-17 13:46:36'),
(50, 'Nur Alom', NULL, 5, 45, 331, 22, NULL, '$2y$10$NdrkgTrAOYnZuEm8KrRdQ.yCzx.3koEZ4pvxQKgiZAxgtSDFo5Wvy', '01234567891', NULL, '123456789123459', NULL, NULL, '2019-10-31 11:12:14', '2019-10-31 11:18:01');

-- --------------------------------------------------------

--
-- Table structure for table `user_profiles`
--

CREATE TABLE `user_profiles` (
  `id` bigint(20) UNSIGNED NOT NULL,
  `created_at` timestamp NULL DEFAULT NULL,
  `updated_at` timestamp NULL DEFAULT NULL
) ENGINE=InnoDB DEFAULT CHARSET=utf8mb4 COLLATE=utf8mb4_unicode_ci;

--
-- Indexes for dumped tables
--

--
-- Indexes for table `applications`
--
ALTER TABLE `applications`
  ADD PRIMARY KEY (`id`);

--
-- Indexes for table `attachments`
--
ALTER TABLE `attachments`
  ADD PRIMARY KEY (`id`);

--
-- Indexes for table `batch_numbers`
--
ALTER TABLE `batch_numbers`
  ADD PRIMARY KEY (`id`);

--
-- Indexes for table `blood_groups`
--
ALTER TABLE `blood_groups`
  ADD PRIMARY KEY (`id`);

--
-- Indexes for table `educational_qualifications`
--
ALTER TABLE `educational_qualifications`
  ADD PRIMARY KEY (`id`);

--
-- Indexes for table `genders`
--
ALTER TABLE `genders`
  ADD PRIMARY KEY (`id`);

--
-- Indexes for table `geo_districts`
--
ALTER TABLE `geo_districts`
  ADD PRIMARY KEY (`id`);

--
-- Indexes for table `geo_divisions`
--
ALTER TABLE `geo_divisions`
  ADD PRIMARY KEY (`id`);

--
-- Indexes for table `geo_unions`
--
ALTER TABLE `geo_unions`
  ADD PRIMARY KEY (`id`);

--
-- Indexes for table `geo_upazilas`
--
ALTER TABLE `geo_upazilas`
  ADD PRIMARY KEY (`id`);

--
-- Indexes for table `is_self_employeds`
--
ALTER TABLE `is_self_employeds`
  ADD PRIMARY KEY (`id`);

--
-- Indexes for table `khotians`
--
ALTER TABLE `khotians`
  ADD PRIMARY KEY (`id`);

--
-- Indexes for table `logic_informations`
--
ALTER TABLE `logic_informations`
  ADD PRIMARY KEY (`id`);

--
-- Indexes for table `migrations`
--
ALTER TABLE `migrations`
  ADD PRIMARY KEY (`id`);

--
-- Indexes for table `offices`
--
ALTER TABLE `offices`
  ADD PRIMARY KEY (`id`);

--
-- Indexes for table `owners`
--
ALTER TABLE `owners`
  ADD PRIMARY KEY (`id`);

--
-- Indexes for table `password_resets`
--
ALTER TABLE `password_resets`
  ADD KEY `password_resets_email_index` (`email`);

--
-- Indexes for table `permissions`
--
ALTER TABLE `permissions`
  ADD PRIMARY KEY (`id`),
  ADD UNIQUE KEY `permissions_name_unique` (`name`);

--
-- Indexes for table `permission_role`
--
ALTER TABLE `permission_role`
  ADD PRIMARY KEY (`permission_id`,`role_id`),
  ADD KEY `permission_role_role_id_foreign` (`role_id`);

--
-- Indexes for table `permission_user`
--
ALTER TABLE `permission_user`
  ADD PRIMARY KEY (`user_id`,`permission_id`,`user_type`),
  ADD KEY `permission_user_permission_id_foreign` (`permission_id`);

--
-- Indexes for table `posts`
--
ALTER TABLE `posts`
  ADD PRIMARY KEY (`id`),
  ADD UNIQUE KEY `posts_slug_unique` (`slug`),
  ADD KEY `posts_author_id_foreign` (`author_id`);

--
-- Indexes for table `religions`
--
ALTER TABLE `religions`
  ADD PRIMARY KEY (`id`);

--
-- Indexes for table `roles`
--
ALTER TABLE `roles`
  ADD PRIMARY KEY (`id`),
  ADD UNIQUE KEY `roles_name_unique` (`name`);

--
-- Indexes for table `role_user`
--
ALTER TABLE `role_user`
  ADD PRIMARY KEY (`user_id`,`role_id`,`user_type`),
  ADD KEY `role_user_role_id_foreign` (`role_id`);

--
-- Indexes for table `sessions`
--
ALTER TABLE `sessions`
  ADD PRIMARY KEY (`id`);

--
-- Indexes for table `sp_permissions`
--
ALTER TABLE `sp_permissions`
  ADD PRIMARY KEY (`id`);

--
-- Indexes for table `users`
--
ALTER TABLE `users`
  ADD PRIMARY KEY (`id`),
  ADD UNIQUE KEY `users_email_unique` (`email`),
  ADD UNIQUE KEY `users_contact_no_unique` (`contact_no`),
  ADD UNIQUE KEY `users_api_token_unique` (`api_token`);

--
-- Indexes for table `user_profiles`
--
ALTER TABLE `user_profiles`
  ADD PRIMARY KEY (`id`);

--
-- AUTO_INCREMENT for dumped tables
--

--
-- AUTO_INCREMENT for table `applications`
--
ALTER TABLE `applications`
  MODIFY `id` bigint(20) UNSIGNED NOT NULL AUTO_INCREMENT, AUTO_INCREMENT=11;

--
-- AUTO_INCREMENT for table `attachments`
--
ALTER TABLE `attachments`
  MODIFY `id` bigint(20) UNSIGNED NOT NULL AUTO_INCREMENT;

--
-- AUTO_INCREMENT for table `batch_numbers`
--
ALTER TABLE `batch_numbers`
  MODIFY `id` bigint(20) UNSIGNED NOT NULL AUTO_INCREMENT, AUTO_INCREMENT=5;

--
-- AUTO_INCREMENT for table `blood_groups`
--
ALTER TABLE `blood_groups`
  MODIFY `id` bigint(20) UNSIGNED NOT NULL AUTO_INCREMENT, AUTO_INCREMENT=9;

--
-- AUTO_INCREMENT for table `educational_qualifications`
--
ALTER TABLE `educational_qualifications`
  MODIFY `id` bigint(20) UNSIGNED NOT NULL AUTO_INCREMENT, AUTO_INCREMENT=7;

--
-- AUTO_INCREMENT for table `genders`
--
ALTER TABLE `genders`
  MODIFY `id` bigint(20) UNSIGNED NOT NULL AUTO_INCREMENT, AUTO_INCREMENT=4;

--
-- AUTO_INCREMENT for table `geo_districts`
--
ALTER TABLE `geo_districts`
  MODIFY `id` int(10) UNSIGNED NOT NULL AUTO_INCREMENT, AUTO_INCREMENT=65;

--
-- AUTO_INCREMENT for table `geo_divisions`
--
ALTER TABLE `geo_divisions`
  MODIFY `id` int(10) UNSIGNED NOT NULL AUTO_INCREMENT, AUTO_INCREMENT=9;

--
-- AUTO_INCREMENT for table `geo_unions`
--
ALTER TABLE `geo_unions`
  MODIFY `id` int(10) UNSIGNED NOT NULL AUTO_INCREMENT, AUTO_INCREMENT=4551;

--
-- AUTO_INCREMENT for table `geo_upazilas`
--
ALTER TABLE `geo_upazilas`
  MODIFY `id` int(10) UNSIGNED NOT NULL AUTO_INCREMENT, AUTO_INCREMENT=491;

--
-- AUTO_INCREMENT for table `is_self_employeds`
--
ALTER TABLE `is_self_employeds`
  MODIFY `id` bigint(20) UNSIGNED NOT NULL AUTO_INCREMENT, AUTO_INCREMENT=3;

--
-- AUTO_INCREMENT for table `khotians`
--
ALTER TABLE `khotians`
  MODIFY `id` int(11) NOT NULL AUTO_INCREMENT, AUTO_INCREMENT=27;

--
-- AUTO_INCREMENT for table `logic_informations`
--
ALTER TABLE `logic_informations`
  MODIFY `id` bigint(20) UNSIGNED NOT NULL AUTO_INCREMENT;

--
-- AUTO_INCREMENT for table `migrations`
--
ALTER TABLE `migrations`
  MODIFY `id` int(10) UNSIGNED NOT NULL AUTO_INCREMENT, AUTO_INCREMENT=23;

--
-- AUTO_INCREMENT for table `offices`
--
ALTER TABLE `offices`
  MODIFY `id` bigint(20) UNSIGNED NOT NULL AUTO_INCREMENT;

--
-- AUTO_INCREMENT for table `owners`
--
ALTER TABLE `owners`
  MODIFY `id` int(11) NOT NULL AUTO_INCREMENT, AUTO_INCREMENT=25;

--
-- AUTO_INCREMENT for table `permissions`
--
ALTER TABLE `permissions`
  MODIFY `id` int(10) UNSIGNED NOT NULL AUTO_INCREMENT, AUTO_INCREMENT=77;

--
-- AUTO_INCREMENT for table `posts`
--
ALTER TABLE `posts`
  MODIFY `id` int(10) UNSIGNED NOT NULL AUTO_INCREMENT;

--
-- AUTO_INCREMENT for table `religions`
--
ALTER TABLE `religions`
  MODIFY `id` bigint(20) UNSIGNED NOT NULL AUTO_INCREMENT, AUTO_INCREMENT=6;

--
-- AUTO_INCREMENT for table `roles`
--
ALTER TABLE `roles`
  MODIFY `id` int(10) UNSIGNED NOT NULL AUTO_INCREMENT, AUTO_INCREMENT=6;

--
-- AUTO_INCREMENT for table `sessions`
--
ALTER TABLE `sessions`
  MODIFY `id` bigint(20) UNSIGNED NOT NULL AUTO_INCREMENT, AUTO_INCREMENT=6;

--
-- AUTO_INCREMENT for table `sp_permissions`
--
ALTER TABLE `sp_permissions`
  MODIFY `id` bigint(20) UNSIGNED NOT NULL AUTO_INCREMENT, AUTO_INCREMENT=2;

--
-- AUTO_INCREMENT for table `users`
--
ALTER TABLE `users`
  MODIFY `id` int(10) UNSIGNED NOT NULL AUTO_INCREMENT, AUTO_INCREMENT=51;

--
-- AUTO_INCREMENT for table `user_profiles`
--
ALTER TABLE `user_profiles`
  MODIFY `id` bigint(20) UNSIGNED NOT NULL AUTO_INCREMENT;

--
-- Constraints for dumped tables
--

--
-- Constraints for table `permission_role`
--
ALTER TABLE `permission_role`
  ADD CONSTRAINT `permission_role_permission_id_foreign` FOREIGN KEY (`permission_id`) REFERENCES `permissions` (`id`) ON DELETE CASCADE ON UPDATE CASCADE,
  ADD CONSTRAINT `permission_role_role_id_foreign` FOREIGN KEY (`role_id`) REFERENCES `roles` (`id`) ON DELETE CASCADE ON UPDATE CASCADE;

--
-- Constraints for table `permission_user`
--
ALTER TABLE `permission_user`
  ADD CONSTRAINT `permission_user_permission_id_foreign` FOREIGN KEY (`permission_id`) REFERENCES `permissions` (`id`) ON DELETE CASCADE ON UPDATE CASCADE;

--
-- Constraints for table `posts`
--
ALTER TABLE `posts`
  ADD CONSTRAINT `posts_author_id_foreign` FOREIGN KEY (`author_id`) REFERENCES `users` (`id`) ON DELETE CASCADE;

--
-- Constraints for table `role_user`
--
ALTER TABLE `role_user`
  ADD CONSTRAINT `role_user_role_id_foreign` FOREIGN KEY (`role_id`) REFERENCES `roles` (`id`) ON DELETE CASCADE ON UPDATE CASCADE;
COMMIT;

/*!40101 SET CHARACTER_SET_CLIENT=@OLD_CHARACTER_SET_CLIENT */;
/*!40101 SET CHARACTER_SET_RESULTS=@OLD_CHARACTER_SET_RESULTS */;
/*!40101 SET COLLATION_CONNECTION=@OLD_COLLATION_CONNECTION */;
